order_id,date,strategy,symbol,lot_size,qty,in_time,app_in,real_in,entry_variance_pct,out_time,app_out,real_out,app_reason,real_reason,app_gross_pnl,real_gross_pnl,pnl_diff,charges,real_net_pnl,status
f8863976-ed41-4478-8267-6b8aad551147,2026-09-01,BANKNIFTY_HEIKIN_ASHI_BEARISH_1M_ATM,BANKNIFTY57400PE,30,30,09:46,595.54,593.2,0.4,11:13,475.96,474.56,STOP_LOSS,STOP_LOSS,-3587.548499999998,-3559.2,28.35,75.34,-3634.54,LEGIT
a0263328-c4ae-4bd3-9462-fc4a6f151579,2026-09-01,SENSEX_MACD_BEARISH_1M_ATM,SENSEX76800PE,20,20,10:01,257.06,567.8,54.7,11:14,205.44,454.24,STOP_LOSS,STOP_LOSS,-1032.3359999999998,-2271.2,-1238.86,55.29,-2326.49,DISTORTED_DATA
855ebcb4-8acc-459b-9e94-f6dd2b442e95,2026-09-01,SENSEX_HEIKIN_ASHI_BEARISH_1M_ATM,SENSEX76800PE,20,20,10:01,257.06,567.8,54.7,11:14,205.44,454.24,STOP_LOSS,STOP_LOSS,-1032.3359999999998,-2271.2,-1238.86,55.29,-2326.49,DISTORTED_DATA
f6aa8abb-c5c9-4ac6-bcc4-4c028c1fe6e5,2026-09-01,NIFTY_MACD_BEARISH_1M_ATM,NIFTY24050PE,65,65,10:16,37.19,214.45,82.7,11:15,29.72,171.56,STOP_LOSS,STOP_LOSS,-485.3647499999998,-2787.85,-2302.49,51.0,-2838.85,DISTORTED_DATA
7e55243e-28bf-4c7c-9850-62115048be60,2026-09-01,NIFTY_MACD_BEARISH_1M_ATM,NIFTY24050PE,65,65,13:16,33.98,200.0,83.0,14:56,27.16,237.24,STOP_LOSS,TRAILING_STOP,-443.55674999999974,2420.6,2864.16,50.68,2369.92,DISTORTED_DATA
1bd09779-76a4-4e5a-9b6b-c278b78b558e,2026-09-01,BANKNIFTY_MACD_BEARISH_1M_ATM,BANKNIFTY57500PE,30,30,13:16,584.08,568.8,2.7,15:15,599.08,697.35,TRAILING_STOP,TIME_EXIT,450.0,3856.5,3406.5,80.41,3776.09,LEGIT
5825703f-170c-4c14-a58e-00a302494280,2026-09-01,BANKNIFTY_HEIKIN_ASHI_BEARISH_1M_ATM,BANKNIFTY57500PE,30,30,13:16,584.08,568.8,2.7,15:15,599.08,697.35,TRAILING_STOP,TIME_EXIT,450.0,3856.5,3406.5,80.41,3776.09,LEGIT
46ccb66e-bcb8-477b-9988-dd6acb0df82c,2026-09-01,SENSEX_HEIKIN_ASHI_BEARISH_1M_ATM,SENSEX76900PE,20,20,13:16,248.45,524.9,52.7,15:15,398.2,650.0,TAKE_PROFIT,TIME_EXIT,2995.0360000000005,2502.0,-493.04,60.66,2441.34,DISTORTED_DATA
736c6cfb-8ef3-4a21-90ac-df51eb6f5ad6,2026-09-01,SENSEX_MACD_BEARISH_1M_ATM,SENSEX77000PE,20,20,13:31,270.52,580.0,53.4,15:15,420.25,700.0,TAKE_PROFIT,TIME_EXIT,2994.5950000000003,2400.0,-594.6,61.489999999999995,2338.51,DISTORTED_DATA
59efd99c-dbc4-499b-83df-717a041fa024,2026-09-02,SENSEX_HEIKIN_ASHI_BEARISH_1M_ATM,SENSEX76300PE,20,20,09:46,244.94,582.1,57.9,11:46,195.76,638.1,STOP_LOSS,TIME_EXIT,-983.6939999999993,1120.0,2103.69,54.92,1065.08,DISTORTED_DATA
a5a12951-39ed-4097-ac40-10070586e239,2026-09-02,NIFTY_HEIKIN_ASHI_BEARISH_1M_ATM,NIFTY23850PE,65,65,09:46,128.48,222.65,42.3,11:46,102.68,229.75,STOP_LOSS,TIME_EXIT,-1676.8927499999982,461.5,2138.39,60.36,401.14,DISTORTED_DATA
d0fd3d74-9685-4f7c-8eaf-14aba98c240b,2026-09-02,BANKNIFTY_HEIKIN_ASHI_BEARISH_1M_ATM,BANKNIFTY57000PE,30,30,09:46,600.25,579.1,3.7,11:46,599.45,601.4,TIME_EXIT,TIME_EXIT,-23.98949999999445,669.0,692.99,80.64,588.36,LEGIT
39d88b98-465c-4487-896c-7fb0f7aeb6de,2026-09-02,NIFTY_HEIKIN_ASHI_BEARISH_1M_ATM,NIFTY23850PE,65,65,11:16,126.13,225.2,44.0,13:16,100.8,202.95,STOP_LOSS,TIME_EXIT,-1646.1899999999987,-1446.25,199.94,60.12,-1506.37,DISTORTED_DATA
c9395687-3241-4d4f-9fc4-cff15771191b,2026-09-02,SENSEX_HEIKIN_ASHI_BEARISH_1M_ATM,SENSEX76300PE,20,20,11:16,237.69,626.85,62.1,13:16,189.96,545.05,STOP_LOSS,TIME_EXIT,-954.548999999999,-1636.0,-681.45,54.68,-1690.68,DISTORTED_DATA
f484cd5b-bbab-4746-80c1-1179cc8d7fd2,2026-09-02,BANKNIFTY_HEIKIN_ASHI_BEARISH_1M_ATM,BANKNIFTY57000PE,30,30,11:46,600.05,597.0,0.5,13:46,562.8,561.3,TIME_EXIT,TIME_EXIT,-1117.4835000000007,-1071.0,46.48,79.08,-1150.08,LEGIT
8d64178f-8cb8-4703-a1c2-4ebe8be7200e,2026-09-03,SENSEX_HEIKIN_ASHI_BEARISH_1M_ATM,SENSEX76700PE,20,20,10:46,123.47,592.3,79.2,12:18,123.47,592.3,TRAILING_STOP,TRAILING_STOP,0.0,0.0,0.0,51.8,-51.8,DISTORTED_DATA
87512cb2-535d-4d1b-b1ec-bb3011b6dc11,2026-09-03,NIFTY_HEIKIN_ASHI_BEARISH_1M_ATM,NIFTY23950PE,65,65,10:46,87.74,195.0,55.0,11:28,98.77,198.63,TRAILING_STOP,TRAILING_STOP,717.1027499999996,235.95,-481.15,58.82,177.13,DISTORTED_DATA
a4193f50-a04e-468a-b9de-78aaa1b3e4b1,2026-09-03,SENSEX_HEIKIN_ASHI_BEARISH_1M_ATM,SENSEX76800PE,20,20,11:01,166.87,590.15,71.7,13:01,233.38,656.95,TAKE_PROFIT,TIME_EXIT,1330.2659999999996,1336.0,5.73,55.28,1280.72,DISTORTED_DATA
c8f51910-058c-49bd-ad9a-560d517b38ce,2026-09-03,SENSEX_MACD_BEARISH_1M_ATM,SENSEX76600PE,20,20,12:31,123.57,600.0,79.4,14:31,98.76,555.3,STOP_LOSS,TIME_EXIT,-496.2689999999998,-894.0,-397.73,51.09,-945.09,DISTORTED_DATA
3c33ff38-0bc7-4a1a-8833-6e14ded4a509,2026-09-03,NIFTY_HEIKIN_ASHI_BEARISH_1M_ATM,NIFTY23900PE,65,65,12:31,90.24,203.0,55.5,14:31,79.75,191.35,TIME_EXIT,TIME_EXIT,-681.85975,-757.25,-75.39,57.150000000000006,-814.4,DISTORTED_DATA
7591e0fe-7852-46c1-a609-e6a18d03fdc3,2026-09-03,NIFTY_MACD_BEARISH_1M_ATM,NIFTY23900PE,65,65,12:31,90.24,203.0,55.5,14:31,79.75,191.35,TIME_EXIT,TIME_EXIT,-681.85975,-757.25,-75.39,57.150000000000006,-814.4,DISTORTED_DATA
8eb773e4-ad56-404d-a0e2-eb69457b6ac1,2026-09-07,NIFTY_HEIKIN_ASHI_BEARISH_1M_ATM,NIFTY23850PE,65,65,09:25,71.57,191.2,62.6,11:25,100.1,224.2,TAKE_PROFIT,TIME_EXIT,1854.3525000000004,2145.0,290.65,58.47,2086.53,DISTORTED_DATA
0a668581-2cbb-4325-8ff8-9910a308e7ec,2026-09-07,NIFTY_SUPERTREND_CMF_BEARISH_PE,NIFTY24050PE,65,65,09:25,215.06,287.8,25.3,11:25,249.45,328.0,TIME_EXIT,TIME_EXIT,2235.0347500000007,2613.0,377.97,76.34,2536.66,DISTORTED_DATA
fb2b8f42-e6b3-444f-8a66-dd19f2d3091c,2026-09-07,BANKNIFTY_HEIKIN_ASHI_BEARISH_1M_ATM,BANKNIFTY57200PE,30,30,09:25,547.35,546.65,0.1,11:25,573.6,573.0,TIME_EXIT,TIME_EXIT,787.5960000000032,790.5,2.9,78.85,711.65,LEGIT
90ad5f57-5e54-43bb-ab63-e0aac4d8173e,2026-09-07,BANKNIFTY_HEIKIN_ASHI_BEARISH_5M_ITM,BANKNIFTY57700PE,30,30,09:25,785.48,779.0,0.8,11:25,814.2,811.1,TIME_EXIT,TIME_EXIT,861.4590000000021,963.0,101.54,92.22,870.78,LEGIT
b02d33cc-42bb-439b-ac2f-46a2f158e72e,2026-09-07,BANKNIFTY_DUAL_SUPERTREND_BB_PE,BANKNIFTY57700PE,30,30,09:25,785.48,779.0,0.8,11:25,814.2,811.1,TIME_EXIT,TIME_EXIT,861.4590000000021,963.0,101.54,92.22,870.78,LEGIT
dfaed065-28f2-40c0-bcda-3c24ed7a9100,2026-09-07,NIFTY_VWAP_POC_BREAKDOWN_PE,NIFTY24050PE,65,65,09:25,215.06,287.8,25.3,11:25,249.45,328.0,TIME_EXIT,TIME_EXIT,2235.0347500000007,2613.0,377.97,76.34,2536.66,DISTORTED_DATA
c5ba8fda-d4ef-4a69-a287-f487a4947e26,2026-09-07,NIFTY_HEIKIN_ASHI_BEARISH_5M_ITM,NIFTY24050PE,65,65,09:25,215.06,287.8,25.3,11:25,249.45,328.0,TIME_EXIT,TIME_EXIT,2235.0347500000007,2613.0,377.97,76.34,2536.66,DISTORTED_DATA
96d556da-e18c-4bf9-ba07-acef320604f4,2026-09-07,SENSEX_HEIKIN_ASHI_BEARISH_1M_ATM,SENSEX76400PE,20,20,09:25,357.96,595.0,39.8,11:25,429.55,608.45,TIME_EXIT,TIME_EXIT,1431.848000000001,269.0,-1162.85,62.53,206.47,DISTORTED_DATA
5b97c556-9c59-4945-b1a6-ad386e7fd130,2026-09-07,SENSEX_HEIKIN_ASHI_BEARISH_5M_ITM,SENSEX76800PE,20,20,09:25,588.69,726.4,19.0,11:25,678.3,849.0,TIME_EXIT,TIME_EXIT,1792.2379999999998,2452.0,659.76,71.61,2380.39,DISTORTED_DATA
d3542c44-1876-45d7-bbf5-5389b56c9c1d,2026-09-07,SENSEX_OI_LONG_UNWINDING_PE,SENSEX76300PE,20,20,09:27,326.53,520.0,37.2,11:27,381.55,589.55,TIME_EXIT,TIME_EXIT,1100.476000000001,1391.0,290.52,60.900000000000006,1330.1,DISTORTED_DATA
f8caed7c-5b86-4864-9ca1-2b0dce8294a0,2026-09-07,SENSEX_ORB_BEARISH_5M_ITM,SENSEX76700PE,20,20,09:49,542.09,689.2,21.3,11:49,612.05,768.1,TIME_EXIT,TIME_EXIT,1399.1690000000017,1578.0,178.83,69.33,1508.67,DISTORTED_DATA
a911ff4a-75ec-40d7-920f-beb4ed590bc1,2026-09-07,SENSEX_ORB_BEARISH_1M_ATM,SENSEX76300PE,20,20,09:49,324.37,532.9,39.1,11:49,379.4,600.15,TIME_EXIT,TIME_EXIT,1100.5190000000005,1345.0,244.48,60.82000000000001,1284.18,DISTORTED_DATA
75a5e5df-4d2b-4226-b35e-88bafd5eac08,2026-09-07,NIFTY_ORB_BEARISH_5M_ITM,NIFTY24000PE,65,65,09:53,176.73,265.0,33.3,11:53,198.05,292.05,TIME_EXIT,TIME_EXIT,1386.0242500000006,1758.25,372.23,70.49,1687.76,DISTORTED_DATA
02c1ee89-bc35-4876-bf65-b42181d71444,2026-09-07,BANKNIFTY_ORB_BEARISH_1M_ATM,BANKNIFTY57100PE,30,30,10:14,533.78,521.55,2.3,12:14,520.05,511.8,TIME_EXIT,TIME_EXIT,-411.99749999999995,-292.5,119.5,76.39,-368.89,LEGIT
89fdee17-8610-4c61-9ffa-ab63e4cc222d,2026-09-07,BANKNIFTY_ORB_BEARISH_5M_ITM,BANKNIFTY57600PE,30,30,10:14,767.47,751.0,2.2,12:14,749.2,736.75,TIME_EXIT,TIME_EXIT,-548.000999999997,-427.5,120.5,89.22,-516.72,LEGIT
4b8d3bc9-a09d-426d-8f21-241c345eadd8,2026-09-07,NIFTY_HEIKIN_ASHI_BEARISH_1M_ATM,NIFTY23750PE,65,65,11:25,47.25,180.05,73.8,13:25,47.25,181.0,TRAILING_STOP,TIME_EXIT,0.0,61.75,61.75,52.900000000000006,8.85,DISTORTED_DATA
c0c2b434-0308-4494-a9f8-8025c605b480,2026-09-07,SENSEX_HEIKIN_ASHI_BEARISH_1M_ATM,SENSEX76100PE,20,20,11:25,288.29,490.0,41.2,13:25,288.29,541.7,TRAILING_STOP,TIME_EXIT,0.0,1034.0,1034.0,57.92,976.08,DISTORTED_DATA
ef6f6820-a809-49fd-811f-416bf048dcaf,2026-09-07,BANKNIFTY_HEIKIN_ASHI_BEARISH_1M_ATM,BANKNIFTY57100PE,30,30,11:25,533.48,525.65,1.5,13:25,531.3,524.75,TIME_EXIT,TIME_EXIT,-65.48850000000016,-27.0,38.49,76.87,-103.87,LEGIT
830b9edb-2c30-43f3-8f04-da6170b18015,2026-09-07,SENSEX_OI_LONG_UNWINDING_PE,SENSEX76100PE,20,20,11:27,293.74,490.0,40.1,13:27,293.74,541.7,TRAILING_STOP,TIME_EXIT,0.0,1034.0,1034.0,58.129999999999995,975.87,DISTORTED_DATA
9b5b6f82-25e8-4c90-9ae0-64c1cd961c3b,2026-09-07,NIFTY_VWAP_POC_BREAKDOWN_PE,NIFTY23950PE,65,65,11:30,166.27,272.8,39.1,13:30,159.4,268.55,TIME_EXIT,TIME_EXIT,-446.2964999999974,-276.25,170.05,66.65,-342.9,DISTORTED_DATA
d77b26cc-1cad-41b4-ab95-9c90fb948642,2026-09-07,NIFTY_HEIKIN_ASHI_BEARISH_5M_ITM,NIFTY23950PE,65,65,11:31,166.67,274.15,39.2,13:31,162.7,268.4,TIME_EXIT,TIME_EXIT,-257.82249999999976,-373.75,-115.93,66.96000000000001,-440.71,DISTORTED_DATA
10ed8d89-72d9-4c77-b3f7-26a1db85c343,2026-09-07,SENSEX_HEIKIN_ASHI_BEARISH_5M_ITM,SENSEX76500PE,20,20,11:31,492.24,678.3,27.4,13:31,490.4,690.0,TIME_EXIT,TIME_EXIT,-36.83499999999981,234.0,270.83,65.46,168.54,DISTORTED_DATA
376d2ae4-23ab-4c89-9d51-c52fe365b226,2026-09-07,BANKNIFTY_RESISTANCE_REJECTION_5M_ITM,BANKNIFTY57600PE,30,30,11:57,758.01,746.15,1.6,13:57,702.45,698.3,TIME_EXIT,TIME_EXIT,-1666.7174999999952,-1435.5,231.22,87.1,-1522.6,LEGIT
da134ca1-610a-41ff-9837-4d98de4c6ce0,2026-09-07,BANKNIFTY_GAMMA_WALL_BREAKOUT_PE,BANKNIFTY57600PE,30,30,11:57,758.01,746.15,1.6,13:57,702.45,698.3,TIME_EXIT,TIME_EXIT,-1666.7174999999952,-1435.5,231.22,87.1,-1522.6,LEGIT
fd9b88cf-4646-44ef-9567-91f7c44e85b9,2026-09-07,NIFTY_RESISTANCE_REJECTION_5M_ITM,NIFTY23950PE,65,65,12:11,150.5,264.7,43.1,14:11,158.03,256.35,TRAILING_STOP,TIME_EXIT,489.12613750000116,-542.75,-1031.88,66.08,-608.83,DISTORTED_DATA
6564f535-f3c8-4ea6-968f-14eb68ec7e85,2026-09-07,BANKNIFTY_HEIKIN_ASHI_BEARISH_5M_ITM,BANKNIFTY57500PE,30,30,12:26,719.07,714.95,0.6,14:26,646.55,649.2,TIME_EXIT,TIME_EXIT,-2175.5504999999985,-1972.5,203.05,84.22,-2056.72,LEGIT
14f272dc-dd88-424d-ba51-02aed6d6b071,2026-09-07,SENSEX_BB_SQUEEZE_EXPLOSION_PE,SENSEX76400PE,20,20,12:56,475.12,654.25,27.4,14:56,379.72,615.0,STOP_LOSS,TIME_EXIT,-1908.0929999999978,-785.0,1123.09,62.17,-847.17,DISTORTED_DATA
20e88ec0-a24d-49d8-8daa-e052877f4be1,2026-09-07,NIFTY_RESISTANCE_REJECTION_5M_ITM,NIFTY23950PE,65,65,13:28,159.81,271.05,41.0,15:15,154.15,268.4,EOD_SQUARE_OFF,TIME_EXIT,-367.87724999999807,-172.25,195.63,65.98,-238.23,DISTORTED_DATA
1476181e-5e1e-4eff-8df6-86ed0b03f977,2026-09-07,SENSEX_RESISTANCE_REJECTION_5M_ITM,SENSEX76500PE,20,20,13:41,482.68,686.35,29.7,15:15,464.45,667.35,EOD_SQUARE_OFF,TIME_EXIT,-364.6439999999984,-380.0,-15.36,64.63,-444.63,DISTORTED_DATA
cd1e0153-d955-456b-b024-8ac103b087b6,2026-09-07,SENSEX_OI_SHORT_SQUEEZE_CE,SENSEX76100CE,20,20,13:47,470.12,980.0,52.0,15:15,459.85,965.0,EOD_SQUARE_OFF,TIME_EXIT,-205.39299999999798,-300.0,-94.61,64.38,-364.38,DISTORTED_DATA
0cc786ca-230a-432d-ae14-599b9aebff50,2026-09-07,BANKNIFTY_ORB_BEARISH_1M_ATM,BANKNIFTY57100PE,30,30,13:55,483.28,485.05,0.4,15:15,517.15,521.5,EOD_SQUARE_OFF,TIME_EXIT,1016.0160000000008,1093.5,77.48,75.57,1017.93,LEGIT
f72dbc45-6138-4fc1-88aa-4579cba1239f,2026-09-07,BANKNIFTY_ORB_BEARISH_5M_ITM,BANKNIFTY57600PE,30,30,13:55,703.55,704.6,0.1,15:15,749.6,756.3,EOD_SQUARE_OFF,TIME_EXIT,1381.414500000003,1551.0,169.59,88.38,1462.62,LEGIT
de5d3f66-7d6c-482d-91ab-29b2f2fbed81,2026-09-07,NIFTY_VWAP_POC_PULLBACK_CE,NIFTY23600CE,65,65,13:56,246.8,435.1,43.3,15:15,228.1,409.55,EOD_SQUARE_OFF,TIME_EXIT,-1215.2757500000002,-1660.75,-445.47,75.29,-1736.04,DISTORTED_DATA
a27f4ff2-d430-4503-854d-13f40c5bddc5,2026-09-07,BANKNIFTY_GAMMA_WALL_BREAKOUT_PE,BANKNIFTY57600PE,30,30,13:57,703.15,704.05,0.1,15:15,749.6,756.3,EOD_SQUARE_OFF,TIME_EXIT,1393.4265000000028,1567.5,174.07,88.38,1479.12,LEGIT
8017adf2-bac0-406a-a4c3-52a1ad85ce70,2026-09-07,BANKNIFTY_RESISTANCE_REJECTION_5M_ITM,BANKNIFTY57600PE,30,30,14:09,713.71,705.6,1.1,15:15,749.6,756.3,EOD_SQUARE_OFF,TIME_EXIT,1076.6100000000017,1521.0,444.39,88.52,1432.48,LEGIT
062a87a2-fd28-40b4-bf63-e89ab602d1bb,2026-09-07,SENSEX_OI_SHORT_SQUEEZE_CE,SENSEX76100CE,20,20,15:15,447.4,965.0,53.6,15:15,446.9,965.0,EOD_SQUARE_OFF,TIME_EXIT,-9.938999999999396,0.0,9.94,63.81,-63.81,DISTORTED_DATA
ad71f720-f029-4005-be8e-51cde1e768b0,2026-09-08,SENSEX_OI_LONG_UNWINDING_PE,SENSEX75800PE,20,20,09:25,270.42,503.0,46.2,11:25,270.42,517.4,TRAILING_STOP,TIME_EXIT,0.0,288.0,288.0,57.25,230.75,DISTORTED_DATA
b59f4154-e4d4-44d1-a171-5ac19c4a5e86,2026-09-08,NIFTY_SUPERTREND_CMF_BEARISH_PE,NIFTY23900PE,65,65,09:25,212.71,292.7,27.3,11:25,218.0,290.4,TIME_EXIT,TIME_EXIT,343.6875000000015,-149.5,-493.19,73.36,-222.86,DISTORTED_DATA
aa20b33e-b18b-43e0-aee8-fd4798a3426c,2026-09-08,BANKNIFTY_HEIKIN_ASHI_BEARISH_5M_ITM,BANKNIFTY57500PE,30,30,09:26,756.16,781.55,3.2,11:26,771.16,767.95,TRAILING_STOP,TIME_EXIT,450.0,-408.0,-858.0,89.99000000000001,-497.99,LEGIT
2547c1ec-6e5a-4afe-8f1f-dc1b8757cad0,2026-09-08,SENSEX_HEIKIN_ASHI_BEARISH_5M_ITM,SENSEX76300PE,20,20,09:26,560.21,733.35,23.6,11:26,560.21,733.3,TRAILING_STOP,TIME_EXIT,0.0,-1.0,-1.0,68.02,-69.02,DISTORTED_DATA
28225576-f7e1-4d44-8fbc-ed6e4ccffcd0,2026-09-08,NIFTY_HEIKIN_ASHI_BEARISH_5M_ITM,NIFTY23900PE,65,65,09:26,210.46,293.15,28.2,11:26,210.8,289.6,TIME_EXIT,TIME_EXIT,22.083750000002453,-230.75,-252.83,72.64,-303.39,DISTORTED_DATA
e2adad12-e6f5-4578-bb64-f62ab983e473,2026-09-08,NIFTY_VWAP_POC_BREAKDOWN_PE,NIFTY23900PE,65,65,09:28,215.21,291.95,26.3,11:28,211.55,289.95,TIME_EXIT,TIME_EXIT,-238.22499999999764,-130.0,108.22,72.86,-202.86,DISTORTED_DATA
558b1392-0e6b-4056-94b7-af30d5c161a0,2026-09-08,BANKNIFTY_HEIKIN_ASHI_BEARISH_1M_ATM,BANKNIFTY56900PE,30,30,09:31,510.86,501.45,1.9,11:31,499.3,500.0,TIME_EXIT,TIME_EXIT,-346.81049999999914,-43.5,303.31,75.2,-118.7,LEGIT
e6bfbe03-dade-4749-a880-c42a194509a0,2026-09-08,BANKNIFTY_ORB_BEARISH_1M_ATM,BANKNIFTY56900PE,30,30,09:43,508.51,501.75,1.3,11:43,510.3,511.2,TIME_EXIT,TIME_EXIT,53.760000000002606,283.5,229.74,75.64,207.86,LEGIT
3ae104c7-cab5-438d-a7b0-d30738e7c21e,2026-09-08,BANKNIFTY_ORB_BEARISH_5M_ITM,BANKNIFTY57400PE,30,30,09:43,738.29,729.7,1.2,11:43,745.0,746.5,TIME_EXIT,TIME_EXIT,201.3735000000031,504.0,302.63,88.65,415.35,LEGIT
c0107cb4-44de-4173-b68a-094e090d45d6,2026-09-08,SENSEX_MACD_BEARISH_1M_ATM,SENSEX75800PE,20,20,09:46,278.08,523.25,46.9,11:46,222.24,519.3,STOP_LOSS,TIME_EXIT,-1116.7559999999992,-79.0,1037.76,55.959999999999994,-134.96,DISTORTED_DATA
17281674-bab5-47e1-8668-e574f687bd20,2026-09-08,SENSEX_HEIKIN_ASHI_BEARISH_1M_ATM,SENSEX75800PE,20,20,09:46,278.08,523.25,46.9,11:46,222.24,519.3,STOP_LOSS,TIME_EXIT,-1116.7559999999992,-79.0,1037.76,55.959999999999994,-134.96,DISTORTED_DATA
6f7111cc-3702-4713-8dde-5abeff9c78a4,2026-09-08,BANKNIFTY_MACD_BEARISH_1M_ATM,BANKNIFTY56900PE,30,30,09:46,512.61,513.0,0.1,11:46,502.5,503.35,TIME_EXIT,TIME_EXIT,-303.36299999999824,-289.5,13.86,75.37,-364.87,LEGIT
eff530cb-6ab5-4fee-ae7f-d0ea36f55e3c,2026-09-08,BANKNIFTY_HEIKIN_ASHI_BEARISH_5M_ITM,BANKNIFTY57400PE,30,30,09:51,731.73,735.35,0.5,11:51,731.73,747.05,TRAILING_STOP,TIME_EXIT,0.0,351.0,351.0,87.99000000000001,263.01,LEGIT
fc7aecdd-fce2-42d0-a696-317f0eacfb54,2026-09-08,NIFTY_ORB_BEARISH_5M_ITM,NIFTY23850PE,65,65,09:59,177.88,266.0,33.1,11:59,142.16,271.6,STOP_LOSS,TIME_EXIT,-2321.650499999999,364.0,2685.65,65.41,298.59,DISTORTED_DATA
e81294c5-b9a6-4204-8f3a-3f33c689916d,2026-09-08,SENSEX_ORB_BEARISH_1M_ATM,SENSEX75700PE,20,20,10:04,247.9,480.65,48.4,12:04,198.12,500.0,STOP_LOSS,TIME_EXIT,-995.5529999999993,387.0,1382.55,55.0,332.0,DISTORTED_DATA
eaa78c14-ef78-447f-9bc1-2ca2bb02f231,2026-09-08,SENSEX_ORB_BEARISH_5M_ITM,SENSEX76200PE,20,20,10:04,526.53,690.0,23.7,12:04,420.8,722.0,STOP_LOSS,TIME_EXIT,-2114.5199999999986,640.0,2754.52,63.79,576.21,DISTORTED_DATA
69dc240f-2603-46c3-b3b9-17fe874eb1a6,2026-09-08,SENSEX_HEIKIN_ASHI_BEARISH_5M_ITM,SENSEX76200PE,20,20,10:06,529.28,717.85,26.3,12:06,423.0,729.35,STOP_LOSS,TIME_EXIT,-2125.574999999999,230.0,2355.57,63.870000000000005,166.13,DISTORTED_DATA
80ce2190-dbf0-441d-9e34-fbecd3b6fdc3,2026-09-08,SENSEX_OI_LONG_UNWINDING_PE,SENSEX75800PE,20,20,10:10,265.72,520.0,48.9,12:10,265.72,542.0,TRAILING_STOP,TIME_EXIT,0.0,440.0,440.0,57.09,382.91,DISTORTED_DATA
57b6b170-16c9-4a5f-ac60-83322635d9f6,2026-09-08,SENSEX_OI_SHORT_SQUEEZE_CE,SENSEX75900CE,20,20,10:15,360.16,833.55,56.8,12:15,287.84,777.0,STOP_LOSS,TIME_EXIT,-1446.3959999999986,-1131.0,315.4,58.55,-1189.55,DISTORTED_DATA
2b6285dc-8128-49f4-a724-0e44774118d7,2026-09-08,NIFTY_RESISTANCE_REJECTION_5M_ITM,NIFTY23900PE,65,65,10:18,194.89,275.15,29.2,12:18,209.89,307.75,TRAILING_STOP,TIME_EXIT,975.0,2119.0,1144.0,72.12,2046.88,DISTORTED_DATA
290fdbad-7d2e-4271-ac5a-a7559662cc84,2026-09-08,SENSEX_RESISTANCE_REJECTION_5M_ITM,SENSEX76300PE,20,20,10:19,525.42,734.85,28.5,12:19,525.42,775.0,TRAILING_STOP,TIME_EXIT,0.0,803.0,803.0,66.73,736.27,DISTORTED_DATA
9f8b0778-fa2a-4816-8e34-2c15af26a1bf,2026-09-08,BANKNIFTY_RESISTANCE_REJECTION_5M_ITM,BANKNIFTY57500PE,30,30,10:25,760.76,747.05,1.8,12:25,760.76,808.05,TRAILING_STOP,TIME_EXIT,0.0,1830.0,1830.0,89.6,1740.4,LEGIT
71443701-3346-4204-8762-632c8540fe5a,2026-09-08,SENSEX_ORB_BEARISH_5M_ITM,SENSEX76200PE,20,20,10:39,514.96,650.65,20.9,12:39,529.96,719.45,TRAILING_STOP,TIME_EXIT,300.0,1376.0,1076.0,66.77000000000001,1309.23,DISTORTED_DATA
3611b6db-f3df-463f-8015-ec235695bb89,2026-09-08,SENSEX_ORB_BEARISH_1M_ATM,SENSEX75700PE,20,20,10:39,235.84,460.0,48.7,12:39,235.84,470.2,TRAILING_STOP,TIME_EXIT,0.0,204.0,204.0,55.96,148.04,DISTORTED_DATA
0fbbbcd1-dec1-4b33-bcce-78557c0b931c,2026-09-08,NIFTY_ORB_BEARISH_5M_ITM,NIFTY23850PE,65,65,10:45,173.12,267.65,35.3,12:45,173.12,274.95,TRAILING_STOP,TIME_EXIT,0.0,474.5,474.5,68.11,406.39,DISTORTED_DATA
0c139248-6d01-4f44-bfcd-4bacc170fdf2,2026-09-08,BANKNIFTY_RESISTANCE_REJECTION_5M_ITM,BANKNIFTY57500PE,30,30,10:52,756.21,747.25,1.2,12:52,786.21,835.3,TRAILING_STOP,TIME_EXIT,900.0,2641.5,1741.5,90.64,2550.86,LEGIT
6fff06c2-8703-4f3c-a765-2f7e7447bf4b,2026-09-08,SENSEX_HEIKIN_ASHI_BEARISH_1M_ATM,SENSEX75700PE,20,20,11:16,229.48,484.95,52.7,13:16,244.48,493.45,TRAILING_STOP,TIME_EXIT,300.0,170.0,-130.0,56.150000000000006,113.85,DISTORTED_DATA
e4c342f4-4e82-44fb-879b-96d701a9c023,2026-09-08,NIFTY_RESISTANCE_REJECTION_5M_ITM,NIFTY23900PE,65,65,11:28,211.76,289.6,26.9,13:28,226.76,306.95,TRAILING_STOP,TIME_EXIT,975.0,1127.75,152.75,74.15,1053.6,DISTORTED_DATA
f2f0a4cf-ae3e-4798-afae-6b2f33f57fd0,2026-09-08,NIFTY_VWAP_POC_BREAKDOWN_PE,NIFTY23850PE,65,65,11:30,166.02,261.2,36.4,13:30,181.02,279.15,TRAILING_STOP,TIME_EXIT,975.0,1166.75,191.75,68.63,1098.12,DISTORTED_DATA
0a7dc17a-4d78-4890-9e38-7e6ce0fa5d1a,2026-09-08,NIFTY_HEIKIN_ASHI_BEARISH_5M_ITM,NIFTY23900PE,65,65,11:41,213.86,293.15,27.0,13:41,213.86,312.7,TRAILING_STOP,TIME_EXIT,0.0,1270.75,1270.75,73.03999999999999,1197.71,DISTORTED_DATA
0a880151-3400-4c6b-96dd-e85be04837a3,2026-09-08,BANKNIFTY_HEIKIN_ASHI_BEARISH_1M_ATM,BANKNIFTY56900PE,30,30,11:46,503.0,512.65,1.9,13:46,533.0,549.3,TRAILING_STOP,TIME_EXIT,900.0,1099.5,199.5,76.53,1022.97,LEGIT
235e7483-c39f-4041-b13c-7fc4222ee0bb,2026-09-08,SENSEX_OI_SHORT_SQUEEZE_CE,SENSEX75700CE,20,20,12:39,390.74,940.0,58.4,14:39,312.28,889.3,STOP_LOSS,TIME_EXIT,-1569.206999999999,-1014.0,555.21,59.51,-1073.51,DISTORTED_DATA
c30f14b3-1827-4e1e-b036-2e078791c3bb,2026-09-08,SENSEX_RESISTANCE_REJECTION_5M_ITM,SENSEX76200PE,20,20,12:41,510.21,719.45,29.1,14:41,510.21,711.5,TRAILING_STOP,TIME_EXIT,0.0,-159.0,-159.0,66.15,-225.15,DISTORTED_DATA
0d7036d3-2bdd-4c94-bc96-8768bf032d06,2026-09-09,NIFTY_SUPERTREND_CMF_BEARISH_PE,NIFTY23600PE,65,65,09:25,150.75,233.2,35.4,11:25,150.75,216.7,EOD_SQUARE_OFF,TIME_EXIT,0.0,-1072.5,-1072.5,65.41,-1137.91,DISTORTED_DATA
a105fbfc-065d-4a89-b4cb-195aa1a99017,2026-09-09,SENSEX_HEIKIN_ASHI_BEARISH_1M_ATM,SENSEX75100PE,20,20,09:25,234.83,439.1,46.5,09:59,234.83,491.22,EOD_SQUARE_OFF,TRAILING_STOP,0.0,1042.4,1042.4,55.94,986.46,DISTORTED_DATA
ddadfedc-af60-4e12-9adf-8a4a9f3fc0c4,2026-09-09,BANKNIFTY_HEIKIN_ASHI_BEARISH_1M_ATM,BANKNIFTY56500PE,30,30,09:25,508.76,521.55,2.5,11:25,508.76,450.8,EOD_SQUARE_OFF,TIME_EXIT,0.0,-2122.5,-2122.5,75.58,-2198.08,LEGIT
55eb44e7-5092-44e0-a0e9-cd7f1cf51dd6,2026-09-09,SENSEX_HEIKIN_ASHI_BEARISH_5M_ITM,SENSEX75600PE,20,20,09:25,537.14,764.0,29.7,11:25,537.14,733.0,EOD_SQUARE_OFF,TIME_EXIT,0.0,-620.0,-620.0,67.16,-687.16,DISTORTED_DATA
6ce5cfa8-343b-493c-981c-02902f9dd242,2026-09-09,NIFTY_HEIKIN_ASHI_BEARISH_1M_ATM,NIFTY23500PE,65,65,09:25,104.1,189.85,45.2,11:25,104.1,175.8,EOD_SQUARE_OFF,TIME_EXIT,0.0,-913.25,-913.25,59.79,-973.04,DISTORTED_DATA
94968622-9fe3-4957-a4d8-e02fdbe5edb9,2026-09-09,NIFTY_HEIKIN_ASHI_BEARISH_5M_ITM,NIFTY23600PE,65,65,09:25,150.75,233.2,35.4,11:25,150.75,216.7,EOD_SQUARE_OFF,TIME_EXIT,0.0,-1072.5,-1072.5,65.41,-1137.91,DISTORTED_DATA
638d4062-a347-4100-8d8b-556fed428c15,2026-09-09,SENSEX_OI_LONG_UNWINDING_PE,SENSEX75100PE,20,20,09:25,238.74,439.1,45.6,09:59,238.74,491.22,EOD_SQUARE_OFF,TRAILING_STOP,0.0,1042.4,1042.4,56.05,986.35,DISTORTED_DATA
b1bd22f4-2a72-4a5b-ac29-e5623a40b21e,2026-09-09,BANKNIFTY_HEIKIN_ASHI_BEARISH_5M_ITM,BANKNIFTY56700PE,30,30,09:26,597.2,594.25,0.5,11:26,597.2,531.6,EOD_SQUARE_OFF,TIME_EXIT,0.0,-1879.5,-1879.5,80.52000000000001,-1960.02,LEGIT
a740bb7b-f47a-489a-a3e8-2e3ef4a08515,2026-09-09,NIFTY_VWAP_POC_BREAKDOWN_PE,NIFTY23600PE,65,65,09:26,151.05,229.05,34.1,11:26,151.05,220.6,EOD_SQUARE_OFF,TIME_EXIT,0.0,-549.25,-549.25,65.45,-614.7,DISTORTED_DATA
05bc1de4-6495-4693-b822-644bbffc673c,2026-09-09,BANKNIFTY_MACD_BEARISH_1M_ATM,BANKNIFTY56500PE,30,30,09:31,502.15,505.35,0.6,11:31,502.15,449.45,EOD_SQUARE_OFF,TIME_EXIT,0.0,-1677.0,-1677.0,75.21,-1752.21,LEGIT
5a1ae54e-8f29-425a-8032-c0284e7d5855,2026-09-09,BANKNIFTY_DUAL_SUPERTREND_BB_PE,BANKNIFTY56700PE,30,30,09:31,585.58,588.3,0.5,11:31,585.58,525.95,EOD_SQUARE_OFF,TIME_EXIT,0.0,-1870.5,-1870.5,79.86,-1950.36,LEGIT
0d90f2f2-585e-4762-9e83-44757c1c5e5d,2026-09-09,NIFTY_MACD_BEARISH_1M_ATM,NIFTY23500PE,65,65,09:31,103.3,187.65,44.9,11:31,103.3,177.95,EOD_SQUARE_OFF,TIME_EXIT,0.0,-630.5,-630.5,59.67,-690.17,DISTORTED_DATA
98ca00b1-9eb0-4a48-bf36-06ac6c531223,2026-09-09,SENSEX_MACD_BEARISH_1M_ATM,SENSEX75100PE,20,20,09:31,231.98,439.1,47.2,09:59,231.98,491.22,EOD_SQUARE_OFF,TRAILING_STOP,0.0,1042.4,1042.4,55.82,986.58,DISTORTED_DATA
ed5f3293-a191-4866-b0c3-9da3732117e3,2026-09-09,BANKNIFTY_ORB_BEARISH_5M_ITM,BANKNIFTY56700PE,30,30,09:40,610.61,588.95,3.7,11:40,610.61,534.0,EOD_SQUARE_OFF,TIME_EXIT,0.0,-1648.5,-1648.5,81.27000000000001,-1729.77,LEGIT
70695e82-03ec-441e-bb15-5426e951be70,2026-09-09,BANKNIFTY_ORB_BEARISH_1M_ATM,BANKNIFTY56400PE,30,30,09:40,487.34,467.3,4.3,11:40,487.34,419.35,EOD_SQUARE_OFF,TIME_EXIT,0.0,-1438.5,-1438.5,74.36,-1512.86,LEGIT
cf142edb-e2ef-4af0-9e48-90926d9c10a3,2026-09-09,BANKNIFTY_VWAP_BB_LIQUIDITY_REBOUND_CE,BANKNIFTY56300CE,30,30,09:41,988.49,985.2,0.3,11:41,988.49,1018.45,EOD_SQUARE_OFF,TIME_EXIT,0.0,997.5,997.5,102.32000000000001,895.18,LEGIT
1d344ec8-6454-4269-a4ea-4449140654d4,2026-09-09,NIFTY_ORB_BULLISH_1M_ATM,NIFTY23500CE,65,65,10:00,167.17,291.1,42.6,11:56,167.17,291.96,EOD_SQUARE_OFF,TRAILING_STOP,0.0,55.9,55.9,67.42,-11.52,DISTORTED_DATA
073bdee0-eb31-4b06-9f86-548bbbec8cef,2026-09-09,NIFTY_VWAP_POC_BREAKDOWN_PE,NIFTY23600PE,65,65,10:01,150.35,238.35,36.9,12:01,150.35,243.35,EOD_SQUARE_OFF,TIME_EXIT,0.0,325.0,325.0,65.36,259.64,DISTORTED_DATA
21406dcc-c034-4b09-8906-c69d837cbc1d,2026-09-09,NIFTY_SUPERTREND_CMF_BEARISH_PE,NIFTY23600PE,65,65,10:10,149.0,243.0,38.7,12:10,149.0,245.5,EOD_SQUARE_OFF,TIME_EXIT,0.0,162.5,162.5,65.19,97.31,DISTORTED_DATA
fc10b9f6-17d7-462b-8526-4b296b678037,2026-09-09,SENSEX_HEIKIN_ASHI_BEARISH_1M_ATM,SENSEX75100PE,20,20,10:10,272.82,563.8,51.6,12:10,272.82,552.0,EOD_SQUARE_OFF,TIME_EXIT,0.0,-236.0,-236.0,57.34,-293.34,DISTORTED_DATA
3530cf2a-a447-425e-b35c-5a67c5daaa03,2026-09-09,SENSEX_OI_LONG_UNWINDING_PE,SENSEX75100PE,20,20,10:10,272.17,563.8,51.7,12:10,272.17,552.0,EOD_SQUARE_OFF,TIME_EXIT,0.0,-236.0,-236.0,57.32,-293.32,DISTORTED_DATA
865b1625-cc99-4b96-bb9c-1c7d0277a49a,2026-09-09,NIFTY_HEIKIN_ASHI_BEARISH_1M_ATM,NIFTY23500PE,65,65,10:10,102.7,197.7,48.1,12:10,102.7,200.0,EOD_SQUARE_OFF,TIME_EXIT,0.0,149.5,149.5,59.62,89.88,DISTORTED_DATA
6e2043b5-5e22-4a07-a0f7-68c533c00078,2026-09-09,NIFTY_HEIKIN_ASHI_BEARISH_5M_ITM,NIFTY23600PE,65,65,10:46,150.3,225.65,33.4,12:46,150.3,201.6,EOD_SQUARE_OFF,TIME_EXIT,0.0,-1563.25,-1563.25,65.36,-1628.61,DISTORTED_DATA
6b13cce5-59fe-4c50-b4ca-c36149b355d2,2026-09-09,SENSEX_HEIKIN_ASHI_BEARISH_5M_ITM,SENSEX75600PE,20,20,10:46,554.9,717.75,22.7,12:33,554.9,720.0,EOD_SQUARE_OFF,TRAILING_STOP,0.0,45.0,45.0,67.83,-22.83,DISTORTED_DATA
e2ce55d3-f5fd-40f3-b474-a8ecf7a98c41,2026-09-09,NIFTY_ORB_BULLISH_1M_ATM,NIFTY23500CE,65,65,10:51,169.17,304.45,44.4,12:51,169.17,326.8,EOD_SQUARE_OFF,TIME_EXIT,0.0,1452.75,1452.75,67.63,1385.12,DISTORTED_DATA
9947b319-b539-4e38-94ae-156f66dda82f,2026-09-09,SENSEX_BB_SQUEEZE_EXPLOSION_CE,SENSEX74600CE,20,20,11:03,660.86,660.86,0.0,13:03,660.86,660.86,EOD_SQUARE_OFF,TIME_EXIT,0.0,0.0,0.0,71.75999999999999,-71.76,DISTORTED_DATA
fb143b70-5e99-426f-8a52-b1e7e413d2fa,2026-09-09,NIFTY_RESISTANCE_REJECTION_5M_ITM,NIFTY23600PE,65,65,11:14,137.49,215.75,36.3,12:30,137.49,222.84,EOD_SQUARE_OFF,TRAILING_STOP,0.0,460.85,460.85,63.81,397.04,DISTORTED_DATA
d24c8667-6f20-4118-99b6-1335cd4b62d0,2026-09-09,BANKNIFTY_RESISTANCE_REJECTION_5M_ITM,BANKNIFTY56800PE,30,30,11:15,571.57,564.85,1.2,12:33,571.57,583.92,EOD_SQUARE_OFF,TRAILING_STOP,0.0,572.1,572.1,79.08,493.02,LEGIT
5ea2115a-00e4-4670-9c9c-ae1b29e1a020,2026-09-09,SENSEX_OI_SHORT_SQUEEZE_CE,SENSEX75100CE,20,20,11:20,302.1,900.0,66.4,13:20,302.1,931.0,EOD_SQUARE_OFF,TIME_EXIT,0.0,620.0,620.0,58.44,561.56,DISTORTED_DATA
5fc7f70e-75a6-4544-bc9f-c426be11e82d,2026-09-09,SENSEX_RESISTANCE_REJECTION_5M_ITM,SENSEX75700PE,20,20,11:23,614.46,769.3,20.1,13:23,614.46,716.4,EOD_SQUARE_OFF,TIME_EXIT,0.0,-1058.0,-1058.0,70.02,-1128.02,DISTORTED_DATA
4c9d1bab-1f38-4447-9230-9c910e5479ef,2026-09-09,BANKNIFTY_GAMMA_WALL_BREAKOUT_PE,BANKNIFTY56800PE,30,30,11:25,623.67,577.2,8.1,12:33,623.67,583.92,EOD_SQUARE_OFF,TRAILING_STOP,0.0,201.6,201.6,81.97,119.63,DISTORTED_DATA
ad9fa789-07c8-4501-beae-54b40e29823a,2026-09-09,BANKNIFTY_HEIKIN_ASHI_BEARISH_5M_ITM,BANKNIFTY56800PE,30,30,11:36,568.37,568.8,0.1,12:33,568.37,583.92,EOD_SQUARE_OFF,TRAILING_STOP,0.0,453.6,453.6,78.9,374.7,LEGIT
7cdebf45-a191-483d-b8a2-cabd83c30aa7,2026-09-09,BANKNIFTY_RESISTANCE_REJECTION_5M_ITM,BANKNIFTY56800PE,30,30,11:45,561.66,565.1,0.6,12:33,561.66,583.92,EOD_SQUARE_OFF,TRAILING_STOP,0.0,564.6,564.6,78.52,486.08,LEGIT
dac66cb3-965c-4f2b-8df7-99f6bd45f1dc,2026-09-09,SENSEX_RESISTANCE_REJECTION_5M_ITM,SENSEX75700PE,20,20,11:57,585.58,769.3,23.9,13:57,585.58,726.6,EOD_SQUARE_OFF,TIME_EXIT,0.0,-854.0,-854.0,68.96,-922.96,DISTORTED_DATA
84f8b146-87a2-414e-bc6f-b153110b09bf,2026-09-09,BANKNIFTY_HEIKIN_ASHI_BEARISH_1M_ATM,BANKNIFTY56500PE,30,30,12:16,503.25,498.0,1.1,12:35,503.25,398.4,EOD_SQUARE_OFF,STOP_LOSS,0.0,-2988.0,-2988.0,75.27,-3063.27,LEGIT
cc8e8a44-d61d-4c0c-b768-2a9912879a2a,2026-09-09,SENSEX_BB_SQUEEZE_EXPLOSION_PE,SENSEX75600PE,20,20,12:31,525.37,758.65,30.7,14:31,525.37,730.3,EOD_SQUARE_OFF,TIME_EXIT,0.0,-567.0,-567.0,66.73,-633.73,DISTORTED_DATA
71ac715f-9073-403c-8c6f-8d2838ac418b,2026-09-09,BANKNIFTY_VWAP_BB_LIQUIDITY_REBOUND_CE,BANKNIFTY56400CE,30,30,12:39,902.55,1036.0,12.9,14:39,902.55,941.8,EOD_SQUARE_OFF,TIME_EXIT,0.0,-2826.0,-2826.0,97.53,-2923.53,DISTORTED_DATA
c2d3ae74-891c-4420-9f29-0ec65d0aeb3b,2026-09-09,SENSEX_ORB_BEARISH_1M_ATM,SENSEX75000PE,20,20,12:40,141.14,436.05,67.6,14:40,141.14,505.55,EOD_SQUARE_OFF,TIME_EXIT,0.0,1390.0,1390.0,52.44,1337.56,DISTORTED_DATA
ee8d61d9-1376-47bb-b4ee-c1c088eaf018,2026-09-09,SENSEX_ORB_BEARISH_5M_ITM,SENSEX75600PE,20,20,12:40,456.91,671.45,32.0,14:40,456.91,772.2,EOD_SQUARE_OFF,TIME_EXIT,0.0,2015.0,2015.0,64.19,1950.81,DISTORTED_DATA
8f1b9661-cf53-48fb-998d-2dfe82655296,2026-09-10,SENSEX_MACD_BEARISH_1M_ATM,SENSEX74800PE,20,20,09:25,197.35,514.95,61.7,11:25,197.35,493.0,EOD_SQUARE_OFF,TIME_EXIT,0.0,-439.0,-439.0,54.53,-493.53,DISTORTED_DATA
96677e2b-4ffa-40eb-bd7c-16994e2a48ad,2026-09-10,BANKNIFTY_HEIKIN_ASHI_BEARISH_1M_ATM,BANKNIFTY56500PE,30,30,09:25,520.27,538.05,3.3,11:25,520.27,497.5,EOD_SQUARE_OFF,TIME_EXIT,0.0,-1216.5,-1216.5,76.22,-1292.72,LEGIT
afa04dd5-d9fe-4ac5-b61d-79038a9aedc2,2026-09-10,SENSEX_OI_LONG_UNWINDING_PE,SENSEX74800PE,20,20,09:25,201.15,514.95,60.9,11:25,201.15,493.0,EOD_SQUARE_OFF,TIME_EXIT,0.0,-439.0,-439.0,54.66,-493.66,DISTORTED_DATA
2cced1fa-e8e0-4bb3-a2d4-3554f9098a15,2026-09-10,SENSEX_HEIKIN_ASHI_BEARISH_1M_ATM,SENSEX74800PE,20,20,09:25,197.35,514.95,61.7,11:25,197.35,493.0,EOD_SQUARE_OFF,TIME_EXIT,0.0,-439.0,-439.0,54.53,-493.53,DISTORTED_DATA
a13241af-8a41-4480-8765-92e2bf5c38af,2026-09-10,NIFTY_HEIKIN_ASHI_BEARISH_1M_ATM,NIFTY23450PE,65,65,09:25,102.65,201.05,48.9,11:25,102.65,191.6,EOD_SQUARE_OFF,TIME_EXIT,0.0,-614.25,-614.25,59.61,-673.86,DISTORTED_DATA
1a6b6f49-6349-42fa-9e9d-445442cbbef9,2026-09-10,NIFTY_SUPERTREND_CMF_BEARISH_PE,NIFTY23550PE,65,65,09:25,154.5,246.0,37.2,11:25,154.5,233.75,EOD_SQUARE_OFF,TIME_EXIT,0.0,-796.25,-796.25,65.86,-862.11,DISTORTED_DATA
b860a103-60d2-4382-a41e-8627d3f5e263,2026-09-10,NIFTY_VWAP_POC_BREAKDOWN_PE,NIFTY23550PE,65,65,09:26,157.91,243.15,35.1,11:26,157.91,237.7,EOD_SQUARE_OFF,TIME_EXIT,0.0,-354.25,-354.25,66.28999999999999,-420.54,DISTORTED_DATA
bd158de8-ca25-40c8-9395-a2b757d514ee,2026-09-10,NIFTY_HEIKIN_ASHI_BEARISH_5M_ITM,NIFTY23550PE,65,65,09:31,158.11,232.8,32.1,11:31,158.11,235.35,EOD_SQUARE_OFF,TIME_EXIT,0.0,165.75,165.75,66.31,99.44,DISTORTED_DATA
45cb148a-f884-4ec8-93d8-6d5b30f0eb54,2026-09-10,SENSEX_HEIKIN_ASHI_BEARISH_5M_ITM,SENSEX75300PE,20,20,09:31,585.18,741.2,21.0,11:31,585.18,764.45,EOD_SQUARE_OFF,TIME_EXIT,0.0,465.0,465.0,68.95,396.05,DISTORTED_DATA
6732a5f3-00bb-45aa-af2e-1482a3557825,2026-09-10,NIFTY_ORB_BULLISH_1M_ATM,NIFTY23450CE,65,65,09:39,133.18,272.05,51.0,11:39,133.18,270.25,EOD_SQUARE_OFF,TIME_EXIT,0.0,-117.0,-117.0,63.3,-180.3,DISTORTED_DATA
810bb28b-6ac7-4037-95db-55e60ef7b9a7,2026-09-10,SENSEX_HEIKIN_ASHI_BEARISH_1M_ATM,SENSEX74800PE,20,20,09:55,181.48,495.55,63.4,11:55,181.48,488.0,EOD_SQUARE_OFF,TIME_EXIT,0.0,-151.0,-151.0,53.94,-204.94,DISTORTED_DATA
41a2c723-8a37-471d-99d2-f906569fb7bc,2026-09-10,SENSEX_OI_LONG_UNWINDING_PE,SENSEX74800PE,20,20,09:55,181.48,495.55,63.4,11:55,181.48,488.0,EOD_SQUARE_OFF,TIME_EXIT,0.0,-151.0,-151.0,53.94,-204.94,DISTORTED_DATA
4ad3f0ff-9fb1-4d61-9cc5-6a2b4b519e7a,2026-09-10,NIFTY_ORB_BEARISH_5M_ITM,NIFTY23500PE,65,65,10:10,131.78,228.05,42.2,12:10,131.78,209.75,EOD_SQUARE_OFF,TIME_EXIT,0.0,-1189.5,-1189.5,63.129999999999995,-1252.63,DISTORTED_DATA
0ecc25d7-a431-4e74-baec-f6f476a5a45a,2026-09-10,BANKNIFTY_RESISTANCE_REJECTION_5M_ITM,BANKNIFTY56500PE,30,30,10:10,524.32,558.6,6.1,12:10,524.32,504.85,EOD_SQUARE_OFF,TIME_EXIT,0.0,-1612.5,-1612.5,76.44,-1688.94,DISTORTED_DATA
abdf97fc-d302-4b83-9a49-79703d4970f0,2026-09-10,SENSEX_ORB_BEARISH_5M_ITM,SENSEX75300PE,20,20,10:11,597.4,753.9,20.8,12:11,597.4,688.15,EOD_SQUARE_OFF,TIME_EXIT,0.0,-1315.0,-1315.0,69.41,-1384.41,DISTORTED_DATA
68e02be0-f6ea-4d56-880c-1a8fee4683dd,2026-09-10,SENSEX_ORB_BEARISH_1M_ATM,SENSEX74700PE,20,20,10:11,158.06,499.0,68.3,12:11,158.06,439.9,EOD_SQUARE_OFF,TIME_EXIT,0.0,-1182.0,-1182.0,53.07,-1235.07,DISTORTED_DATA
50ade6b6-3a70-4ae9-aead-1b0968baa03b,2026-09-10,BANKNIFTY_HEIKIN_ASHI_BEARISH_5M_ITM,BANKNIFTY56500PE,30,30,10:16,503.6,541.5,7.0,12:16,503.6,482.45,EOD_SQUARE_OFF,TIME_EXIT,0.0,-1771.5,-1771.5,75.28,-1846.78,DISTORTED_DATA
60459349-f592-4697-bada-655262732e07,2026-09-10,BANKNIFTY_RESISTANCE_REJECTION_5M_ITM,BANKNIFTY56500PE,30,30,10:26,510.76,512.1,0.3,12:26,510.76,491.0,EOD_SQUARE_OFF,TIME_EXIT,0.0,-633.0,-633.0,75.7,-708.7,LEGIT
57b7dd2b-87e9-46b4-a607-bb8512f24cb3,2026-09-10,BANKNIFTY_HEIKIN_ASHI_BEARISH_1M_ATM,BANKNIFTY56500PE,30,30,11:01,519.42,523.6,0.8,13:01,553.95,557.1,TIME_EXIT,TIME_EXIT,1035.9330000000045,1005.0,-30.93,77.64,927.36,LEGIT
779cf207-ea71-4285-bb88-19cdec5293ce,2026-09-10,SENSEX_ORB_BEARISH_1M_ATM,SENSEX74700PE,20,20,11:19,111.21,434.8,74.4,12:04,111.21,434.8,EOD_SQUARE_OFF,TRAILING_STOP,0.0,0.0,0.0,51.33,-51.33,DISTORTED_DATA
7d30cc94-32a9-4713-8acf-bb6b44d1c159,2026-09-10,SENSEX_ORB_BEARISH_5M_ITM,SENSEX75300PE,20,20,11:19,513.46,764.45,32.8,13:19,513.46,738.6,EOD_SQUARE_OFF,TIME_EXIT,0.0,-517.0,-517.0,66.30000000000001,-583.3,DISTORTED_DATA
f1b1a89e-5950-4e9f-a63e-1ab58c19e7f5,2026-09-10,SENSEX_HEIKIN_ASHI_BEARISH_5M_ITM,SENSEX75300PE,20,20,11:21,540.54,764.45,29.3,13:21,540.54,728.6,EOD_SQUARE_OFF,TIME_EXIT,0.0,-717.0,-717.0,67.28999999999999,-784.29,DISTORTED_DATA
3a69a43e-76f4-4a88-b640-180de15a5fa0,2026-09-10,NIFTY_VWAP_POC_BREAKDOWN_PE,NIFTY23550PE,65,65,11:26,161.11,234.65,31.3,13:26,161.11,234.45,EOD_SQUARE_OFF,TIME_EXIT,0.0,-13.0,-13.0,66.66,-79.66,DISTORTED_DATA
f058f4ea-7ed8-4a57-8ef0-80913e1bbeb3,2026-09-10,NIFTY_HEIKIN_ASHI_BEARISH_1M_ATM,NIFTY23400PE,65,65,11:31,85.44,176.0,51.5,13:31,85.44,175.05,EOD_SQUARE_OFF,TIME_EXIT,0.0,-61.75,-61.75,57.54,-119.29,DISTORTED_DATA
74a502fd-2e2c-4ee9-90db-0bafe585f64c,2026-09-10,NIFTY_RESISTANCE_REJECTION_5M_ITM,NIFTY23550PE,65,65,11:50,153.75,234.45,34.4,13:50,147.6,240.4,TIME_EXIT,TIME_EXIT,-399.9839999999989,386.75,786.73,65.19999999999999,321.55,DISTORTED_DATA
ccb120df-d506-4056-bc26-3ce141ffa138,2026-09-10,SENSEX_OI_SHORT_SQUEEZE_CE,SENSEX74800CE,20,20,11:51,171.77,860.0,80.0,13:51,171.77,830.0,EOD_SQUARE_OFF,TIME_EXIT,0.0,-600.0,-600.0,53.58,-653.58,DISTORTED_DATA
c18bbe07-a772-44e0-beea-d1dbac581bdd,2026-09-10,NIFTY_ORB_BULLISH_1M_ATM,NIFTY23450CE,65,65,11:57,133.18,274.05,51.4,13:57,133.18,262.95,EOD_SQUARE_OFF,TIME_EXIT,0.0,-721.5,-721.5,63.3,-784.8,DISTORTED_DATA
8c7b765f-787f-44be-8666-c397701d1c57,2026-09-10,SENSEX_RESISTANCE_REJECTION_5M_ITM,SENSEX75400PE,20,20,12:03,584.43,754.3,22.5,14:03,584.43,807.95,EOD_SQUARE_OFF,TIME_EXIT,0.0,1073.0,1073.0,68.92,1004.08,DISTORTED_DATA
3265c5ba-9111-48a2-93d2-036578d4923f,2026-09-10,NIFTY_HEIKIN_ASHI_BEARISH_5M_ITM,NIFTY23550PE,65,65,12:16,129.98,221.9,41.4,14:16,129.98,253.0,EOD_SQUARE_OFF,TIME_EXIT,0.0,2021.5,2021.5,62.9,1958.6,DISTORTED_DATA
e2050586-7723-4c7b-bbe4-14beac13bd07,2026-09-10,SENSEX_OI_SHORT_SQUEEZE_CE,SENSEX74800CE,20,20,12:17,168.42,888.5,81.0,14:17,168.42,791.3,EOD_SQUARE_OFF,TIME_EXIT,0.0,-1944.0,-1944.0,53.45,-1997.45,DISTORTED_DATA
3cf085b2-7494-4b05-a1fe-6c7450e10d4e,2026-09-10,SENSEX_RESISTANCE_REJECTION_5M_ITM,SENSEX75400PE,20,20,12:23,552.35,744.35,25.8,14:23,552.35,807.95,EOD_SQUARE_OFF,TIME_EXIT,0.0,1272.0,1272.0,67.74,1204.26,DISTORTED_DATA
aa7dbb8d-3745-4c8e-8b8f-8f8b135d8c69,2026-09-10,BANKNIFTY_HEIKIN_ASHI_BEARISH_5M_ITM,BANKNIFTY56400PE,30,30,12:26,492.99,456.0,8.1,14:26,523.75,536.0,TRAILING_STOP,TIME_EXIT,922.7250000000015,2400.0,1477.27,75.98,2324.02,DISTORTED_DATA
d1072c71-c31a-4940-b733-3db573bf17ce,2026-09-10,BANKNIFTY_VWAP_BB_LIQUIDITY_REBOUND_CE,BANKNIFTY56400CE,30,30,12:26,839.39,864.05,2.9,14:26,839.39,764.3,EOD_SQUARE_OFF,TIME_EXIT,0.0,-2992.5,-2992.5,94.02,-3086.52,LEGIT
af89de37-1680-4eb4-ab92-041fd115fec3,2026-09-10,NIFTY_VWAP_POC_PULLBACK_CE,NIFTY23350CE,65,65,12:47,197.5,338.0,41.6,14:47,157.84,317.2,STOP_LOSS,TIME_EXIT,-2577.7244999999975,-1352.0,1225.72,67.42,-1419.42,DISTORTED_DATA
de354489-73c2-4b90-8ea8-f00e93a14518,2026-09-11,SENSEX_OI_LONG_UNWINDING_PE,SENSEX74300PE,20,20,09:25,485.59,616.55,21.2,11:17,412.34,493.24,STOP_LOSS,STOP_LOSS,-1465.0019999999984,-2466.2,-1001.2,63.18000000000001,-2529.38,DISTORTED_DATA
a527dda9-8801-4c80-8abd-28723d762ac2,2026-09-11,BANKNIFTY_DUAL_SUPERTREND_BB_PE,BANKNIFTY55800PE,30,30,09:25,536.54,552.65,2.9,10:22,428.8,442.12,STOP_LOSS,STOP_LOSS,-3232.079999999998,-3315.9,-83.82,72.53999999999999,-3388.44,LEGIT
af58fc57-65b4-472d-b8bb-435f4a09e09d,2026-09-11,NIFTY_HEIKIN_ASHI_BEARISH_5M_ITM,NIFTY23400PE,65,65,09:26,186.64,284.5,34.4,11:14,162.3,227.6,TIME_EXIT,STOP_LOSS,-1581.8692499999972,-3698.5,-2116.63,67.51,-3766.01,DISTORTED_DATA
1a687831-ac01-42ba-b38d-67812540546e,2026-09-11,NIFTY_VWAP_POC_BREAKDOWN_PE,NIFTY23400PE,65,65,09:26,186.64,284.5,34.4,11:14,162.3,227.6,TIME_EXIT,STOP_LOSS,-1581.8692499999972,-3698.5,-2116.63,67.51,-3766.01,DISTORTED_DATA
ac073c95-5de8-4414-a545-891ba210265a,2026-09-11,SENSEX_HEIKIN_ASHI_BEARISH_5M_ITM,SENSEX74500PE,20,20,09:26,586.24,692.3,15.3,11:26,497.8,572.0,STOP_LOSS,TIME_EXIT,-1768.6630000000002,-2406.0,-637.34,66.5,-2472.5,DISTORTED_DATA
afb785f6-a254-4d70-9c5c-b5fb5327bc1c,2026-09-11,BANKNIFTY_HEIKIN_ASHI_BEARISH_5M_ITM,BANKNIFTY55800PE,30,30,09:26,541.59,536.0,1.0,11:12,432.84,428.8,STOP_LOSS,STOP_LOSS,-3262.5314999999973,-3216.0,46.53,72.78999999999999,-3288.79,LEGIT
6d85484c-3794-4939-af52-c805822d3a39,2026-09-11,SENSEX_MACD_BEARISH_1M_ATM,SENSEX74300PE,20,20,09:31,484.28,606.7,20.2,11:31,411.23,492.7,STOP_LOSS,TIME_EXIT,-1461.0759999999993,-2280.0,-818.92,63.129999999999995,-2343.13,DISTORTED_DATA
3aa0eba5-c548-4c0d-99a9-20d440c769c5,2026-09-11,NIFTY_MACD_BEARISH_1M_ATM,NIFTY23250PE,65,65,09:31,98.15,211.1,53.5,11:14,78.44,168.88,STOP_LOSS,STOP_LOSS,-1281.023249999999,-2744.3,-1463.28,57.25,-2801.55,DISTORTED_DATA
d26fbcec-dcaf-4b60-9be4-0762d7602e91,2026-09-11,BANKNIFTY_MACD_BEARISH_1M_ATM,BANKNIFTY55900PE,30,30,09:31,552.4,536.9,2.9,11:13,441.48,429.52,STOP_LOSS,STOP_LOSS,-3327.6554999999985,-3221.4,106.26,73.3,-3294.7,LEGIT
20eeaee4-9c7c-48f2-87f1-168167c29289,2026-09-11,SENSEX_HEIKIN_ASHI_BEARISH_1M_ATM,SENSEX74300PE,20,20,09:46,477.03,604.55,21.1,11:37,405.07,483.64,STOP_LOSS,STOP_LOSS,-1439.1809999999998,-2418.2,-979.02,62.900000000000006,-2481.1,DISTORTED_DATA
5ca4dad5-ad62-46f8-9554-b29c07bedd86,2026-09-11,NIFTY_HEIKIN_ASHI_BEARISH_1M_ATM,NIFTY23250PE,65,65,09:46,100.1,213.65,53.1,11:13,80.0,170.92,STOP_LOSS,STOP_LOSS,-1306.4999999999995,-2777.45,-1470.95,57.46,-2834.91,DISTORTED_DATA
179fb48b-d45f-4160-b678-e4b367072019,2026-09-11,BANKNIFTY_HEIKIN_ASHI_BEARISH_1M_ATM,BANKNIFTY55900PE,30,30,09:46,551.4,548.15,0.6,11:13,440.68,438.52,STOP_LOSS,STOP_LOSS,-3321.625499999998,-3288.9,32.73,73.24,-3362.14,LEGIT
46a48ed5-74cf-4fcd-aa16-6e72a1d7eec7,2026-09-11,NIFTY_ORB_BULLISH_1M_ATM,NIFTY23250CE,65,65,10:11,116.47,284.55,59.1,12:11,137.4,330.0,TRAILING_STOP,TIME_EXIT,1360.6872500000018,2954.25,1593.56,63.199999999999996,2891.05,DISTORTED_DATA
43ce7ee7-6a08-42ae-934e-306671009d8e,2026-09-11,SENSEX_OI_SHORT_SQUEEZE_CE,SENSEX74400CE,20,20,10:22,520.37,790.25,34.2,12:22,600.35,859.0,TRAILING_STOP,TIME_EXIT,1599.6030000000019,1375.0,-224.6,68.82000000000001,1306.18,DISTORTED_DATA
3350e9cb-8289-4b83-bce7-e6146a63c233,2026-09-11,SENSEX_HEIKIN_ASHI_BEARISH_5M_ITM,SENSEX74600PE,20,20,10:36,570.62,658.35,13.3,12:36,484.54,613.7,STOP_LOSS,TIME_EXIT,-1721.5509999999983,-893.0,828.55,65.97,-958.97,DISTORTED_DATA
f9dc0076-d6f8-4cc2-8e08-60c0999c1322,2026-09-11,NIFTY_ORB_BULLISH_1M_ATM,NIFTY23300CE,65,65,10:59,102.6,262.75,61.0,12:59,132.55,300.2,TRAILING_STOP,TIME_EXIT,1946.5875000000012,2434.25,487.66,62.36,2371.89,DISTORTED_DATA
b55d8fba-882c-4f1b-a099-912eff44b963,2026-09-11,BANKNIFTY_RESISTANCE_REJECTION_5M_ITM,BANKNIFTY56000PE,30,30,11:09,533.23,531.2,0.4,12:52,478.45,424.96,MANUAL_SQUARE_OFF,STOP_LOSS,-1643.4810000000011,-3187.2,-1543.72,74.61,-3261.81,LEGIT
de2516b8-aa96-48ce-bc43-e10d8fd6b9a0,2026-09-11,NIFTY_SUPERTREND_CMF_BULLISH_CE,NIFTY23250CE,65,65,11:16,167.57,338.55,50.5,13:16,184.35,324.35,TRAILING_STOP,TIME_EXIT,1090.8690000000001,-923.0,-2013.87,69.0,-992.0,DISTORTED_DATA
b0225645-31d8-4282-859e-3826b505ba86,2026-09-11,BANKNIFTY_DUAL_SUPERTREND_BB_CE,BANKNIFTY56200CE,30,30,11:16,693.39,831.15,16.6,13:16,812.75,816.3,TRAILING_STOP,TIME_EXIT,3580.719,-445.5,-4026.22,90.92,-536.42,DISTORTED_DATA
345aa12a-9fcf-46b2-bd46-6e7cd32c600c,2026-09-11,SENSEX_BB_SQUEEZE_EXPLOSION_CE,SENSEX74400CE,20,20,11:16,561.41,855.45,34.4,13:16,604.0,851.1,TRAILING_STOP,TIME_EXIT,851.7830000000004,-87.0,-938.78,69.27,-156.27,DISTORTED_DATA
99a92a5e-3727-43d4-90e9-4f854a02dfcb,2026-09-11,SENSEX_OI_SHORT_SQUEEZE_CE,SENSEX74500CE,20,20,11:25,497.7,833.7,40.3,13:25,542.9,794.25,TRAILING_STOP,TIME_EXIT,904.0560000000005,-789.0,-1693.06,66.98,-855.98,DISTORTED_DATA
d2d02e60-c6bb-4a18-950f-099280ade764,2026-09-11,BANKNIFTY_DUAL_SUPERTREND_BB_CE,BANKNIFTY56300CE,30,30,11:31,639.99,737.9,13.3,13:05,728.05,738.54,TRAILING_STOP,TRAILING_STOP,2641.8195000000005,19.2,-2622.62,86.63,-67.43,DISTORTED_DATA
26938dcf-b907-417f-8a46-24d570d19734,2026-09-11,NIFTY_SUPERTREND_CMF_BULLISH_CE,NIFTY23250CE,65,65,11:31,187.34,333.95,43.9,13:31,169.85,333.0,MANUAL_SQUARE_OFF,TIME_EXIT,-1136.664749999999,-61.75,1074.91,68.24,-129.99,DISTORTED_DATA
16db9191-3a42-49a3-bdb9-493f9d32bcaf,2026-09-11,BANKNIFTY_HEIKIN_ASHI_BEARISH_5M_ITM,BANKNIFTY56100PE,30,30,12:11,525.52,512.85,2.5,13:54,454.5,410.28,TIME_EXIT,STOP_LOSS,-2130.749999999999,-3077.1,-946.35,73.48,-3150.58,LEGIT
9c8a9ed4-6a0c-4f7f-8b0c-e9c135c4525e,2026-09-11,NIFTY_RESISTANCE_REJECTION_5M_ITM,NIFTY23450PE,65,65,12:13,158.56,251.6,37.0,14:13,156.5,217.55,TIME_EXIT,TIME_EXIT,-133.79599999999854,-2213.25,-2079.45,66.16,-2279.41,DISTORTED_DATA
c6d66229-4692-49b7-b7bf-30bbef8ef257,2026-09-11,SENSEX_RESISTANCE_REJECTION_5M_ITM,SENSEX74700PE,20,20,12:13,539.89,662.45,18.5,14:02,522.65,529.96,TIME_EXIT,STOP_LOSS,-344.7869999999989,-2649.8,-2305.01,66.77000000000001,-2716.57,DISTORTED_DATA
c1b59f05-1ab5-44b7-9c57-86cce40934f1,2026-09-11,NIFTY_HEIKIN_ASHI_BEARISH_5M_ITM,NIFTY23450PE,65,65,12:16,163.96,254.95,35.7,14:16,131.04,216.8,STOP_LOSS,TIME_EXIT,-2140.046999999998,-2479.75,-339.7,63.98,-2543.73,DISTORTED_DATA
8e3e92e8-8a87-43a7-93ed-d15da9d77f5a,2026-09-11,SENSEX_HEIKIN_ASHI_BEARISH_1M_ATM,SENSEX74500PE,20,20,12:31,438.39,577.2,24.0,14:02,350.36,461.76,STOP_LOSS,STOP_LOSS,-1760.5589999999984,-2308.8,-548.24,61.0,-2369.8,DISTORTED_DATA
78015a29-ed91-4d3b-b7cf-b45ff5579a04,2026-09-11,BANKNIFTY_RESISTANCE_REJECTION_5M_ITM,BANKNIFTY56200PE,30,30,13:12,534.53,534.1,0.1,13:54,427.2,427.28,STOP_LOSS,STOP_LOSS,-3220.0199999999986,-3204.6,15.42,72.46,-3277.06,LEGIT
cb707824-69fb-4e01-afc8-d625cbd88304,2026-09-11,NIFTY_HEIKIN_ASHI_BEARISH_1M_ATM,NIFTY23350PE,65,65,13:31,95.2,205.2,53.6,15:15,76.08,173.4,STOP_LOSS,TIME_EXIT,-1242.481499999999,-2067.0,-824.52,56.95,-2123.95,DISTORTED_DATA
97061053-6aee-4cba-af1a-417af8676636,2026-09-11,NIFTY_RESISTANCE_REJECTION_5M_ITM,NIFTY23550PE,65,65,15:05,178.08,265.15,32.8,15:15,180.4,258.25,EOD_SQUARE_OFF,TIME_EXIT,150.9365000000004,-448.5,-599.44,68.92999999999999,-517.43,DISTORTED_DATA
dced1c08-72b7-4263-b99a-fb920ef2e15f,2026-09-11,SENSEX_RESISTANCE_REJECTION_5M_ITM,SENSEX74900PE,20,20,15:11,509.26,620.0,17.9,15:15,512.3,560.15,EOD_SQUARE_OFF,TIME_EXIT,60.82499999999982,-1197.0,-1257.82,66.23,-1263.23,DISTORTED_DATA
80a8d675-0290-448c-822c-01333439693e,2026-09-11,SENSEX_OI_LONG_UNWINDING_PE,SENSEX74700PE,20,20,15:11,421.92,553.95,23.8,15:15,424.5,514.45,EOD_SQUARE_OFF,TIME_EXIT,51.57000000000039,-790.0,-841.57,62.96,-852.96,DISTORTED_DATA
5c89c3d9-0a62-4de8-947b-7f208313a55d,2026-09-15,SENSEX_BB_SQUEEZE_EXPLOSION_CE,SENSEX74600CE,20,20,09:25,667.02,1013.0,34.2,09:57,566.4,810.4,STOP_LOSS,STOP_LOSS,-2012.376999999999,-4052.0,-2039.62,69.14,-4121.14,DISTORTED_DATA
d3393bdd-08b5-4410-8874-60055ee70d03,2026-09-15,SENSEX_OI_SHORT_SQUEEZE_CE,SENSEX75100CE,20,20,09:25,351.5,685.0,48.7,09:55,280.92,548.0,STOP_LOSS,STOP_LOSS,-1411.6229999999985,-2740.0,-1328.38,58.269999999999996,-2798.27,DISTORTED_DATA
a8d44d81-cf6e-4a18-af34-85743270c43a,2026-09-15,BANKNIFTY_HEIKIN_ASHI_BEARISH_5M_ITM,BANKNIFTY56600PE,30,30,09:31,547.75,560.45,2.3,11:31,727.2,755.7,TAKE_PROFIT,TIME_EXIT,5383.584000000001,5857.5,473.92,85.37,5772.13,LEGIT
f5abcab2-9f04-4afb-aebe-212db0ce38d7,2026-09-15,NIFTY_VWAP_POC_PULLBACK_CE,NIFTY23250CE,65,65,09:36,227.83,367.55,38.0,10:46,182.08,294.04,STOP_LOSS,STOP_LOSS,-2973.593999999997,-4778.15,-1804.56,70.52000000000001,-4848.67,DISTORTED_DATA
3f466f9e-d3e9-4af2-8da1-51b213b3c034,2026-09-15,NIFTY_HEIKIN_ASHI_BEARISH_5M_ITM,NIFTY23650PE,65,65,09:36,187.64,291.85,35.7,11:36,277.45,389.0,TAKE_PROFIT,TIME_EXIT,5837.815750000001,6314.75,476.93,78.13,6236.62,DISTORTED_DATA
5db732aa-73bf-49da-81f5-3865b29ee070,2026-09-15,SENSEX_HEIKIN_ASHI_BEARISH_5M_ITM,SENSEX75500PE,20,20,09:36,610.51,764.35,20.1,11:36,829.9,1030.0,TAKE_PROFIT,TIME_EXIT,4387.8020000000015,5313.0,925.2,76.11,5236.89,DISTORTED_DATA
2380d170-1df1-42ed-9f3d-9c48d8d45cdf,2026-09-15,SENSEX_ORB_BEARISH_5M_ITM,SENSEX75500PE,20,20,09:38,623.37,786.15,20.7,11:38,842.75,1030.0,TAKE_PROFIT,TIME_EXIT,4387.545000000002,4877.0,489.45,76.58,4800.42,DISTORTED_DATA
815cd3e6-0390-45cb-bc9e-a4f442698345,2026-09-15,NIFTY_ORB_BEARISH_5M_ITM,NIFTY23650PE,65,65,09:38,193.34,299.0,35.3,11:38,283.15,376.0,TAKE_PROFIT,TIME_EXIT,5837.44525,5005.0,-832.45,78.81,4926.19,DISTORTED_DATA
c56a8847-0b79-4994-9c49-bf5c4b1b6648,2026-09-15,SENSEX_ORB_BEARISH_1M_ATM,SENSEX75000PE,20,20,09:38,341.44,538.15,36.6,11:38,491.1,722.5,TAKE_PROFIT,TIME_EXIT,2993.1780000000003,3687.0,693.82,64.12,3622.88,DISTORTED_DATA
5b286417-7733-4f30-a010-b5ebef09f23f,2026-09-15,BANKNIFTY_RESISTANCE_REJECTION_5M_ITM,BANKNIFTY56500PE,30,30,09:43,515.67,514.9,0.1,11:38,695.15,666.9,TAKE_PROFIT,TRAILING_STOP,5384.545500000002,4560.0,-824.55,83.57000000000001,4476.43,LEGIT
74c9078e-ebde-4f48-9e8a-9a219d20e035,2026-09-15,BANKNIFTY_ORB_BEARISH_5M_ITM,BANKNIFTY56500PE,30,30,09:44,521.62,515.25,1.2,11:38,681.15,666.9,TIME_EXIT,TRAILING_STOP,4785.867,4549.5,-236.37,83.06,4466.44,LEGIT
51a59691-c27f-46e6-831f-8016ce2431c1,2026-09-15,BANKNIFTY_ORB_BEARISH_1M_ATM,BANKNIFTY56500PE,30,30,09:44,521.62,515.25,1.2,11:38,681.15,666.9,TIME_EXIT,TRAILING_STOP,4785.867,4549.5,-236.37,83.06,4466.44,LEGIT
45d4127c-259b-4b90-88f0-86078061001f,2026-09-15,BANKNIFTY_DUAL_SUPERTREND_BB_PE,BANKNIFTY56500PE,30,30,09:56,520.22,615.65,15.5,11:38,699.7,666.9,TAKE_PROFIT,TRAILING_STOP,5384.4090000000015,1537.5,-3846.91,83.82,1453.68,DISTORTED_DATA
9a98ae06-1c86-4e76-82a8-e5310c020ee8,2026-09-15,BANKNIFTY_HEIKIN_ASHI_BEARISH_1M_ATM,BANKNIFTY56500PE,30,30,10:01,517.57,609.0,15.0,11:38,697.05,666.9,TAKE_PROFIT,TRAILING_STOP,5384.488500000002,1737.0,-3647.49,83.69,1653.31,DISTORTED_DATA
bb5d027f-2937-44d7-a646-f1ef4d69b45e,2026-09-15,BANKNIFTY_VWAP_BB_LIQUIDITY_REBOUND_CE,BANKNIFTY56500CE,30,30,10:05,708.11,646.0,9.6,12:05,565.92,574.3,STOP_LOSS,TIME_EXIT,-4265.621999999998,-2151.0,2114.62,80.66,-2231.66,DISTORTED_DATA
48c8b5e8-073c-42dc-807c-658aebbab098,2026-09-15,NIFTY_SUPERTREND_CMF_BEARISH_PE,NIFTY23550PE,65,65,10:42,191.34,304.85,37.2,12:42,209.9,324.9,TRAILING_STOP,TIME_EXIT,1206.3252500000024,1303.25,96.92,72.01,1231.24,DISTORTED_DATA
2424e716-1b14-4938-84d0-24917790b8cf,2026-09-15,SENSEX_HEIKIN_ASHI_BEARISH_1M_ATM,SENSEX74700PE,20,20,10:42,383.43,564.15,32.0,12:42,438.1,600.35,TIME_EXIT,TIME_EXIT,1093.3390000000009,724.0,-369.34,63.0,661.0,DISTORTED_DATA
b20a86f9-8b85-4075-a9cb-b666156a5c66,2026-09-15,SENSEX_OI_LONG_UNWINDING_PE,SENSEX74700PE,20,20,10:42,385.28,564.15,31.7,12:42,438.1,600.35,TIME_EXIT,TIME_EXIT,1056.3020000000017,724.0,-332.3,63.02,660.98,DISTORTED_DATA
f8a5b99a-db16-4de8-a186-86a27a2ab981,2026-09-15,SENSEX_MACD_BEARISH_1M_ATM,SENSEX74700PE,20,20,10:46,383.18,593.65,35.5,12:46,438.4,604.5,TIME_EXIT,TIME_EXIT,1104.3439999999998,217.0,-887.34,63.0,154.0,DISTORTED_DATA
5f19ac24-bd98-437b-9ffe-cb8c4f0d0a8d,2026-09-15,NIFTY_HEIKIN_ASHI_BEARISH_5M_ITM,NIFTY23550PE,65,65,10:51,202.6,319.6,36.6,12:51,222.65,317.0,TIME_EXIT,TIME_EXIT,1303.0940000000012,-169.0,-1472.09,73.51,-242.51,DISTORTED_DATA
e8dc12ad-46af-43b0-9de7-a80e959fcecb,2026-09-15,SENSEX_HEIKIN_ASHI_BEARISH_5M_ITM,SENSEX75200PE,20,20,10:51,691.14,857.1,19.4,12:51,756.0,830.0,TIME_EXIT,TIME_EXIT,1297.1910000000003,-542.0,-1839.19,74.72,-616.72,DISTORTED_DATA
71a877ee-953f-4796-ad01-c268e3197a6f,2026-09-15,BANKNIFTY_HEIKIN_ASHI_BEARISH_5M_ITM,BANKNIFTY56200PE,30,30,11:11,539.94,568.4,5.0,13:11,561.3,544.2,TIME_EXIT,TIME_EXIT,640.8180000000027,-726.0,-1366.82,78.22,-804.22,DISTORTED_DATA
054f6f2f-b35d-4938-8eec-4f6770a9f64b,2026-09-15,NIFTY_HEIKIN_ASHI_BEARISH_1M_ATM,NIFTY23350PE,65,65,11:27,62.01,221.0,71.9,13:27,64.9,236.35,TIME_EXIT,TIME_EXIT,187.72325000000046,997.75,810.03,54.95,942.8,DISTORTED_DATA
bfc8b156-c854-4bab-91f6-bc8ddfee055f,2026-09-15,BANKNIFTY_HEIKIN_ASHI_BEARISH_1M_ATM,BANKNIFTY56200PE,30,30,11:27,555.4,553.3,0.4,13:27,560.9,534.5,TIME_EXIT,TIME_EXIT,164.854499999999,-564.0,-728.85,78.41,-642.41,LEGIT
e7dc31f8-292e-4290-942e-aa8ccc47a432,2026-09-15,NIFTY_SUPERTREND_CMF_BEARISH_PE,NIFTY23550PE,65,65,11:42,208.01,316.55,34.3,13:42,213.75,365.2,TIME_EXIT,TIME_EXIT,373.24300000000164,3162.25,2789.01,72.86,3089.39,DISTORTED_DATA
a0b3f053-478d-450f-90e1-9647b966b3f0,2026-09-15,SENSEX_HEIKIN_ASHI_BEARISH_1M_ATM,SENSEX74600PE,20,20,12:42,389.84,551.9,29.4,14:42,360.0,764.55,TIME_EXIT,TIME_EXIT,-596.7889999999989,4253.0,4849.79,60.84,4192.16,DISTORTED_DATA
dddd6cb3-b40d-46bc-8ca9-b838eb81efc9,2026-09-15,SENSEX_OI_LONG_UNWINDING_PE,SENSEX74600PE,20,20,12:42,389.84,551.9,29.4,14:42,360.0,764.55,TIME_EXIT,TIME_EXIT,-596.7889999999989,4253.0,4849.79,60.84,4192.16,DISTORTED_DATA
66c71ed3-e36a-41c1-be4f-c7dae2ccb24e,2026-09-15,NIFTY_HEIKIN_ASHI_BEARISH_1M_ATM,NIFTY23350PE,65,65,13:27,64.96,238.15,72.7,15:11,51.92,294.3,STOP_LOSS,TRAILING_STOP,-847.9184999999994,3649.75,4497.67,53.84,3595.91,DISTORTED_DATA
5d0cbb46-f2b2-4909-bcfe-b4a52e06c059,2026-09-15,NIFTY_RESISTANCE_REJECTION_5M_ITM,NIFTY23550PE,65,65,13:37,215.47,355.0,39.3,15:15,213.85,423.35,EOD_SQUARE_OFF,TIME_EXIT,-104.99124999999836,4442.75,4547.74,73.08,4369.67,DISTORTED_DATA
46b34db4-5f75-4fe3-bebb-1e87fd317b08,2026-09-15,SENSEX_OI_SHORT_SQUEEZE_CE,SENSEX74600CE,20,20,13:37,412.91,616.95,33.1,14:47,410.65,493.56,EOD_SQUARE_OFF,STOP_LOSS,-45.24999999999977,-2467.8,-2422.55,62.489999999999995,-2530.29,DISTORTED_DATA
d2ce236f-ac62-416d-85f3-42fcfc332379,2026-09-15,SENSEX_RESISTANCE_REJECTION_5M_ITM,SENSEX75100PE,20,20,13:52,672.27,935.0,28.1,14:47,670.75,1053.0,EOD_SQUARE_OFF,TRAILING_STOP,-30.431999999998425,2360.0,2390.43,72.15,2287.85,DISTORTED_DATA
6f2dd659-8b1c-4b55-ac02-9bb977892a28,2026-09-15,BANKNIFTY_GAMMA_WALL_BREAKOUT_PE,BANKNIFTY56200PE,30,30,14:01,552.35,566.95,2.6,15:15,562.6,684.55,EOD_SQUARE_OFF,TIME_EXIT,307.4460000000033,3528.0,3220.55,78.43,3449.57,LEGIT
8296506d-c822-4612-ac26-839c5c1ae740,2026-09-15,SENSEX_BB_SQUEEZE_EXPLOSION_CE,SENSEX74200CE,20,20,14:01,678.88,850.0,20.1,14:47,653.15,680.0,EOD_SQUARE_OFF,STOP_LOSS,-514.5640000000003,-3400.0,-2885.44,71.71000000000001,-3471.71,DISTORTED_DATA
c772abc4-e4c7-405d-b9e8-306e107977bd,2026-09-15,BANKNIFTY_RESISTANCE_REJECTION_5M_ITM,BANKNIFTY56200PE,30,30,14:46,543.14,627.85,13.5,15:15,562.6,684.55,EOD_SQUARE_OFF,TIME_EXIT,583.7220000000002,1701.0,1117.28,78.32,1622.68,DISTORTED_DATA
79856216-60fd-43e8-a8e2-7ae161d06410,2026-09-16,SENSEX_OI_SHORT_SQUEEZE_CE,SENSEX74400CE,20,20,09:25,318.57,686.4,53.6,09:42,254.6,549.12,STOP_LOSS,STOP_LOSS,-1279.364999999999,-2745.6,-1466.24,57.230000000000004,-2802.83,DISTORTED_DATA
33a37bfa-4c3e-4a16-938e-50ab3c3101d5,2026-09-16,SENSEX_HEIKIN_ASHI_BEARISH_1M_ATM,SENSEX74300PE,20,20,09:25,295.65,516.65,42.8,09:50,327.0,625.5,TRAILING_STOP,TRAILING_STOP,627.0929999999998,2177.0,1549.91,59.08,2117.92,DISTORTED_DATA
61ef4c0c-ed98-4318-97d1-7b8c7a5d0ada,2026-09-16,NIFTY_HEIKIN_ASHI_BEARISH_1M_ATM,NIFTY23250PE,65,65,09:25,152.2,199.2,23.6,09:50,180.5,229.5,TIME_EXIT,TRAILING_STOP,1839.366750000001,1969.5,130.13,68.19,1901.31,DISTORTED_DATA
14b99185-4067-49dc-91e6-bf1f1236c308,2026-09-16,BANKNIFTY_HEIKIN_ASHI_BEARISH_1M_ATM,BANKNIFTY56000PE,30,30,09:25,506.41,485.7,4.3,09:34,543.0,511.24,TIME_EXIT,TRAILING_STOP,1097.8230000000026,766.35,-331.47,77.00999999999999,689.34,LEGIT
dfc07d9e-919a-407f-88df-8d9c83e346cb,2026-09-16,NIFTY_VWAP_POC_PULLBACK_CE,NIFTY23200CE,65,65,09:26,199.75,278.95,28.4,11:26,179.1,272.0,TIME_EXIT,TIME_EXIT,-1342.2207500000004,-451.75,890.47,69.43,-521.18,DISTORTED_DATA
9bea9c64-57da-4ae1-aa67-2b8da17706b2,2026-09-16,SENSEX_ORB_BEARISH_5M_ITM,SENSEX74900PE,20,20,09:36,673.87,860.1,21.7,09:39,729.0,866.61,TRAILING_STOP,TRAILING_STOP,1102.536,130.2,-972.34,73.8,56.4,DISTORTED_DATA
184328f0-91d8-4c5c-9ddc-71e8eb108abb,2026-09-16,SENSEX_ORB_BEARISH_1M_ATM,SENSEX74300PE,20,20,09:36,305.41,563.2,45.8,09:50,305.41,625.5,TRAILING_STOP,TRAILING_STOP,0.0,1246.0,1246.0,58.57,1187.43,DISTORTED_DATA
fe9c88af-e9bf-45f0-8b84-af162787d0e6,2026-09-16,BANKNIFTY_ORB_BEARISH_5M_ITM,BANKNIFTY56000PE,30,30,09:39,520.87,551.0,5.5,10:45,543.95,440.8,TIME_EXIT,STOP_LOSS,692.3895000000039,-3306.0,-3998.39,77.24,-3383.24,DISTORTED_DATA
904dc767-48d3-4824-8f2c-6856af781051,2026-09-16,NIFTY_ORB_BEARISH_5M_ITM,NIFTY23300PE,65,65,09:39,180.38,255.95,29.5,09:50,207.7,255.95,TIME_EXIT,TRAILING_STOP,1775.787000000001,0.0,-1775.79,71.5,-71.5,DISTORTED_DATA
055f4eb8-84fd-4eed-ab04-db011df12f00,2026-09-16,BANKNIFTY_ORB_BEARISH_1M_ATM,BANKNIFTY56000PE,30,30,09:39,520.87,551.0,5.5,10:45,543.95,440.8,TIME_EXIT,STOP_LOSS,692.3895000000039,-3306.0,-3998.39,77.24,-3383.24,DISTORTED_DATA
8641e554-e437-4d49-b7da-ebdc24814028,2026-09-16,SENSEX_HEIKIN_ASHI_BEARISH_5M_ITM,SENSEX74900PE,20,20,09:46,665.66,1022.55,34.9,09:56,798.35,818.04,TRAILING_STOP,STOP_LOSS,2653.700000000001,-4090.2,-6743.9,75.7,-4165.9,DISTORTED_DATA
8a6787ea-c181-4e73-9796-5f57330c7c33,2026-09-16,BANKNIFTY_HEIKIN_ASHI_BEARISH_5M_ITM,BANKNIFTY56000PE,30,30,09:46,510.86,592.15,13.7,10:30,540.15,473.72,TIME_EXIT,STOP_LOSS,878.6894999999998,-3552.9,-4431.59,76.94,-3629.84,DISTORTED_DATA
a7d99f9a-89d5-431a-a1d2-95f8b8ad0ac3,2026-09-16,NIFTY_HEIKIN_ASHI_BEARISH_5M_ITM,NIFTY23300PE,65,65,09:46,178.48,276.4,35.4,09:56,206.0,221.12,TIME_EXIT,STOP_LOSS,1788.9105000000006,-3593.2,-5382.11,71.28,-3664.48,DISTORTED_DATA
bfa993c8-c75d-4254-94c1-a2559754d61c,2026-09-16,SENSEX_OI_SHORT_SQUEEZE_CE,SENSEX74300CE,20,20,09:55,354.95,699.95,49.3,10:04,301.4,706.1,TIME_EXIT,TRAILING_STOP,-1071.0919999999999,122.9,1193.99,58.89,64.01,DISTORTED_DATA
73b8efc3-675b-48bf-bbac-fd029c4787ac,2026-09-16,BANKNIFTY_RESISTANCE_REJECTION_5M_ITM,BANKNIFTY56000PE,30,30,10:21,522.62,512.25,2.0,12:21,527.05,452.0,TIME_EXIT,TIME_EXIT,132.83700000000067,-1807.5,-1940.34,76.53999999999999,-1884.04,LEGIT
fe1b7707-03b0-47b2-8a0c-714802aab8db,2026-09-16,NIFTY_RESISTANCE_REJECTION_5M_ITM,NIFTY23300PE,65,65,10:25,190.29,233.0,18.3,12:25,199.55,228.0,TIME_EXIT,TIME_EXIT,601.8935000000029,-325.0,-926.89,71.03,-396.03,DISTORTED_DATA
52281045-7102-4343-9a87-67ce082bb49c,2026-09-16,SENSEX_HEIKIN_ASHI_BEARISH_5M_ITM,SENSEX74800PE,20,20,10:26,645.19,824.7,21.8,12:26,547.87,786.5,STOP_LOSS,TIME_EXIT,-1946.5409999999997,-764.0,1182.54,68.43,-832.43,DISTORTED_DATA
e7b918c2-b948-4df3-a20d-7d5ca81aa093,2026-09-16,SENSEX_OI_LONG_UNWINDING_PE,SENSEX74300PE,20,20,10:35,347.4,547.95,36.6,12:35,347.4,521.55,TRAILING_STOP,TIME_EXIT,0.0,-528.0,-528.0,60.120000000000005,-588.12,DISTORTED_DATA
d6183a64-ccae-431d-835c-2995ce76c830,2026-09-16,SENSEX_RESISTANCE_REJECTION_5M_ITM,SENSEX74800PE,20,20,10:36,658.21,780.0,15.6,12:17,558.92,780.0,STOP_LOSS,TRAILING_STOP,-1985.800999999999,0.0,1985.8,68.85,-68.85,DISTORTED_DATA
8948bcc4-9247-494d-bde0-62d7c6c89662,2026-09-16,SENSEX_RESISTANCE_REJECTION_5M_ITM,SENSEX74800PE,20,20,11:01,647.6,766.95,15.6,12:31,688.75,774.0,TRAILING_STOP,TRAILING_STOP,823.0610000000001,141.0,-682.06,72.45,68.55,DISTORTED_DATA
3243871f-790d-4df5-9851-b2204727c40c,2026-09-16,SENSEX_ORB_BEARISH_1M_ATM,SENSEX74200PE,20,20,11:27,342.59,521.0,34.2,13:27,273.8,487.65,STOP_LOSS,TIME_EXIT,-1375.8449999999993,-667.0,708.84,58.01,-725.01,DISTORTED_DATA
509c35ab-4999-4d50-8259-a1add2621b9f,2026-09-16,SENSEX_ORB_BEARISH_5M_ITM,SENSEX74800PE,20,20,11:27,716.42,802.95,10.8,13:27,608.35,758.5,STOP_LOSS,TIME_EXIT,-2161.4139999999998,-889.0,1272.41,70.77000000000001,-959.77,DISTORTED_DATA
a1542520-f50f-4c8d-9242-fd4ecded77ab,2026-09-16,SENSEX_HEIKIN_ASHI_BEARISH_1M_ATM,SENSEX74200PE,20,20,11:31,333.73,533.6,37.5,13:31,266.72,500.8,STOP_LOSS,TIME_EXIT,-1340.2679999999998,-656.0,684.27,57.72,-713.72,DISTORTED_DATA
50fa5b6e-16f7-430a-9880-cdf224e0ca22,2026-09-16,BANKNIFTY_HEIKIN_ASHI_BEARISH_1M_ATM,BANKNIFTY56000PE,30,30,11:31,535.18,496.05,7.9,13:08,517.1,396.84,TIME_EXIT,STOP_LOSS,-542.5394999999969,-2976.3,-2433.76,76.27,-3052.57,DISTORTED_DATA
d6536770-9ef2-49ff-9b40-2f457a433c1a,2026-09-16,NIFTY_HEIKIN_ASHI_BEARISH_1M_ATM,NIFTY23200PE,65,65,11:31,157.41,197.8,20.4,13:31,152.0,182.4,TIME_EXIT,TIME_EXIT,-351.47124999999846,-1001.0,-649.53,65.72,-1066.72,DISTORTED_DATA
b7ef950f-93c3-453d-b306-a68b2c518e0b,2026-09-16,BANKNIFTY_VWAP_BB_LIQUIDITY_REBOUND_CE,BANKNIFTY55900CE,30,30,11:39,822.97,882.4,6.7,13:27,843.8,958.81,TIME_EXIT,TRAILING_STOP,624.8355000000004,2292.45,1667.61,93.97999999999999,2198.47,DISTORTED_DATA
b6ba769e-5806-4442-86eb-797483b0dbfc,2026-09-16,SENSEX_OI_LONG_UNWINDING_PE,SENSEX74200PE,20,20,11:52,333.23,502.0,33.6,12:17,266.32,502.0,STOP_LOSS,TRAILING_STOP,-1338.2579999999984,0.0,1338.26,57.709999999999994,-57.71,DISTORTED_DATA
cb7242b0-da25-478d-b9cf-be32f8bb5e02,2026-09-16,NIFTY_ORB_BEARISH_5M_ITM,NIFTY23300PE,65,65,12:23,197.75,230.0,14.0,14:23,203.1,225.6,TIME_EXIT,TIME_EXIT,347.90925000000027,-286.0,-633.91,71.57,-357.57,DISTORTED_DATA
d6b80e77-ff2e-4f19-a499-d802bc3a656b,2026-09-16,BANKNIFTY_RESISTANCE_REJECTION_5M_ITM,BANKNIFTY56000PE,30,30,12:23,528.83,452.0,17.0,14:23,538.9,426.15,TIME_EXIT,TIME_EXIT,302.15100000000234,-775.5,-1077.65,77.13,-852.63,DISTORTED_DATA
2e55f8fb-f119-46e1-bbd6-ecb07b0ef767,2026-09-16,NIFTY_RESISTANCE_REJECTION_5M_ITM,NIFTY23250PE,65,65,12:28,177.73,209.05,15.0,14:28,178.9,208.0,TIME_EXIT,TIME_EXIT,76.2092500000017,-68.25,-144.46,68.78,-137.03,DISTORTED_DATA
577d7462-3bc4-4453-b79c-484e06617069,2026-09-16,NIFTY_HEIKIN_ASHI_BEARISH_5M_ITM,NIFTY23250PE,65,65,12:36,175.83,197.9,11.2,14:36,182.0,207.8,TIME_EXIT,TIME_EXIT,401.33275000000026,643.5,242.17,69.0,574.5,DISTORTED_DATA
9af5728f-9ca9-44a4-8740-15f62be92893,2026-09-16,BANKNIFTY_HEIKIN_ASHI_BEARISH_5M_ITM,BANKNIFTY56000PE,30,30,12:36,530.83,435.0,22.0,14:36,538.95,425.0,TIME_EXIT,TIME_EXIT,243.5910000000058,-300.0,-543.59,77.15,-377.15,DISTORTED_DATA
378ab184-531f-4a85-92ae-520534adc982,2026-09-16,BANKNIFTY_GAMMA_WALL_BREAKOUT_PE,BANKNIFTY56000PE,30,30,13:30,518.07,443.1,16.9,15:15,414.04,434.1,STOP_LOSS,TIME_EXIT,-3120.8264999999974,-270.0,2850.83,71.67,-341.67,DISTORTED_DATA
da16fff6-2626-496f-8580-f2d299e5cc6a,2026-09-16,SENSEX_BB_SQUEEZE_EXPLOSION_CE,SENSEX73700CE,20,20,13:46,684.13,1050.2,34.9,15:15,684.13,1070.0,TRAILING_STOP,TIME_EXIT,0.0,396.0,396.0,72.61,323.39,DISTORTED_DATA
daa1301e-0e74-4c69-bbb7-1dc9b68459cd,2026-09-16,BANKNIFTY_VWAP_BB_LIQUIDITY_REBOUND_CE,BANKNIFTY55900CE,30,30,14:20,811.81,970.0,16.3,15:15,943.2,926.5,TRAILING_STOP,TIME_EXIT,3941.6700000000037,-1305.0,-5246.67,98.03999999999999,-1403.04,DISTORTED_DATA
195d147c-1782-4cd9-8eb8-18870864b7df,2026-09-17,SENSEX_OI_LONG_UNWINDING_PE,SENSEX74300PE,20,20,09:25,210.21,497.6,57.8,10:05,168.0,398.08,STOP_LOSS,STOP_LOSS,-844.1999999999996,-1990.4,-1146.2,53.82,-2044.22,DISTORTED_DATA
5a46f0d2-cb86-4e0d-8fa0-67d1f5bfde07,2026-09-17,NIFTY_HEIKIN_ASHI_BEARISH_1M_ATM,NIFTY23250PE,65,65,09:25,134.73,194.0,30.5,10:10,121.65,155.2,TIME_EXIT,STOP_LOSS,-850.4989999999977,-2522.0,-1671.5,62.28,-2584.28,DISTORTED_DATA
2ff9b175-07c3-482d-bc84-38e8a3fe9836,2026-09-17,SENSEX_OI_SHORT_SQUEEZE_CE,SENSEX74300CE,20,20,09:31,212.56,628.6,66.2,09:40,239.75,648.0,TRAILING_STOP,TRAILING_STOP,543.7530000000004,388.0,-155.75,55.86,332.14,DISTORTED_DATA
55c774b5-c6a7-421c-b2a9-edb2f64a393c,2026-09-17,BANKNIFTY_RESISTANCE_REJECTION_5M_ITM,BANKNIFTY56300PE,30,30,09:43,533.98,442.15,20.8,11:20,533.98,546.21,TRAILING_STOP,TRAILING_STOP,0.0,3121.8,3121.8,76.97999999999999,3044.82,DISTORTED_DATA
87b4fd7f-5ff4-4bd5-9c77-0b18a8363261,2026-09-17,NIFTY_RESISTANCE_REJECTION_5M_ITM,NIFTY23350PE,65,65,09:43,189.49,229.0,17.3,11:18,151.44,231.08,STOP_LOSS,TRAILING_STOP,-2473.2044999999976,134.88,2608.08,66.59,68.29,DISTORTED_DATA
6cc700cf-1d54-49e4-9f90-ee1df21f4fb6,2026-09-17,BANKNIFTY_ORB_BEARISH_1M_ATM,BANKNIFTY56300PE,30,30,09:44,530.18,468.55,13.2,11:20,530.18,546.21,TRAILING_STOP,TRAILING_STOP,0.0,2329.8,2329.8,76.77000000000001,2253.03,DISTORTED_DATA
39cf2614-4e6e-45da-b7a4-eab0c5adc1eb,2026-09-17,BANKNIFTY_ORB_BEARISH_5M_ITM,BANKNIFTY56300PE,30,30,09:44,530.18,468.55,13.2,11:20,530.18,546.21,TRAILING_STOP,TRAILING_STOP,0.0,2329.8,2329.8,76.77000000000001,2253.03,DISTORTED_DATA
08fb3dea-31e7-4936-991c-bb0f1d15b2cc,2026-09-17,SENSEX_HEIKIN_ASHI_BEARISH_5M_ITM,SENSEX74900PE,20,20,09:51,639.34,739.95,13.6,11:21,542.89,786.06,STOP_LOSS,TRAILING_STOP,-1928.8740000000007,922.2,2851.07,68.23,853.97,DISTORTED_DATA
a63cefe0-112c-4d8c-95ba-497abbf01ba3,2026-09-17,BANKNIFTY_HEIKIN_ASHI_BEARISH_5M_ITM,BANKNIFTY56300PE,30,30,09:51,530.53,446.45,18.8,11:20,530.53,546.21,TRAILING_STOP,TRAILING_STOP,0.0,2992.8,2992.8,76.8,2916.0,DISTORTED_DATA
86778e9b-0833-43bd-9ffb-bb2bf6a95ac3,2026-09-17,SENSEX_OI_SHORT_SQUEEZE_CE,SENSEX74300CE,20,20,10:03,217.27,674.6,67.8,10:24,287.65,687.6,TRAILING_STOP,TRAILING_STOP,1407.6589999999999,260.0,-1147.66,57.26,202.74,DISTORTED_DATA
39e53012-88a6-451e-a58f-c8fd02534c54,2026-09-17,SENSEX_HEIKIN_ASHI_BEARISH_5M_ITM,SENSEX74900PE,20,20,10:06,621.22,700.0,11.3,11:21,527.51,786.06,STOP_LOSS,TRAILING_STOP,-1874.212,1721.2,3595.41,67.64,1653.56,DISTORTED_DATA
ff1a632f-a578-466f-a587-0d807b7423fd,2026-09-17,SENSEX_RESISTANCE_REJECTION_5M_ITM,SENSEX74900PE,20,20,10:09,634.53,672.7,5.7,11:21,538.81,786.06,STOP_LOSS,TRAILING_STOP,-1914.3779999999992,2267.2,4181.58,68.08,2199.12,DISTORTED_DATA
914cb935-6b5a-4296-8066-bcec61f284e4,2026-09-17,SENSEX_OI_LONG_UNWINDING_PE,SENSEX74300PE,20,20,10:10,203.15,390.75,48.0,11:17,162.36,487.57,STOP_LOSS,TRAILING_STOP,-815.8589999999992,1936.5,2752.36,53.59,1882.91,DISTORTED_DATA
9fb97ddf-6fb7-4cfc-998c-c08aaaff9386,2026-09-17,NIFTY_ORB_BULLISH_1M_ATM,NIFTY23250CE,65,65,10:13,136.49,266.6,48.8,11:03,136.49,213.28,TRAILING_STOP,STOP_LOSS,0.0,-3465.8,-3465.8,63.7,-3529.5,DISTORTED_DATA
f4957121-566d-4970-891f-6d32969a07cc,2026-09-17,BANKNIFTY_MACD_BEARISH_1M_ATM,BANKNIFTY56300PE,30,30,10:16,531.53,408.8,30.0,11:20,531.53,546.21,TRAILING_STOP,TRAILING_STOP,0.0,4122.3,4122.3,76.87,4045.43,DISTORTED_DATA
53f6860c-c5e9-4a81-bc83-58711a69fc84,2026-09-17,NIFTY_HEIKIN_ASHI_BEARISH_5M_ITM,NIFTY23350PE,65,65,10:26,183.73,203.3,9.6,11:18,146.84,231.08,STOP_LOSS,TRAILING_STOP,-2398.0807499999983,1805.38,4203.46,65.99000000000001,1739.39,DISTORTED_DATA
3e16807b-136c-4ef1-b301-e7408f265662,2026-09-17,SENSEX_RESISTANCE_REJECTION_5M_ITM,SENSEX74900PE,20,20,10:30,624.67,690.0,9.5,11:21,530.44,786.06,STOP_LOSS,TRAILING_STOP,-1884.6309999999971,1921.2,3805.83,67.75999999999999,1853.44,DISTORTED_DATA
ededb4d7-105d-4e31-82c5-28ce62a6ccf6,2026-09-17,NIFTY_VWAP_POC_PULLBACK_CE,NIFTY23200CE,65,65,10:42,173.37,266.55,35.0,12:42,173.37,320.25,TRAILING_STOP,TIME_EXIT,0.0,3490.5,3490.5,68.15,3422.35,DISTORTED_DATA
7cece775-6289-4dfe-9eaa-da94d2f1b5c2,2026-09-17,BANKNIFTY_GAMMA_WALL_BREAKOUT_PE,BANKNIFTY56300PE,30,30,11:02,503.7,552.0,8.7,12:07,552.15,441.6,TRAILING_STOP,STOP_LOSS,1453.4040000000016,-3312.0,-4765.4,77.33,-3389.33,DISTORTED_DATA
c16a8ae9-6aa5-40d0-9976-866b0f4a7e27,2026-09-17,NIFTY_SUPERTREND_CMF_BEARISH_PE,NIFTY23350PE,65,65,11:18,178.03,241.5,26.3,11:57,142.28,193.2,STOP_LOSS,STOP_LOSS,-2323.610249999998,-3139.5,-815.89,65.42,-3204.92,DISTORTED_DATA
1aff1874-10cb-4445-adc4-ba7c905cfce4,2026-09-17,BANKNIFTY_VWAP_BB_LIQUIDITY_REBOUND_CE,BANKNIFTY56100CE,30,30,11:18,682.68,665.25,2.6,13:07,714.55,775.85,TRAILING_STOP,TRAILING_STOP,956.0400000000016,3317.85,2361.81,86.61,3231.24,LEGIT
6b94bee7-836a-4a58-976e-5305b2183a9b,2026-09-17,SENSEX_HEIKIN_ASHI_BEARISH_1M_ATM,SENSEX74300PE,20,20,11:18,173.92,500.7,65.3,11:57,139.0,400.56,STOP_LOSS,STOP_LOSS,-698.4749999999997,-2002.8,-1304.33,52.67,-2055.47,DISTORTED_DATA
38b976b9-b055-4b53-862b-5db2666e260d,2026-09-17,BANKNIFTY_HEIKIN_ASHI_BEARISH_1M_ATM,BANKNIFTY56100PE,30,30,11:18,468.27,490.9,4.6,12:00,374.24,392.72,STOP_LOSS,STOP_LOSS,-2820.833999999999,-2945.4,-124.57,69.32,-3014.72,LEGIT
99be6f24-6e76-4835-aa23-19c5feb8f6bd,2026-09-17,BANKNIFTY_DUAL_SUPERTREND_BB_PE,BANKNIFTY56100PE,30,30,11:18,468.27,490.9,4.6,12:00,374.24,392.72,STOP_LOSS,STOP_LOSS,-2820.833999999999,-2945.4,-124.57,69.32,-3014.72,LEGIT
d32ecf26-8c04-4859-bf9f-186e4f102a57,2026-09-17,SENSEX_MACD_BEARISH_1M_ATM,SENSEX74300PE,20,20,11:31,179.98,476.65,62.2,11:59,143.84,381.32,STOP_LOSS,STOP_LOSS,-722.7959999999996,-1906.6,-1183.8,52.870000000000005,-1959.47,DISTORTED_DATA
baa0faac-26e5-412d-9965-e1b6033e2481,2026-09-17,NIFTY_HEIKIN_ASHI_BEARISH_1M_ATM,NIFTY23250PE,65,65,11:34,121.82,179.65,32.2,12:07,97.36,143.72,STOP_LOSS,STOP_LOSS,-1590.0104999999987,-2335.45,-745.44,59.68000000000001,-2395.13,DISTORTED_DATA
d04fe164-1a0b-4b61-aa84-2b3ccca0b34c,2026-09-17,NIFTY_MACD_BEARISH_1M_ATM,NIFTY23250PE,65,65,11:46,121.27,165.5,26.7,12:22,96.92,132.4,STOP_LOSS,STOP_LOSS,-1582.8247499999984,-2151.5,-568.68,59.63,-2211.13,DISTORTED_DATA
aca16423-b528-45f6-a618-ce7f6bf8ba49,2026-09-17,SENSEX_HEIKIN_ASHI_BEARISH_1M_ATM,SENSEX74300PE,20,20,11:49,134.53,440.0,69.4,12:07,134.53,352.0,TRAILING_STOP,STOP_LOSS,0.0,-1760.0,-1760.0,52.19,-1812.19,DISTORTED_DATA
a34aff6e-12de-4a26-a649-ee58e5f93da7,2026-09-17,NIFTY_SUPERTREND_CMF_BEARISH_PE,NIFTY23350PE,65,65,12:04,139.14,192.15,27.6,14:04,161.85,211.4,TRAILING_STOP,TIME_EXIT,1476.2150000000008,1251.25,-224.97,66.1,1185.15,DISTORTED_DATA
622a318f-4b00-4054-9306-2b8bffb4330c,2026-09-17,NIFTY_ORB_BULLISH_1M_ATM,NIFTY23350CE,65,65,12:08,129.73,206.0,37.0,12:49,129.73,206.0,TRAILING_STOP,TRAILING_STOP,0.0,0.0,0.0,62.86,-62.86,DISTORTED_DATA
dd24960c-9708-4f68-8c40-3624f25a255e,2026-09-17,SENSEX_BB_SQUEEZE_EXPLOSION_CE,SENSEX74000CE,20,20,12:11,653.05,972.35,32.8,13:28,653.05,777.88,TRAILING_STOP,STOP_LOSS,0.0,-3889.4,-3889.4,71.47,-3960.87,DISTORTED_DATA
875b8fb1-03db-4ca7-b6ea-60fea9746244,2026-09-17,NIFTY_SUPERTREND_CMF_BULLISH_CE,NIFTY23250CE,65,65,12:50,185.54,270.0,31.3,13:35,148.28,216.0,STOP_LOSS,STOP_LOSS,-2421.5977499999976,-3510.0,-1088.4,66.19,-3576.19,DISTORTED_DATA
bd37a7ff-24ec-45ca-b9ac-fa695413be93,2026-09-17,BANKNIFTY_HEIKIN_ASHI_BEARISH_5M_ITM,BANKNIFTY56300PE,30,30,12:56,444.44,448.0,0.8,13:41,529.0,535.5,TRAILING_STOP,TRAILING_STOP,2536.680000000001,2625.0,88.32,75.57,2549.43,LEGIT
aeef8b42-a721-48c3-aa4b-d15d5ac67f84,2026-09-17,NIFTY_HEIKIN_ASHI_BEARISH_5M_ITM,NIFTY23450PE,65,65,12:56,167.77,220.05,23.8,14:19,213.05,255.6,TRAILING_STOP,TRAILING_STOP,2943.3560000000016,2310.75,-632.61,71.63,2239.12,DISTORTED_DATA
dbca660e-45cd-4550-8738-1aad92e90f86,2026-09-17,BANKNIFTY_RESISTANCE_REJECTION_5M_ITM,BANKNIFTY56300PE,30,30,13:04,455.45,449.35,1.4,13:41,544.0,535.5,TRAILING_STOP,TRAILING_STOP,2656.350000000002,2584.5,-71.85,76.36,2508.14,LEGIT
b2961b3f-061b-4c40-a008-a1a06ff52531,2026-09-17,BANKNIFTY_HEIKIN_ASHI_BEARISH_1M_ATM,BANKNIFTY56300PE,30,30,13:16,463.01,473.0,2.1,13:41,544.0,535.5,TRAILING_STOP,TRAILING_STOP,2429.6235000000006,1875.0,-554.62,76.47,1798.53,LEGIT
0542e971-7bbc-4c90-911c-684014267a2c,2026-09-17,NIFTY_RESISTANCE_REJECTION_5M_ITM,NIFTY23450PE,65,65,13:29,180.48,260.4,30.7,15:15,215.95,242.5,TRAILING_STOP,TIME_EXIT,2305.5304999999994,-1163.5,-3469.03,72.27,-1235.77,DISTORTED_DATA
545c8f63-478b-4c47-8205-ab246a03c7e9,2026-09-17,BANKNIFTY_DUAL_SUPERTREND_BB_PE,BANKNIFTY56100PE,30,30,13:39,485.69,495.75,2.0,15:15,443.0,445.25,EOD_SQUARE_OFF,TIME_EXIT,-1280.5559999999987,-1515.0,-234.44,72.47,-1587.47,LEGIT
102b2488-aa4c-4f35-92b6-aef01adc6391,2026-09-17,BANKNIFTY_VWAP_BB_LIQUIDITY_REBOUND_CE,BANKNIFTY56100CE,30,30,13:41,677.43,664.85,1.9,14:50,692.9,664.85,EOD_SQUARE_OFF,TRAILING_STOP,464.1975000000002,0.0,-464.2,85.63,-85.63,LEGIT
912c3741-d1f9-4e46-99d7-fe8863c3ab4b,2026-09-17,SENSEX_MACD_BEARISH_1M_ATM,SENSEX74400PE,20,20,13:46,172.72,481.45,64.1,15:15,138.04,435.85,STOP_LOSS,TIME_EXIT,-693.6509999999993,-912.0,-218.35,52.629999999999995,-964.63,DISTORTED_DATA
3f16835f-d9ce-4656-8d4b-ad6cc8b07a50,2026-09-17,NIFTY_MACD_BEARISH_1M_ATM,NIFTY23250PE,65,65,13:46,109.41,171.45,36.2,15:15,102.1,150.2,EOD_SQUARE_OFF,TIME_EXIT,-475.1044999999996,-1381.25,-906.15,59.75,-1441.0,DISTORTED_DATA
b2521606-bc71-4bf9-838f-b7c4c13542b0,2026-09-17,BANKNIFTY_GAMMA_WALL_BREAKOUT_PE,BANKNIFTY56100PE,30,30,15:10,443.39,445.1,0.4,15:15,443.0,445.25,EOD_SQUARE_OFF,TIME_EXIT,-11.788499999997839,4.5,16.29,71.91,-67.41,LEGIT
d50fea52-3cf1-4ecc-b84c-09b63cb0cd4b,2026-09-17,BANKNIFTY_ORB_BEARISH_5M_ITM,BANKNIFTY56100PE,30,30,15:29,460.21,453.9,1.4,15:28,459.75,459.5,EOD_SQUARE_OFF,TIME_EXIT,-13.792499999997858,168.0,181.79,72.83,95.17,LEGIT
556dbe3b-d47e-44f9-a358-196e72b302e4,2026-09-17,BANKNIFTY_ORB_BEARISH_1M_ATM,BANKNIFTY56100PE,30,30,15:29,460.21,453.9,1.4,15:28,457.8,459.5,EOD_SQUARE_OFF,TIME_EXIT,-72.29249999999752,168.0,240.29,72.75,95.25,LEGIT
7b8a1859-953a-429a-af1b-b755ca027630,2026-09-18,NIFTY_VWAP_POC_PULLBACK_CE,NIFTY23250CE,65,65,09:25,158.66,246.1,35.5,11:25,140.4,218.0,TIME_EXIT,TIME_EXIT,-1186.802499999998,-1826.5,-639.7,64.7,-1891.2,DISTORTED_DATA
ecaaea53-94c7-4bde-a8e6-fc439a8608d4,2026-09-18,SENSEX_OI_SHORT_SQUEEZE_CE,SENSEX74500CE,20,20,09:25,523.52,526.7,0.6,11:25,444.55,435.75,STOP_LOSS,TIME_EXIT,-1579.459999999998,-1819.0,-239.54,64.42,-1883.42,LEGIT
36eb0fa7-75c4-489a-a249-1d3b96796150,2026-09-18,BANKNIFTY_DUAL_SUPERTREND_BB_CE,BANKNIFTY56200CE,30,30,09:25,651.2,651.9,0.1,11:25,601.3,598.95,TIME_EXIT,TIME_EXIT,-1497.0164999999986,-1588.5,-91.48,81.4,-1669.9,LEGIT
d836b0dc-065f-41cf-ae13-d271b508d823,2026-09-18,BANKNIFTY_GAMMA_WALL_BREAKOUT_PE,BANKNIFTY56200PE,30,30,09:25,443.74,444.15,0.1,11:25,443.74,457.3,TRAILING_STOP,TIME_EXIT,0.0,394.5,394.5,71.93,322.57,LEGIT
68457086-cdce-4d29-b230-be17bc04e285,2026-09-18,SENSEX_HEIKIN_ASHI_BEARISH_1M_ATM,SENSEX74500PE,20,20,09:25,434.08,430.3,0.9,09:36,465.95,448.83,TRAILING_STOP,TRAILING_STOP,637.3270000000014,370.6,-266.73,64.24000000000001,306.36,LEGIT
ef8ee218-0aab-47b6-a532-c6b6e8d99c98,2026-09-18,SENSEX_OI_LONG_UNWINDING_PE,SENSEX74400PE,20,20,09:31,431.23,427.1,1.0,11:31,394.85,407.85,TIME_EXIT,TIME_EXIT,-727.6159999999993,-385.0,342.62,62.21,-447.21,LEGIT
fb5a0ffb-f8d7-4022-91f5-4a7dcbe014bc,2026-09-18,BANKNIFTY_HEIKIN_ASHI_BEARISH_5M_ITM,BANKNIFTY56200PE,30,30,09:36,466.07,471.05,1.1,11:36,465.6,445.3,TIME_EXIT,TIME_EXIT,-13.967999999998142,-772.5,-758.53,73.16,-845.66,LEGIT
300f9312-7349-480a-9688-4f6ba2a060f5,2026-09-18,NIFTY_HEIKIN_ASHI_BEARISH_5M_ITM,NIFTY23450PE,65,65,09:36,189.94,253.6,25.1,11:36,182.0,242.05,TIME_EXIT,TIME_EXIT,-516.0837499999984,-750.75,-234.67,69.41,-820.16,DISTORTED_DATA
9861abc2-35b4-42dc-af17-8046f0112d2d,2026-09-18,BANKNIFTY_ORB_BEARISH_5M_ITM,BANKNIFTY56200PE,30,30,09:37,470.62,458.85,2.6,11:37,461.6,445.85,TIME_EXIT,TIME_EXIT,-270.6044999999966,-390.0,-119.4,73.05,-463.05,LEGIT
5e5427c0-3451-4291-ad13-c39887917cb0,2026-09-18,BANKNIFTY_ORB_BEARISH_1M_ATM,BANKNIFTY56200PE,30,30,09:37,470.62,458.85,2.6,11:37,461.6,445.85,TIME_EXIT,TIME_EXIT,-270.6044999999966,-390.0,-119.4,73.05,-463.05,LEGIT
cf68e6d5-7128-45b6-be33-5a024646d020,2026-09-18,SENSEX_RESISTANCE_REJECTION_5M_ITM,SENSEX74600PE,20,20,09:38,531.18,497.0,6.9,11:38,494.15,500.0,TIME_EXIT,TIME_EXIT,-740.6129999999985,60.0,800.61,65.89,-5.89,DISTORTED_DATA
f2ad321d-2a5e-405a-8e71-6a3c9a535f48,2026-09-18,SENSEX_HEIKIN_ASHI_BEARISH_5M_ITM,SENSEX74600PE,20,20,09:41,534.78,495.05,8.0,11:41,491.15,495.6,TIME_EXIT,TIME_EXIT,-872.684999999999,11.0,883.68,65.84,-54.84,DISTORTED_DATA
c757f454-70aa-4859-b8f0-48f2513d23d4,2026-09-18,NIFTY_RESISTANCE_REJECTION_5M_ITM,NIFTY23450PE,65,65,09:41,196.7,237.2,17.1,11:41,180.45,239.8,TIME_EXIT,TIME_EXIT,-1056.0224999999998,169.0,1225.02,69.47,99.53,DISTORTED_DATA
40ef9842-91f3-4c61-974c-1e5a5bd13a6e,2026-09-18,BANKNIFTY_RESISTANCE_REJECTION_5M_ITM,BANKNIFTY56200PE,30,30,09:48,471.07,456.4,3.2,11:48,462.65,448.0,TIME_EXIT,TIME_EXIT,-252.61799999999937,-252.0,0.62,73.1,-325.1,LEGIT
e95b4e4a-44a1-44fd-8eaf-b6374dc398db,2026-09-18,SENSEX_ORB_BEARISH_5M_ITM,SENSEX74700PE,20,20,10:09,572.62,532.7,7.5,12:09,548.0,513.9,TIME_EXIT,TIME_EXIT,-492.4409999999989,-376.0,116.44,67.78,-443.78,DISTORTED_DATA
4acd801a-651b-4084-aa5f-dd2cc852304c,2026-09-18,SENSEX_ORB_BEARISH_1M_ATM,SENSEX74400PE,20,20,10:09,423.87,391.35,8.3,12:09,398.85,371.05,TIME_EXIT,TIME_EXIT,-500.46899999999823,-406.0,94.47,62.24,-468.24,DISTORTED_DATA
b2d21d69-5159-4486-9edc-161f3dfa7853,2026-09-18,BANKNIFTY_HEIKIN_ASHI_BEARISH_1M_ATM,BANKNIFTY56200PE,30,30,10:46,443.99,458.75,3.2,12:44,443.99,367.0,TRAILING_STOP,STOP_LOSS,0.0,-2752.5,-2752.5,71.96,-2824.46,LEGIT
ab99f477-6864-4c6b-9d83-1bc3e80e489e,2026-09-18,SENSEX_OI_SHORT_SQUEEZE_CE,SENSEX74500CE,20,20,10:47,476.33,456.6,4.3,12:47,436.85,483.45,TIME_EXIT,TIME_EXIT,-789.5169999999985,537.0,1326.52,63.8,473.2,LEGIT
aaf09d67-a411-48d6-89e9-c94bda572223,2026-09-18,NIFTY_SUPERTREND_CMF_BULLISH_CE,NIFTY23200CE,65,65,11:01,175.28,259.4,32.4,13:01,175.28,270.35,TRAILING_STOP,TIME_EXIT,0.0,711.75,711.75,68.37,643.38,DISTORTED_DATA
7e34e03a-21e5-4251-b798-66478f022d09,2026-09-18,SENSEX_HEIKIN_ASHI_BEARISH_1M_ATM,SENSEX74400PE,20,20,11:01,411.91,402.05,2.5,13:01,418.5,326.95,TIME_EXIT,TIME_EXIT,131.77000000000135,-1502.0,-1633.77,62.709999999999994,-1564.71,LEGIT
0fe86c4e-67d9-4efe-9ff4-4005cac8e611,2026-09-18,NIFTY_HEIKIN_ASHI_BEARISH_1M_ATM,NIFTY23300PE,65,65,11:01,99.0,161.7,38.8,13:01,103.8,140.95,TIME_EXIT,TIME_EXIT,312.07150000000036,-1348.75,-1660.82,59.61,-1408.36,DISTORTED_DATA
24bb4061-5e93-4e2b-9c4f-7886881e29c9,2026-09-18,BANKNIFTY_VWAP_BB_LIQUIDITY_REBOUND_CE,BANKNIFTY56100CE,30,30,11:08,658.81,657.1,0.3,13:08,658.81,762.65,TRAILING_STOP,TIME_EXIT,0.0,3166.5,3166.5,83.93,3082.57,LEGIT
2993c5f3-d7a0-4fe2-84a2-276adfe0db4c,2026-09-18,SENSEX_MACD_BEARISH_1M_ATM,SENSEX74400PE,20,20,11:16,410.06,405.4,1.1,13:01,327.72,324.32,STOP_LOSS,STOP_LOSS,-1646.7929999999978,-1621.6,25.19,60.12,-1681.72,LEGIT
f896f1b4-a019-4e7e-8029-4b80b464fd75,2026-09-18,NIFTY_MACD_BEARISH_1M_ATM,NIFTY23300PE,65,65,11:16,98.8,164.75,40.0,13:16,99.05,142.4,TIME_EXIT,TIME_EXIT,16.334500000000034,-1452.75,-1469.08,59.17,-1511.92,DISTORTED_DATA
37e148e2-111f-4fb6-93a6-f2f996b228da,2026-09-18,BANKNIFTY_MACD_BEARISH_1M_ATM,BANKNIFTY56100PE,30,30,11:31,409.81,411.65,0.4,12:48,409.81,329.32,TRAILING_STOP,STOP_LOSS,0.0,-2469.9,-2469.9,70.06,-2539.96,LEGIT
ec4517d0-388f-41ec-b646-4dd2d1de203f,2026-09-18,SENSEX_OI_LONG_UNWINDING_PE,SENSEX74400PE,20,20,11:31,395.14,408.0,3.2,13:01,395.14,326.4,TRAILING_STOP,STOP_LOSS,0.0,-1632.0,-1632.0,61.900000000000006,-1693.9,LEGIT
a698b3dd-892c-494e-aeb6-8812c56817a1,2026-09-18,NIFTY_RESISTANCE_REJECTION_5M_ITM,NIFTY23450PE,65,65,11:46,181.38,240.85,24.7,13:46,170.85,222.15,TIME_EXIT,TIME_EXIT,-684.527999999999,-1215.5,-530.97,68.14,-1283.64,DISTORTED_DATA
aeded246-91d9-4b30-b5e4-f63bf0af7e36,2026-09-18,SENSEX_RESISTANCE_REJECTION_5M_ITM,SENSEX74600PE,20,20,11:53,505.4,474.75,6.5,13:53,429.16,415.15,STOP_LOSS,TIME_EXIT,-1524.7979999999995,-1192.0,332.8,63.83,-1255.83,DISTORTED_DATA
29625afb-865f-48ec-9c21-40679cf0ef0b,2026-09-18,BANKNIFTY_RESISTANCE_REJECTION_5M_ITM,BANKNIFTY56100PE,30,30,12:00,386.99,385.9,0.3,14:00,386.99,333.8,TRAILING_STOP,TIME_EXIT,0.0,-1563.0,-1563.0,68.78,-1631.78,LEGIT
983b249f-4ff9-4013-bd5c-1fe061018a00,2026-09-18,NIFTY_HEIKIN_ASHI_BEARISH_5M_ITM,NIFTY23400PE,65,65,12:01,159.01,200.1,20.5,14:01,127.08,189.0,STOP_LOSS,TIME_EXIT,-2075.375249999998,-721.5,1353.88,63.47,-784.97,DISTORTED_DATA
f2bed36e-e928-4f72-98d5-661fbedeb87a,2026-09-18,SENSEX_HEIKIN_ASHI_BEARISH_5M_ITM,SENSEX74600PE,20,20,12:01,519.67,460.4,12.9,14:01,441.28,418.75,STOP_LOSS,TIME_EXIT,-1567.8329999999994,-833.0,734.83,64.31,-897.31,DISTORTED_DATA
09c74be4-0866-42e6-aa46-434020d5674a,2026-09-18,BANKNIFTY_HEIKIN_ASHI_BEARISH_5M_ITM,BANKNIFTY56100PE,30,30,12:11,425.78,385.65,10.4,14:09,340.28,308.52,STOP_LOSS,STOP_LOSS,-2564.8604999999993,-2313.9,250.96,67.31,-2381.21,DISTORTED_DATA
2ed807b9-5855-49a2-bff2-178a3c7c630e,2026-09-18,BANKNIFTY_HEIKIN_ASHI_BEARISH_1M_ATM,BANKNIFTY56100PE,30,30,12:16,425.02,379.3,12.1,14:16,339.68,307.0,STOP_LOSS,TIME_EXIT,-2560.337999999997,-2169.0,391.34,67.27,-2236.27,DISTORTED_DATA
390df688-ef1b-4a0e-a282-f5f22d847a68,2026-09-18,SENSEX_ORB_BEARISH_1M_ATM,SENSEX74400PE,20,20,12:30,418.67,363.4,15.2,14:30,334.6,290.72,STOP_LOSS,STOP_LOSS,-1681.3649999999984,-1453.6,227.76,60.38,-1513.98,DISTORTED_DATA
c2c8c087-7f02-4006-9303-efa9abfd3640,2026-09-18,BANKNIFTY_VWAP_BB_LIQUIDITY_REBOUND_CE,BANKNIFTY56100CE,30,30,12:31,640.79,687.75,6.8,13:31,671.1,697.5,TRAILING_STOP,TRAILING_STOP,909.2955000000029,292.5,-616.8,84.21000000000001,208.29,DISTORTED_DATA
cf372de6-7399-447e-996d-2eb796705016,2026-09-18,BANKNIFTY_GAMMA_WALL_BREAKOUT_PE,BANKNIFTY56200PE,30,30,12:43,459.31,377.5,21.7,14:43,367.08,333.7,STOP_LOSS,TIME_EXIT,-2766.865499999997,-1314.0,1452.87,68.89,-1382.89,DISTORTED_DATA
6af2a1cf-414d-4c99-8974-c8ff4ea7a1c9,2026-09-18,BANKNIFTY_ORB_BEARISH_5M_ITM,BANKNIFTY56200PE,30,30,12:45,462.41,368.65,25.4,14:45,369.56,333.95,STOP_LOSS,TIME_EXIT,-2785.558499999998,-1041.0,1744.56,69.04,-1110.04,DISTORTED_DATA
caa10166-cbb3-4381-8c92-25edd7251b4a,2026-09-18,BANKNIFTY_ORB_BEARISH_1M_ATM,BANKNIFTY56100PE,30,30,12:45,421.17,332.85,26.5,14:45,336.6,300.35,STOP_LOSS,TIME_EXIT,-2537.1224999999977,-975.0,1562.12,67.11,-1042.11,DISTORTED_DATA
cde22faa-e212-4df4-8a3c-bf9c1b1ff224,2026-09-18,SENSEX_BB_SQUEEZE_EXPLOSION_CE,SENSEX74400CE,20,20,13:41,532.38,528.75,0.7,14:44,582.2,560.57,TRAILING_STOP,TRAILING_STOP,996.3630000000012,636.3,-360.06,68.39,567.91,LEGIT
38979116-d15f-46ab-a633-9a8d4dd085a3,2026-09-18,NIFTY_VWAP_POC_PULLBACK_CE,NIFTY23250CE,65,65,13:42,149.5,224.9,33.5,15:15,167.55,239.8,TRAILING_STOP,TIME_EXIT,1173.2922500000032,968.5,-204.79,66.92,901.58,DISTORTED_DATA
