strategy,symbol,entry_time,entry_price,exit_time,exit_price,exit_reason,pnl
NIFTY_HEIKIN_ASHI_BEARISH_5M_ITM,NIFTY24250PE,2026-08-31 09:25:00+05:30,195.27508,2026-08-31 11:25:00+05:30,248.39,TIME_EXIT,3452.469799999999
NIFTY_SUPERTREND_CMF_BEARISH_PE,NIFTY24250PE,2026-08-31 09:25:00+05:30,195.27508,2026-08-31 11:25:00+05:30,248.39,TIME_EXIT,3452.469799999999
NIFTY_ORB_BEARISH_5M_ITM,NIFTY24200PE,2026-08-31 09:42:00+05:30,179.6795,2026-08-31 11:42:00+05:30,184.78,TIME_EXIT,331.5325000000007
NIFTY_SUPERTREND_CMF_BEARISH_PE,NIFTY24200PE,2026-08-31 11:25:00+05:30,204.12391999999997,2026-08-31 11:54:00+05:30,163.136,STOP_LOSS,-2664.2147999999984
NIFTY_RESISTANCE_REJECTION_5M_ITM,NIFTY24200PE,2026-08-31 11:37:00+05:30,194.22402999999997,2026-08-31 11:54:00+05:30,155.22400000000002,STOP_LOSS,-2535.001949999997
NIFTY_HEIKIN_ASHI_BULLISH_5M_ITM,NIFTY23900CE,2026-08-31 11:54:00+05:30,192.00180999999998,2026-08-31 13:54:00+05:30,179.63,TIME_EXIT,-804.1676499999988
NIFTY_ORB_BULLISH_5M_ITM,NIFTY23900CE,2026-08-31 11:54:00+05:30,192.00180999999998,2026-08-31 13:54:00+05:30,179.63,TIME_EXIT,-804.1676499999988
NIFTY_SUPERTREND_CMF_BULLISH_CE,NIFTY23900CE,2026-08-31 11:54:00+05:30,192.00180999999998,2026-08-31 13:54:00+05:30,179.63,TIME_EXIT,-804.1676499999988
NIFTY_MACD_BULLISH_1M_ATM,NIFTY24050CE,2026-08-31 12:21:00+05:30,84.83474999999999,2026-08-31 14:03:00+05:30,67.8,STOP_LOSS,-1107.2587499999993
NIFTY_RESISTANCE_REJECTION_5M_ITM,NIFTY24250PE,2026-08-31 13:41:00+05:30,198.50831,2026-08-31 14:45:00+05:30,198.50831,TRAILING_STOP,0.0
NIFTY_SUPERTREND_CMF_BEARISH_PE,NIFTY24250PE,2026-08-31 13:41:00+05:30,198.50831,2026-08-31 14:45:00+05:30,198.50831,TRAILING_STOP,0.0
NIFTY_HEIKIN_ASHI_BEARISH_5M_ITM,NIFTY24250PE,2026-08-31 13:45:00+05:30,200.81061,2026-08-31 14:42:00+05:30,200.81061,TRAILING_STOP,0.0
NIFTY_HEIKIN_ASHI_BEARISH_1M_ATM,NIFTY24050PE,2026-08-31 14:00:00+05:30,69.60954,2026-08-31 14:40:00+05:30,70.091,TRAILING_STOP,31.2948999999999
NIFTY_ORB_BEARISH_5M_ITM,NIFTY24200PE,2026-08-31 14:04:00+05:30,179.22905,2026-08-31 14:46:00+05:30,143.24,STOP_LOSS,-2339.2882499999996
NIFTY_HEIKIN_ASHI_BEARISH_1M_ATM,NIFTY24050PE,2026-08-31 14:40:00+05:30,66.31625,2026-08-31 14:46:00+05:30,53.0,STOP_LOSS,-865.5562499999997
NIFTY_HEIKIN_ASHI_BULLISH_5M_ITM,NIFTY23900CE,2026-08-31 14:45:00+05:30,192.25205999999997,2026-08-31 15:00:00+05:30,192.25205999999997,TRAILING_STOP,0.0
NIFTY_ORB_BULLISH_5M_ITM,NIFTY23900CE,2026-08-31 14:45:00+05:30,192.25205999999997,2026-08-31 15:00:00+05:30,192.25205999999997,TRAILING_STOP,0.0
NIFTY_SUPERTREND_CMF_BULLISH_CE,NIFTY23900CE,2026-08-31 14:45:00+05:30,192.25205999999997,2026-08-31 15:00:00+05:30,192.25205999999997,TRAILING_STOP,0.0
NIFTY_SUPERTREND_CMF_BEARISH_PE,NIFTY24250PE,2026-08-31 15:05:00+05:30,205.1049,2026-08-31 15:15:00+05:30,207.18,EOD_SQUARE_OFF,134.88150000000132
NIFTY_HEIKIN_ASHI_BEARISH_5M_ITM,NIFTY24250PE,2026-08-31 15:10:00+05:30,199.30911,2026-08-31 15:15:00+05:30,207.18,EOD_SQUARE_OFF,511.6078500000002
NIFTY_RESISTANCE_REJECTION_5M_ITM,NIFTY24250PE,2026-08-31 15:14:00+05:30,205.91571,2026-08-31 15:15:00+05:30,207.18,EOD_SQUARE_OFF,82.17885000000109
NIFTY_SUPERTREND_CMF_BEARISH_PE,NIFTY24250PE,2026-08-31 15:20:00+05:30,207.38717999999997,2026-08-31 15:21:00+05:30,207.18,EOD_SQUARE_OFF,-13.466699999997758
NIFTY_HEIKIN_ASHI_BEARISH_5M_ITM,NIFTY24250PE,2026-08-31 15:25:00+05:30,207.38717999999997,2026-08-31 15:26:00+05:30,207.18,EOD_SQUARE_OFF,-13.466699999997758
NIFTY_SUPPORT_BOUNCE_5M_ITM,NIFTY23900CE,2026-08-31 15:29:00+05:30,198.42822999999996,2026-09-01 09:15:00+05:30,158.584,STOP_LOSS,-2589.874949999997
NIFTY_ORB_BULLISH_5M_ITM,NIFTY23900CE,2026-08-31 15:29:00+05:30,198.42822999999996,2026-09-01 09:15:00+05:30,158.584,STOP_LOSS,-2589.874949999997
NIFTY_SUPERTREND_CMF_BULLISH_CE,NIFTY23900CE,2026-08-31 15:29:00+05:30,198.42822999999996,2026-09-01 09:15:00+05:30,158.584,STOP_LOSS,-2589.874949999997
NIFTY_HEIKIN_ASHI_BEARISH_5M_ITM,NIFTY24250PE,2026-09-01 09:25:00+05:30,207.23702999999998,2026-09-01 10:15:00+05:30,207.23702999999998,TRAILING_STOP,0.0
NIFTY_SUPERTREND_CMF_BEARISH_PE,NIFTY24250PE,2026-09-01 09:25:00+05:30,207.23702999999998,2026-09-01 10:15:00+05:30,207.23702999999998,TRAILING_STOP,0.0
NIFTY_RESISTANCE_REJECTION_5M_ITM,NIFTY24250PE,2026-09-01 09:27:00+05:30,198.72852999999998,2026-09-01 10:11:00+05:30,213.72852999999998,TRAILING_STOP,975.0
NIFTY_ORB_BEARISH_5M_ITM,NIFTY24250PE,2026-09-01 09:43:00+05:30,216.52630999999997,2026-09-01 10:52:00+05:30,173.048,STOP_LOSS,-2826.0901499999977
NIFTY_HEIKIN_ASHI_BEARISH_1M_ATM,NIFTY24000PE,2026-09-01 10:00:00+05:30,24.604579999999995,2026-09-01 10:04:00+05:30,19.664,STOP_LOSS,-321.1376999999996
NIFTY_MACD_BEARISH_1M_ATM,NIFTY24000PE,2026-09-01 10:00:00+05:30,24.604579999999995,2026-09-01 10:04:00+05:30,19.664,STOP_LOSS,-321.1376999999996
NIFTY_HEIKIN_ASHI_BEARISH_1M_ATM,NIFTY24050PE,2026-09-01 10:04:00+05:30,42.09204999999999,2026-09-01 10:09:00+05:30,42.09204999999999,TRAILING_STOP,0.0
NIFTY_MACD_BEARISH_1M_ATM,NIFTY24050PE,2026-09-01 10:04:00+05:30,42.09204999999999,2026-09-01 10:09:00+05:30,42.09204999999999,TRAILING_STOP,0.0
NIFTY_HEIKIN_ASHI_BEARISH_1M_ATM,NIFTY24050PE,2026-09-01 10:09:00+05:30,41.82178,2026-09-01 10:15:00+05:30,33.424,STOP_LOSS,-545.8556999999998
NIFTY_MACD_BEARISH_1M_ATM,NIFTY24050PE,2026-09-01 10:09:00+05:30,41.82178,2026-09-01 10:15:00+05:30,33.424,STOP_LOSS,-545.8556999999998
NIFTY_MACD_BULLISH_1M_ATM,NIFTY24050CE,2026-09-01 10:32:00+05:30,42.462419999999995,2026-09-01 10:56:00+05:30,47.1325,TRAILING_STOP,303.55520000000035
NIFTY_HEIKIN_ASHI_BULLISH_5M_ITM,NIFTY23850CE,2026-09-01 10:32:00+05:30,219.33911999999998,2026-09-01 12:24:00+05:30,249.33911999999998,TRAILING_STOP,1950.0
NIFTY_SUPERTREND_CMF_BULLISH_CE,NIFTY23850CE,2026-09-01 10:32:00+05:30,219.33911999999998,2026-09-01 12:24:00+05:30,249.33911999999998,TRAILING_STOP,1950.0
NIFTY_ORB_BULLISH_1M_ATM,NIFTY24100CE,2026-09-01 10:53:00+05:30,25.87585,2026-09-01 11:03:00+05:30,20.680000000000003,STOP_LOSS,-337.7302499999998
NIFTY_ORB_BULLISH_1M_ATM,NIFTY24100CE,2026-09-01 11:07:00+05:30,22.672649999999997,2026-09-01 11:34:00+05:30,45.9935,TRAILING_STOP,1515.85525
NIFTY_SUPPORT_BOUNCE_5M_ITM,NIFTY23900CE,2026-09-01 12:25:00+05:30,206.30609999999996,2026-09-01 13:11:00+05:30,164.88,STOP_LOSS,-2692.6964999999977
NIFTY_SUPERTREND_CMF_BULLISH_CE,NIFTY23900CE,2026-09-01 12:33:00+05:30,206.07586999999998,2026-09-01 13:11:00+05:30,164.69600000000003,STOP_LOSS,-2689.691549999997
NIFTY_HEIKIN_ASHI_BULLISH_5M_ITM,NIFTY23900CE,2026-09-01 12:45:00+05:30,213.24302999999998,2026-09-01 13:11:00+05:30,170.424,STOP_LOSS,-2783.236949999998
NIFTY_HEIKIN_ASHI_BEARISH_5M_ITM,NIFTY24300PE,2026-09-01 13:03:00+05:30,216.59637999999998,2026-09-01 15:03:00+05:30,330.41,TIME_EXIT,7397.885300000003
NIFTY_SUPERTREND_CMF_BEARISH_PE,NIFTY24300PE,2026-09-01 13:03:00+05:30,216.59637999999998,2026-09-01 15:03:00+05:30,330.41,TIME_EXIT,7397.885300000003
NIFTY_HEIKIN_ASHI_BEARISH_1M_ATM,NIFTY24050PE,2026-09-01 13:15:00+05:30,24.524499999999996,2026-09-01 13:21:00+05:30,19.6,STOP_LOSS,-320.09249999999963
NIFTY_MACD_BEARISH_1M_ATM,NIFTY24050PE,2026-09-01 13:15:00+05:30,24.524499999999996,2026-09-01 13:21:00+05:30,19.6,STOP_LOSS,-320.09249999999963
NIFTY_HEIKIN_ASHI_BEARISH_1M_ATM,NIFTY24050PE,2026-09-01 13:21:00+05:30,18.038019999999996,2026-09-01 13:31:00+05:30,18.351499999999998,TRAILING_STOP,20.37620000000013
NIFTY_MACD_BEARISH_1M_ATM,NIFTY24050PE,2026-09-01 13:21:00+05:30,18.038019999999996,2026-09-01 13:31:00+05:30,18.351499999999998,TRAILING_STOP,20.37620000000013
NIFTY_HEIKIN_ASHI_BEARISH_1M_ATM,NIFTY24050PE,2026-09-01 13:31:00+05:30,15.715699999999998,2026-09-01 13:44:00+05:30,30.276999999999997,TRAILING_STOP,946.4844999999999
NIFTY_ORB_BEARISH_5M_ITM,NIFTY24250PE,2026-09-01 13:40:00+05:30,222.56233999999998,2026-09-01 15:15:00+05:30,269.4,EOD_SQUARE_OFF,3044.4479
NIFTY_HEIKIN_ASHI_BEARISH_1M_ATM,NIFTY24050PE,2026-09-01 13:44:00+05:30,27.817789999999995,2026-09-01 13:57:00+05:30,52.461999999999996,TRAILING_STOP,1601.87365
NIFTY_HEIKIN_ASHI_BEARISH_1M_ATM,NIFTY24000PE,2026-09-01 13:57:00+05:30,14.854839999999998,2026-09-01 14:11:00+05:30,39.61,TRAILING_STOP,1609.0854000000002
NIFTY_HEIKIN_ASHI_BEARISH_1M_ATM,NIFTY23950PE,2026-09-01 14:11:00+05:30,8.17817,2026-09-01 14:14:00+05:30,9.6135,TRAILING_STOP,93.29645000000002
NIFTY_HEIKIN_ASHI_BEARISH_1M_ATM,NIFTY23950PE,2026-09-01 14:14:00+05:30,9.59959,2026-09-01 14:19:00+05:30,9.59959,TRAILING_STOP,0.0
NIFTY_HEIKIN_ASHI_BEARISH_1M_ATM,NIFTY23950PE,2026-09-01 14:19:00+05:30,8.89889,2026-09-01 14:25:00+05:30,10.88,TRAILING_STOP,128.77215000000007
NIFTY_HEIKIN_ASHI_BEARISH_1M_ATM,NIFTY23950PE,2026-09-01 14:25:00+05:30,9.629619999999997,2026-09-01 14:29:00+05:30,7.696,STOP_LOSS,-125.68529999999984
NIFTY_HEIKIN_ASHI_BEARISH_1M_ATM,NIFTY24000PE,2026-09-01 14:29:00+05:30,25.355329999999995,2026-09-01 14:31:00+05:30,28.534499999999998,TRAILING_STOP,206.64605000000017
NIFTY_HEIKIN_ASHI_BEARISH_1M_ATM,NIFTY24000PE,2026-09-01 14:31:00+05:30,25.355329999999995,2026-09-01 14:34:00+05:30,26.384,TRAILING_STOP,66.86355000000034
NIFTY_HEIKIN_ASHI_BEARISH_1M_ATM,NIFTY24000PE,2026-09-01 14:34:00+05:30,22.87285,2026-09-01 14:42:00+05:30,35.105,TRAILING_STOP,795.0897499999999
NIFTY_HEIKIN_ASHI_BEARISH_1M_ATM,NIFTY23950PE,2026-09-01 14:42:00+05:30,5.33533,2026-09-01 14:45:00+05:30,4.264,STOP_LOSS,-69.63644999999998
NIFTY_HEIKIN_ASHI_BEARISH_1M_ATM,NIFTY23950PE,2026-09-01 14:45:00+05:30,4.21421,2026-09-01 14:49:00+05:30,5.202,TRAILING_STOP,64.20635000000003
NIFTY_HEIKIN_ASHI_BEARISH_1M_ATM,NIFTY23950PE,2026-09-01 14:49:00+05:30,4.474469999999999,2026-09-01 14:50:00+05:30,3.576,STOP_LOSS,-58.400549999999946
NIFTY_HEIKIN_ASHI_BEARISH_1M_ATM,NIFTY24000PE,2026-09-01 14:50:00+05:30,25.575549999999996,2026-09-01 14:55:00+05:30,20.44,STOP_LOSS,-333.81074999999964
NIFTY_HEIKIN_ASHI_BEARISH_1M_ATM,NIFTY24000PE,2026-09-01 14:55:00+05:30,18.588569999999997,2026-09-01 15:01:00+05:30,21.692,TRAILING_STOP,201.7229500000002
NIFTY_SUPERTREND_CMF_BEARISH_PE,NIFTY24150PE,2026-09-01 15:03:00+05:30,180.59040999999996,2026-09-01 15:15:00+05:30,169.4,EOD_SQUARE_OFF,-727.3766499999972
NIFTY_SUPERTREND_CMF_BEARISH_PE,NIFTY24200PE,2026-09-01 15:18:00+05:30,219.62940999999998,2026-09-01 15:19:00+05:30,219.41,EOD_SQUARE_OFF,-14.261649999998838
NIFTY_HEIKIN_ASHI_BEARISH_5M_ITM,NIFTY23900PE,2026-09-02 09:25:00+05:30,202.17197,2026-09-02 11:25:00+05:30,195.8,TIME_EXIT,-414.17804999999845
NIFTY_SUPERTREND_CMF_BEARISH_PE,NIFTY23900PE,2026-09-02 09:25:00+05:30,202.17197,2026-09-02 11:25:00+05:30,195.8,TIME_EXIT,-414.17804999999845
NIFTY_HEIKIN_ASHI_BEARISH_1M_ATM,NIFTY23850PE,2026-09-02 09:45:00+05:30,164.58441999999997,2026-09-02 11:45:00+05:30,176.93,TIME_EXIT,802.4627000000027
NIFTY_ORB_BULLISH_1M_ATM,NIFTY23900CE,2026-09-02 10:30:00+05:30,177.35718,2026-09-02 11:37:00+05:30,141.744,STOP_LOSS,-2314.8567
NIFTY_RESISTANCE_REJECTION_5M_ITM,NIFTY23950PE,2026-09-02 10:34:00+05:30,192.82262999999998,2026-09-02 12:34:00+05:30,210.9,TIME_EXIT,1175.029050000002
NIFTY_SUPERTREND_CMF_BEARISH_PE,NIFTY23900PE,2026-09-02 11:25:00+05:30,195.9958,2026-09-02 13:25:00+05:30,167.7,TIME_EXIT,-1839.227000000001
NIFTY_HEIKIN_ASHI_BEARISH_5M_ITM,NIFTY23900PE,2026-09-02 11:30:00+05:30,198.46827,2026-09-02 13:30:00+05:30,169.89,TIME_EXIT,-1857.5875500000002
NIFTY_HEIKIN_ASHI_BEARISH_1M_ATM,NIFTY23800PE,2026-09-02 11:45:00+05:30,152.50234999999998,2026-09-02 13:26:00+05:30,121.88,STOP_LOSS,-1990.452749999999
SENSEX_HEIKIN_ASHI_BEARISH_5M_ITM,SENSEX77400PE,2026-08-31 09:25:00+05:30,575.01444,2026-08-31 09:32:00+05:30,605.01444,TRAILING_STOP,600.0
SENSEX_BB_SQUEEZE_EXPLOSION_PE,SENSEX77400PE,2026-08-31 09:25:00+05:30,575.01444,2026-08-31 09:32:00+05:30,605.01444,TRAILING_STOP,600.0
SENSEX_OI_LONG_UNWINDING_PE,SENSEX77000PE,2026-08-31 09:25:00+05:30,353.78342999999995,2026-08-31 09:32:00+05:30,368.78342999999995,TRAILING_STOP,300.0
SENSEX_HEIKIN_ASHI_BEARISH_5M_ITM,SENSEX77400PE,2026-08-31 09:40:00+05:30,619.5389199999998,2026-08-31 10:05:00+05:30,649.5389199999998,TRAILING_STOP,600.0
SENSEX_BB_SQUEEZE_EXPLOSION_PE,SENSEX77400PE,2026-08-31 09:40:00+05:30,619.5389199999998,2026-08-31 10:05:00+05:30,649.5389199999998,TRAILING_STOP,600.0
SENSEX_OI_LONG_UNWINDING_PE,SENSEX77000PE,2026-08-31 09:40:00+05:30,387.21682999999996,2026-08-31 10:05:00+05:30,417.21682999999996,TRAILING_STOP,600.0
SENSEX_ORB_BEARISH_5M_ITM,SENSEX77300PE,2026-08-31 09:42:00+05:30,587.2466599999999,2026-08-31 09:47:00+05:30,587.2466599999999,TRAILING_STOP,0.0
SENSEX_ORB_BEARISH_1M_ATM,SENSEX76900PE,2026-08-31 10:09:00+05:30,375.77539999999993,2026-08-31 10:28:00+05:30,390.77539999999993,TRAILING_STOP,300.0
SENSEX_BB_SQUEEZE_EXPLOSION_PE,SENSEX77300PE,2026-08-31 10:10:00+05:30,629.95933,2026-08-31 10:27:00+05:30,629.95933,TRAILING_STOP,0.0
SENSEX_OI_LONG_UNWINDING_PE,SENSEX76800PE,2026-08-31 10:10:00+05:30,346.28594,2026-08-31 10:27:00+05:30,346.28594,TRAILING_STOP,0.0
SENSEX_HEIKIN_ASHI_BEARISH_5M_ITM,SENSEX77200PE,2026-08-31 10:20:00+05:30,589.8792899999999,2026-08-31 10:58:00+05:30,589.8792899999999,TRAILING_STOP,0.0
SENSEX_BB_SQUEEZE_EXPLOSION_PE,SENSEX77200PE,2026-08-31 10:40:00+05:30,616.72611,2026-08-31 11:54:00+05:30,492.88800000000003,STOP_LOSS,-2476.7621999999983
SENSEX_OI_LONG_UNWINDING_PE,SENSEX76800PE,2026-08-31 10:40:00+05:30,384.7743899999999,2026-08-31 11:54:00+05:30,307.512,STOP_LOSS,-1545.2477999999985
SENSEX_HEIKIN_ASHI_BEARISH_5M_ITM,SENSEX77200PE,2026-08-31 11:15:00+05:30,600.9903899999999,2026-08-31 11:54:00+05:30,480.312,STOP_LOSS,-2413.5677999999984
SENSEX_RESISTANCE_REJECTION_5M_ITM,SENSEX77200PE,2026-08-31 11:31:00+05:30,579.8692899999999,2026-08-31 11:55:00+05:30,463.432,STOP_LOSS,-2328.745799999997
SENSEX_OI_SHORT_SQUEEZE_CE,SENSEX76800CE,2026-08-31 11:34:00+05:30,434.4640299999999,2026-08-31 13:34:00+05:30,521.03,TIME_EXIT,1731.319400000001
SENSEX_SUPPORT_BOUNCE_1M_ATM,SENSEX77000CE,2026-08-31 11:54:00+05:30,406.84644,2026-08-31 11:59:00+05:30,406.84644,TRAILING_STOP,0.0
SENSEX_BB_SQUEEZE_EXPLOSION_CE,SENSEX76700CE,2026-08-31 11:54:00+05:30,578.3878099999998,2026-08-31 11:58:00+05:30,593.3878099999998,TRAILING_STOP,300.0
SENSEX_HEIKIN_ASHI_BULLISH_5M_ITM,SENSEX76700CE,2026-08-31 11:55:00+05:30,598.6180199999999,2026-08-31 13:55:00+05:30,548.8,TIME_EXIT,-996.3603999999987
SENSEX_ORB_BULLISH_5M_ITM,SENSEX76700CE,2026-08-31 11:56:00+05:30,617.8272099999999,2026-08-31 13:56:00+05:30,548.31,TIME_EXIT,-1390.3441999999995
SENSEX_MACD_BULLISH_1M_ATM,SENSEX77000CE,2026-08-31 12:20:00+05:30,412.10168999999996,2026-08-31 14:20:00+05:30,336.95,TIME_EXIT,-1503.0337999999995
SENSEX_SUPPORT_BOUNCE_1M_ATM,SENSEX77000CE,2026-08-31 12:20:00+05:30,412.10168999999996,2026-08-31 14:20:00+05:30,336.95,TIME_EXIT,-1503.0337999999995
SENSEX_BB_SQUEEZE_EXPLOSION_CE,SENSEX76700CE,2026-08-31 12:20:00+05:30,584.8542699999999,2026-08-31 14:20:00+05:30,491.01,TIME_EXIT,-1876.8853999999988
SENSEX_HEIKIN_ASHI_BEARISH_5M_ITM,SENSEX77400PE,2026-08-31 12:35:00+05:30,618.68807,2026-08-31 14:35:00+05:30,681.95,TIME_EXIT,1265.2386000000001
SENSEX_OI_SHORT_SQUEEZE_CE,SENSEX77000CE,2026-08-31 13:34:00+05:30,410.61019999999996,2026-08-31 14:29:00+05:30,328.16,STOP_LOSS,-1649.0039999999988
SENSEX_RESISTANCE_REJECTION_5M_ITM,SENSEX77400PE,2026-08-31 13:39:00+05:30,613.3227099999999,2026-08-31 14:40:00+05:30,643.3227099999999,TRAILING_STOP,600.0
SENSEX_BB_SQUEEZE_EXPLOSION_PE,SENSEX77400PE,2026-08-31 13:39:00+05:30,613.3227099999999,2026-08-31 14:40:00+05:30,643.3227099999999,TRAILING_STOP,600.0
SENSEX_OI_LONG_UNWINDING_PE,SENSEX77000PE,2026-08-31 13:39:00+05:30,382.51212999999996,2026-08-31 14:40:00+05:30,412.51212999999996,TRAILING_STOP,600.0
SENSEX_ORB_BEARISH_5M_ITM,SENSEX77300PE,2026-08-31 13:59:00+05:30,581.0104299999999,2026-08-31 14:38:00+05:30,611.0104299999999,TRAILING_STOP,600.0
SENSEX_HEIKIN_ASHI_BEARISH_1M_ATM,SENSEX76900PE,2026-08-31 14:00:00+05:30,360.02966999999995,2026-08-31 14:39:00+05:30,375.02966999999995,TRAILING_STOP,300.0
SENSEX_ORB_BEARISH_1M_ATM,SENSEX76900PE,2026-08-31 14:03:00+05:30,372.69231999999994,2026-08-31 14:07:00+05:30,372.69231999999994,TRAILING_STOP,0.0
SENSEX_HEIKIN_ASHI_BEARISH_1M_ATM,SENSEX76900PE,2026-08-31 14:39:00+05:30,366.4661,2026-08-31 14:46:00+05:30,292.88000000000005,STOP_LOSS,-1471.7219999999986
SENSEX_OI_SHORT_SQUEEZE_CE,SENSEX76900CE,2026-08-31 14:40:00+05:30,426.53610999999995,2026-08-31 15:00:00+05:30,456.53610999999995,TRAILING_STOP,600.0
SENSEX_SUPPORT_BOUNCE_1M_ATM,SENSEX77100CE,2026-08-31 14:46:00+05:30,421.7613399999999,2026-08-31 15:05:00+05:30,337.072,STOP_LOSS,-1693.786799999998
SENSEX_HEIKIN_ASHI_BULLISH_5M_ITM,SENSEX76800CE,2026-08-31 14:46:00+05:30,596.57598,2026-08-31 15:15:00+05:30,479.47,EOD_SQUARE_OFF,-2342.1195999999986
SENSEX_ORB_BULLISH_5M_ITM,SENSEX76800CE,2026-08-31 14:46:00+05:30,596.57598,2026-08-31 15:15:00+05:30,479.47,EOD_SQUARE_OFF,-2342.1195999999986
SENSEX_BB_SQUEEZE_EXPLOSION_CE,SENSEX76800CE,2026-08-31 14:46:00+05:30,596.57598,2026-08-31 15:15:00+05:30,479.47,EOD_SQUARE_OFF,-2342.1195999999986
SENSEX_BB_SQUEEZE_EXPLOSION_PE,SENSEX77300PE,2026-08-31 15:05:00+05:30,570.14958,2026-08-31 15:15:00+05:30,577.72,EOD_SQUARE_OFF,151.40840000000026
SENSEX_OI_LONG_UNWINDING_PE,SENSEX76900PE,2026-08-31 15:05:00+05:30,350.01966999999996,2026-08-31 15:15:00+05:30,355.73,EOD_SQUARE_OFF,114.20660000000112
SENSEX_HEIKIN_ASHI_BEARISH_5M_ITM,SENSEX77400PE,2026-08-31 15:10:00+05:30,624.4938699999999,2026-08-31 15:15:00+05:30,643.04,EOD_SQUARE_OFF,370.92260000000124
SENSEX_OI_SHORT_SQUEEZE_CE,SENSEX77000CE,2026-08-31 15:10:00+05:30,389.12874,2026-08-31 15:15:00+05:30,374.39,EOD_SQUARE_OFF,-294.77480000000014
SENSEX_RESISTANCE_REJECTION_5M_ITM,SENSEX77400PE,2026-08-31 15:12:00+05:30,632.95232,2026-08-31 15:15:00+05:30,643.04,EOD_SQUARE_OFF,201.75359999999955
SENSEX_ORB_BEARISH_5M_ITM,SENSEX77300PE,2026-08-31 15:15:00+05:30,578.2977199999999,2026-08-31 15:16:00+05:30,577.72,EOD_SQUARE_OFF,-11.554399999997713
SENSEX_BB_SQUEEZE_EXPLOSION_PE,SENSEX77300PE,2026-08-31 15:20:00+05:30,578.2977199999999,2026-08-31 15:21:00+05:30,577.72,EOD_SQUARE_OFF,-11.554399999997713
SENSEX_OI_LONG_UNWINDING_PE,SENSEX76900PE,2026-08-31 15:20:00+05:30,356.08572999999996,2026-08-31 15:21:00+05:30,355.73,EOD_SQUARE_OFF,-7.114599999998745
SENSEX_HEIKIN_ASHI_BEARISH_5M_ITM,SENSEX77300PE,2026-08-31 15:25:00+05:30,578.2977199999999,2026-08-31 15:26:00+05:30,577.72,EOD_SQUARE_OFF,-11.554399999997713
SENSEX_OI_SHORT_SQUEEZE_CE,SENSEX77000CE,2026-08-31 15:28:00+05:30,390.8404499999999,2026-08-31 15:29:00+05:30,390.45,EOD_SQUARE_OFF,-7.808999999998605
SENSEX_BB_SQUEEZE_EXPLOSION_PE,SENSEX77400PE,2026-09-01 09:25:00+05:30,618.74813,2026-09-01 10:04:00+05:30,648.74813,TRAILING_STOP,600.0
SENSEX_OI_LONG_UNWINDING_PE,SENSEX76900PE,2026-09-01 09:25:00+05:30,310.66035,2026-09-01 09:52:00+05:30,340.66035,TRAILING_STOP,600.0
SENSEX_RESISTANCE_REJECTION_5M_ITM,SENSEX77400PE,2026-09-01 09:27:00+05:30,595.1045099999999,2026-09-01 10:14:00+05:30,625.1045099999999,TRAILING_STOP,600.0
SENSEX_OI_SHORT_SQUEEZE_CE,SENSEX76900CE,2026-09-01 09:29:00+05:30,356.09574,2026-09-01 09:46:00+05:30,284.59200000000004,STOP_LOSS,-1430.0747999999987
SENSEX_ORB_BEARISH_5M_ITM,SENSEX77300PE,2026-09-01 09:43:00+05:30,581.10052,2026-09-01 09:50:00+05:30,596.10052,TRAILING_STOP,300.0
SENSEX_HEIKIN_ASHI_BEARISH_5M_ITM,SENSEX77300PE,2026-09-01 09:45:00+05:30,588.6080199999999,2026-09-01 09:49:00+05:30,603.6080199999999,TRAILING_STOP,300.0
SENSEX_OI_LONG_UNWINDING_PE,SENSEX76800PE,2026-09-01 09:55:00+05:30,291.58128999999997,2026-09-01 10:24:00+05:30,233.03200000000004,STOP_LOSS,-1170.9857999999986
SENSEX_HEIKIN_ASHI_BEARISH_1M_ATM,SENSEX76800PE,2026-09-01 10:00:00+05:30,301.46116,2026-09-01 10:22:00+05:30,240.92800000000003,STOP_LOSS,-1210.6631999999995
SENSEX_MACD_BEARISH_1M_ATM,SENSEX76800PE,2026-09-01 10:00:00+05:30,301.46116,2026-09-01 10:22:00+05:30,240.92800000000003,STOP_LOSS,-1210.6631999999995
SENSEX_HEIKIN_ASHI_BEARISH_5M_ITM,SENSEX77300PE,2026-09-01 10:00:00+05:30,605.3447399999999,2026-09-01 10:30:00+05:30,483.79200000000003,STOP_LOSS,-2431.054799999997
SENSEX_BB_SQUEEZE_EXPLOSION_PE,SENSEX77300PE,2026-09-01 10:10:00+05:30,574.2236499999999,2026-09-01 10:52:00+05:30,458.92,STOP_LOSS,-2306.0729999999976
SENSEX_OI_SHORT_SQUEEZE_CE,SENSEX76900CE,2026-09-01 10:15:00+05:30,338.31798,2026-09-01 11:19:00+05:30,487.98,TAKE_PROFIT,2993.2404000000006
SENSEX_MACD_BULLISH_1M_ATM,SENSEX77000CE,2026-09-01 10:30:00+05:30,329.11879,2026-09-01 12:30:00+05:30,432.66,TIME_EXIT,2070.824200000001
SENSEX_SUPPORT_BOUNCE_1M_ATM,SENSEX77000CE,2026-09-01 10:30:00+05:30,329.11879,2026-09-01 12:30:00+05:30,432.66,TIME_EXIT,2070.824200000001
SENSEX_HEIKIN_ASHI_BULLISH_5M_ITM,SENSEX76600CE,2026-09-01 10:30:00+05:30,571.7011299999999,2026-09-01 10:56:00+05:30,586.7011299999999,TRAILING_STOP,300.0
SENSEX_BB_SQUEEZE_EXPLOSION_CE,SENSEX76600CE,2026-09-01 10:30:00+05:30,571.7011299999999,2026-09-01 10:56:00+05:30,586.7011299999999,TRAILING_STOP,300.0
SENSEX_HEIKIN_ASHI_BULLISH_5M_ITM,SENSEX76600CE,2026-09-01 11:00:00+05:30,602.69209,2026-09-01 13:00:00+05:30,639.58,TIME_EXIT,737.7582000000007
SENSEX_BB_SQUEEZE_EXPLOSION_CE,SENSEX76600CE,2026-09-01 11:00:00+05:30,602.69209,2026-09-01 13:00:00+05:30,639.58,TIME_EXIT,737.7582000000007
SENSEX_OI_SHORT_SQUEEZE_CE,SENSEX77200CE,2026-09-01 11:30:00+05:30,349.16882,2026-09-01 12:56:00+05:30,279.056,STOP_LOSS,-1402.2564
SENSEX_OI_LONG_UNWINDING_PE,SENSEX77100PE,2026-09-01 12:51:00+05:30,289.7895,2026-09-01 13:50:00+05:30,439.5,TAKE_PROFIT,2994.2100000000005
SENSEX_HEIKIN_ASHI_BEARISH_5M_ITM,SENSEX77500PE,2026-09-01 13:07:00+05:30,588.05747,2026-09-01 13:31:00+05:30,618.05747,TRAILING_STOP,600.0
SENSEX_BB_SQUEEZE_EXPLOSION_PE,SENSEX77500PE,2026-09-01 13:07:00+05:30,588.05747,2026-09-01 13:31:00+05:30,618.05747,TRAILING_STOP,600.0
SENSEX_HEIKIN_ASHI_BEARISH_1M_ATM,SENSEX76900PE,2026-09-01 13:15:00+05:30,284.77448999999996,2026-09-01 15:15:00+05:30,395.45,TIME_EXIT,2213.5102000000006
SENSEX_MACD_BEARISH_1M_ATM,SENSEX77000PE,2026-09-01 13:30:00+05:30,319.93962,2026-09-01 14:08:00+05:30,469.62,TAKE_PROFIT,2993.6076000000003
SENSEX_BB_SQUEEZE_EXPLOSION_PE,SENSEX77400PE,2026-09-01 13:37:00+05:30,576.16559,2026-09-01 14:06:00+05:30,725.59,TAKE_PROFIT,2988.4882000000016
SENSEX_HEIKIN_ASHI_BEARISH_5M_ITM,SENSEX77400PE,2026-09-01 13:45:00+05:30,605.5149099999999,2026-09-01 14:08:00+05:30,754.91,TAKE_PROFIT,2987.901800000002
SENSEX_ORB_BEARISH_1M_ATM,SENSEX76800PE,2026-09-01 13:50:00+05:30,303.22292,2026-09-01 14:29:00+05:30,333.22292,TRAILING_STOP,600.0
SENSEX_ORB_BEARISH_5M_ITM,SENSEX77300PE,2026-09-01 13:50:00+05:30,607.96736,2026-09-01 13:57:00+05:30,607.96736,TRAILING_STOP,0.0
SENSEX_OI_LONG_UNWINDING_PE,SENSEX76800PE,2026-09-01 13:51:00+05:30,317.62730999999997,2026-09-01 14:11:00+05:30,347.62730999999997,TRAILING_STOP,600.0
SENSEX_BB_SQUEEZE_EXPLOSION_PE,SENSEX77200PE,2026-09-01 14:07:00+05:30,589.2586699999999,2026-09-01 14:11:00+05:30,604.2586699999999,TRAILING_STOP,300.0
SENSEX_HEIKIN_ASHI_BEARISH_5M_ITM,SENSEX77200PE,2026-09-01 14:15:00+05:30,609.2786699999999,2026-09-01 14:29:00+05:30,609.2786699999999,TRAILING_STOP,0.0
SENSEX_OI_LONG_UNWINDING_PE,SENSEX76700PE,2026-09-01 14:21:00+05:30,308.31800999999996,2026-09-01 15:15:00+05:30,290.54,EOD_SQUARE_OFF,-355.56019999999876
SENSEX_BB_SQUEEZE_EXPLOSION_PE,SENSEX77200PE,2026-09-01 14:22:00+05:30,632.1114799999999,2026-09-01 15:15:00+05:30,589.07,EOD_SQUARE_OFF,-860.8295999999973
SENSEX_OI_LONG_UNWINDING_PE,SENSEX76700PE,2026-09-01 15:21:00+05:30,290.83054,2026-09-01 15:22:00+05:30,290.54,EOD_SQUARE_OFF,-5.81079999999929
SENSEX_BB_SQUEEZE_EXPLOSION_PE,SENSEX77200PE,2026-09-01 15:22:00+05:30,589.6590699999999,2026-09-01 15:23:00+05:30,589.07,EOD_SQUARE_OFF,-11.781399999997575
SENSEX_OI_SHORT_SQUEEZE_CE,SENSEX76900CE,2026-09-01 15:28:00+05:30,356.56620999999996,2026-09-01 15:29:00+05:30,356.21,EOD_SQUARE_OFF,-7.124199999999519
SENSEX_HEIKIN_ASHI_BEARISH_5M_ITM,SENSEX76800PE,2026-09-02 09:25:00+05:30,608.8782699999999,2026-09-02 09:58:00+05:30,486.616,STOP_LOSS,-2445.245399999999
SENSEX_BB_SQUEEZE_EXPLOSION_PE,SENSEX76800PE,2026-09-02 09:25:00+05:30,608.8782699999999,2026-09-02 09:58:00+05:30,486.616,STOP_LOSS,-2445.245399999999
SENSEX_OI_LONG_UNWINDING_PE,SENSEX76200PE,2026-09-02 09:25:00+05:30,204.43422999999996,2026-09-02 09:34:00+05:30,163.38400000000001,STOP_LOSS,-821.0045999999988
SENSEX_OI_LONG_UNWINDING_PE,SENSEX76300PE,2026-09-02 09:40:00+05:30,213.48326999999998,2026-09-02 10:20:00+05:30,170.616,STOP_LOSS,-857.3453999999992
SENSEX_HEIKIN_ASHI_BEARISH_1M_ATM,SENSEX76300PE,2026-09-02 09:45:00+05:30,204.38418,2026-09-02 10:20:00+05:30,163.34400000000002,STOP_LOSS,-820.8035999999993
SENSEX_BB_SQUEEZE_EXPLOSION_PE,SENSEX76900PE,2026-09-02 10:10:00+05:30,581.93135,2026-09-02 10:31:00+05:30,465.08000000000004,STOP_LOSS,-2337.026999999998
SENSEX_HEIKIN_ASHI_BEARISH_1M_ATM,SENSEX76400PE,2026-09-02 10:20:00+05:30,207.59738999999996,2026-09-02 12:11:00+05:30,258.35749999999996,TRAILING_STOP,1015.2022
SENSEX_OI_SHORT_SQUEEZE_CE,SENSEX76500CE,2026-09-02 10:22:00+05:30,211.16094999999996,2026-09-02 10:36:00+05:30,211.16094999999996,TRAILING_STOP,0.0
SENSEX_RESISTANCE_REJECTION_5M_ITM,SENSEX77000PE,2026-09-02 10:23:00+05:30,587.40682,2026-09-02 10:50:00+05:30,617.40682,TRAILING_STOP,600.0
SENSEX_OI_LONG_UNWINDING_PE,SENSEX76500PE,2026-09-02 10:25:00+05:30,239.11887999999996,2026-09-02 10:56:00+05:30,269.11888,TRAILING_STOP,600.0000000000006
SENSEX_BB_SQUEEZE_EXPLOSION_PE,SENSEX77000PE,2026-09-02 10:40:00+05:30,606.3757699999999,2026-09-02 10:56:00+05:30,636.3757699999999,TRAILING_STOP,600.0
SENSEX_HEIKIN_ASHI_BEARISH_5M_ITM,SENSEX77000PE,2026-09-02 10:45:00+05:30,631.46083,2026-09-02 10:54:00+05:30,646.46083,TRAILING_STOP,300.0
SENSEX_HEIKIN_ASHI_BEARISH_5M_ITM,SENSEX76900PE,2026-09-02 11:10:00+05:30,621.2706499999999,2026-09-02 11:54:00+05:30,651.2706499999999,TRAILING_STOP,600.0
SENSEX_BB_SQUEEZE_EXPLOSION_PE,SENSEX76900PE,2026-09-02 11:10:00+05:30,621.2706499999999,2026-09-02 11:54:00+05:30,651.2706499999999,TRAILING_STOP,600.0
SENSEX_OI_LONG_UNWINDING_PE,SENSEX76300PE,2026-09-02 11:10:00+05:30,211.62140999999997,2026-09-02 12:11:00+05:30,226.62140999999997,TRAILING_STOP,300.0
SENSEX_BB_SQUEEZE_EXPLOSION_PE,SENSEX76900PE,2026-09-02 11:55:00+05:30,640.4998599999999,2026-09-02 12:10:00+05:30,655.4998599999999,TRAILING_STOP,300.0
SENSEX_BB_SQUEEZE_EXPLOSION_PE,SENSEX76800PE,2026-09-02 12:10:00+05:30,564.02346,2026-09-02 12:59:00+05:30,450.76800000000003,STOP_LOSS,-2265.1091999999994
SENSEX_HEIKIN_ASHI_BEARISH_1M_ATM,SENSEX76300PE,2026-09-02 12:11:00+05:30,205.95574999999997,2026-09-02 12:28:00+05:30,205.95574999999997,TRAILING_STOP,0.0
SENSEX_OI_SHORT_SQUEEZE_CE,SENSEX76300CE,2026-09-02 12:11:00+05:30,241.53128999999996,2026-09-02 13:51:00+05:30,286.433,TRAILING_STOP,898.0342000000007
SENSEX_RESISTANCE_REJECTION_5M_ITM,SENSEX76900PE,2026-09-02 12:19:00+05:30,616.7361199999999,2026-09-02 12:22:00+05:30,631.7361199999999,TRAILING_STOP,300.0
SENSEX_OI_LONG_UNWINDING_PE,SENSEX76300PE,2026-09-02 12:25:00+05:30,214.96474999999998,2026-09-02 12:41:00+05:30,171.8,STOP_LOSS,-863.2949999999994
SENSEX_RESISTANCE_REJECTION_5M_ITM,SENSEX76900PE,2026-09-02 13:51:00+05:30,561.54098,2026-09-02 14:07:00+05:30,448.78400000000005,STOP_LOSS,-2255.1395999999986
SENSEX_BB_SQUEEZE_EXPLOSION_PE,SENSEX76900PE,2026-09-02 13:51:00+05:30,561.54098,2026-09-02 14:07:00+05:30,448.78400000000005,STOP_LOSS,-2255.1395999999986
SENSEX_OI_LONG_UNWINDING_PE,SENSEX76400PE,2026-09-02 13:51:00+05:30,225.77554999999998,2026-09-02 14:01:00+05:30,180.44000000000003,STOP_LOSS,-906.7109999999991
SENSEX_OI_SHORT_SQUEEZE_CE,SENSEX76400CE,2026-09-02 13:57:00+05:30,246.18593999999996,2026-09-02 14:17:00+05:30,276.18593999999996,TRAILING_STOP,600.0
SENSEX_OI_SHORT_SQUEEZE_CE,SENSEX76500CE,2026-09-02 14:27:00+05:30,213.55334,2026-09-02 14:38:00+05:30,243.55334,TRAILING_STOP,600.0
BANKNIFTY_SUPPORT_BOUNCE_1M_ATM,BANKNIFTY57500CE,2026-08-31 09:19:00+05:30,166.5664,2026-08-31 09:26:00+05:30,169.4135,TRAILING_STOP,85.41300000000035
BANKNIFTY_DUAL_SUPERTREND_BB_CE,BANKNIFTY57100CE,2026-08-31 09:25:00+05:30,487.2567699999999,2026-08-31 09:27:00+05:30,389.416,STOP_LOSS,-2935.2230999999974
BANKNIFTY_RESISTANCE_REJECTION_5M_ITM,BANKNIFTY57900PE,2026-08-31 09:27:00+05:30,492.8923999999999,2026-08-31 10:24:00+05:30,642.4,TAKE_PROFIT,4485.228000000003
BANKNIFTY_DUAL_SUPERTREND_BB_PE,BANKNIFTY57900PE,2026-08-31 09:27:00+05:30,492.8923999999999,2026-08-31 10:24:00+05:30,642.4,TAKE_PROFIT,4485.228000000003
BANKNIFTY_GAMMA_WALL_BREAKOUT_PE,BANKNIFTY57900PE,2026-08-31 09:27:00+05:30,492.8923999999999,2026-08-31 10:24:00+05:30,642.4,TAKE_PROFIT,4485.228000000003
BANKNIFTY_VWAP_BB_LIQUIDITY_REBOUND_CE,BANKNIFTY57000CE,2026-08-31 09:32:00+05:30,516.9164,2026-08-31 09:43:00+05:30,413.12,STOP_LOSS,-3113.8919999999985
BANKNIFTY_ORB_BEARISH_5M_ITM,BANKNIFTY57900PE,2026-08-31 09:39:00+05:30,509.21870999999993,2026-08-31 09:46:00+05:30,539.2187099999999,TRAILING_STOP,899.9999999999983
BANKNIFTY_HEIKIN_ASHI_BEARISH_5M_ITM,BANKNIFTY57900PE,2026-08-31 09:40:00+05:30,495.40491,2026-08-31 10:24:00+05:30,644.9100000000001,TAKE_PROFIT,4485.152700000003
BANKNIFTY_DUAL_SUPERTREND_BB_PE,BANKNIFTY57700PE,2026-08-31 10:27:00+05:30,458.75829999999996,2026-08-31 10:58:00+05:30,488.75829999999996,TRAILING_STOP,900.0
BANKNIFTY_HEIKIN_ASHI_BEARISH_5M_ITM,BANKNIFTY57700PE,2026-08-31 10:30:00+05:30,461.2407799999999,2026-08-31 10:58:00+05:30,491.2407799999999,TRAILING_STOP,900.0
BANKNIFTY_ORB_BEARISH_1M_ATM,BANKNIFTY57200PE,2026-08-31 10:33:00+05:30,148.30816,2026-08-31 10:58:00+05:30,148.30816,TRAILING_STOP,0.0
BANKNIFTY_DUAL_SUPERTREND_BB_PE,BANKNIFTY57700PE,2026-08-31 11:12:00+05:30,505.58507999999995,2026-08-31 11:36:00+05:30,404.064,STOP_LOSS,-3045.6323999999977
BANKNIFTY_VWAP_BB_LIQUIDITY_REBOUND_CE,BANKNIFTY56800CE,2026-08-31 11:22:00+05:30,513.4229099999999,2026-08-31 11:54:00+05:30,662.91,TAKE_PROFIT,4484.612700000002
BANKNIFTY_RESISTANCE_REJECTION_5M_ITM,BANKNIFTY57800PE,2026-08-31 11:23:00+05:30,540.5800399999999,2026-08-31 11:54:00+05:30,432.032,STOP_LOSS,-3256.441199999999
BANKNIFTY_GAMMA_WALL_BREAKOUT_PE,BANKNIFTY57800PE,2026-08-31 11:23:00+05:30,540.5800399999999,2026-08-31 11:54:00+05:30,432.032,STOP_LOSS,-3256.441199999999
BANKNIFTY_HEIKIN_ASHI_BULLISH_5M_ITM,BANKNIFTY56900CE,2026-08-31 11:40:00+05:30,484.65416999999997,2026-08-31 12:29:00+05:30,514.65417,TRAILING_STOP,900.0000000000017
BANKNIFTY_DUAL_SUPERTREND_BB_CE,BANKNIFTY56900CE,2026-08-31 11:40:00+05:30,484.65416999999997,2026-08-31 12:29:00+05:30,514.65417,TRAILING_STOP,900.0000000000017
BANKNIFTY_RESISTANCE_REJECTION_5M_ITM,BANKNIFTY57800PE,2026-08-31 12:30:00+05:30,469.82935999999995,2026-08-31 14:06:00+05:30,484.82935999999995,TRAILING_STOP,450.0
BANKNIFTY_DUAL_SUPERTREND_BB_PE,BANKNIFTY57800PE,2026-08-31 12:30:00+05:30,469.82935999999995,2026-08-31 14:06:00+05:30,484.82935999999995,TRAILING_STOP,450.0
BANKNIFTY_GAMMA_WALL_BREAKOUT_PE,BANKNIFTY57800PE,2026-08-31 12:30:00+05:30,469.82935999999995,2026-08-31 14:06:00+05:30,484.82935999999995,TRAILING_STOP,450.0
BANKNIFTY_VWAP_BB_LIQUIDITY_REBOUND_CE,BANKNIFTY56900CE,2026-08-31 12:31:00+05:30,497.5270299999999,2026-08-31 12:45:00+05:30,497.5270299999999,TRAILING_STOP,0.0
BANKNIFTY_HEIKIN_ASHI_BEARISH_5M_ITM,BANKNIFTY57900PE,2026-08-31 12:35:00+05:30,543.6431,2026-08-31 12:54:00+05:30,543.6431,TRAILING_STOP,0.0
BANKNIFTY_DUAL_SUPERTREND_BB_CE,BANKNIFTY56900CE,2026-08-31 12:40:00+05:30,517.45694,2026-08-31 13:41:00+05:30,532.45694,TRAILING_STOP,450.0
BANKNIFTY_VWAP_BB_LIQUIDITY_REBOUND_CE,BANKNIFTY56900CE,2026-08-31 12:54:00+05:30,507.17666999999994,2026-08-31 13:42:00+05:30,522.17667,TRAILING_STOP,450.0
BANKNIFTY_SUPPORT_BOUNCE_5M_ITM,BANKNIFTY56900CE,2026-08-31 13:12:00+05:30,519.92941,2026-08-31 13:37:00+05:30,534.92941,TRAILING_STOP,450.0
BANKNIFTY_SUPPORT_BOUNCE_1M_ATM,BANKNIFTY57400CE,2026-08-31 13:13:00+05:30,170.36019,2026-08-31 14:05:00+05:30,136.15200000000002,STOP_LOSS,-1026.2456999999993
BANKNIFTY_HEIKIN_ASHI_BULLISH_5M_ITM,BANKNIFTY56900CE,2026-08-31 13:20:00+05:30,527.18666,2026-08-31 13:41:00+05:30,527.18666,TRAILING_STOP,0.0
BANKNIFTY_HEIKIN_ASHI_BEARISH_5M_ITM,BANKNIFTY57800PE,2026-08-31 13:45:00+05:30,457.35689999999994,2026-08-31 14:06:00+05:30,487.35689999999994,TRAILING_STOP,900.0
BANKNIFTY_SUPPORT_BOUNCE_5M_ITM,BANKNIFTY56900CE,2026-08-31 13:48:00+05:30,519.0485299999999,2026-08-31 14:22:00+05:30,414.824,STOP_LOSS,-3126.735899999997
BANKNIFTY_DUAL_SUPERTREND_BB_CE,BANKNIFTY56900CE,2026-08-31 13:48:00+05:30,519.0485299999999,2026-08-31 14:22:00+05:30,414.824,STOP_LOSS,-3126.735899999997
BANKNIFTY_VWAP_BB_LIQUIDITY_REBOUND_CE,BANKNIFTY56900CE,2026-08-31 13:48:00+05:30,519.0485299999999,2026-08-31 14:22:00+05:30,414.824,STOP_LOSS,-3126.735899999997
BANKNIFTY_GAMMA_WALL_BREAKOUT_PE,BANKNIFTY57800PE,2026-08-31 14:09:00+05:30,486.41592999999995,2026-08-31 14:15:00+05:30,486.41592999999995,TRAILING_STOP,0.0
BANKNIFTY_DUAL_SUPERTREND_BB_PE,BANKNIFTY57800PE,2026-08-31 14:13:00+05:30,502.63212999999996,2026-08-31 14:24:00+05:30,532.63213,TRAILING_STOP,900.0
BANKNIFTY_HEIKIN_ASHI_BEARISH_1M_ATM,BANKNIFTY57300PE,2026-08-31 14:15:00+05:30,144.52437999999998,2026-08-31 14:31:00+05:30,161.6105,TRAILING_STOP,512.5836000000006
BANKNIFTY_HEIKIN_ASHI_BEARISH_5M_ITM,BANKNIFTY57800PE,2026-08-31 14:15:00+05:30,482.5020199999999,2026-08-31 14:31:00+05:30,512.5020199999999,TRAILING_STOP,900.0
BANKNIFTY_DUAL_SUPERTREND_BB_PE,BANKNIFTY57800PE,2026-08-31 14:28:00+05:30,535.2847499999999,2026-08-31 14:40:00+05:30,427.8,STOP_LOSS,-3224.5424999999973
BANKNIFTY_MACD_BEARISH_1M_ATM,BANKNIFTY57300PE,2026-08-31 14:30:00+05:30,163.83366999999996,2026-08-31 14:39:00+05:30,130.936,STOP_LOSS,-986.9300999999984
BANKNIFTY_HEIKIN_ASHI_BEARISH_1M_ATM,BANKNIFTY57300PE,2026-08-31 14:31:00+05:30,154.76461,2026-08-31 14:40:00+05:30,123.68800000000002,STOP_LOSS,-932.2982999999997
BANKNIFTY_RESISTANCE_REJECTION_5M_ITM,BANKNIFTY57800PE,2026-08-31 14:33:00+05:30,494.2637699999999,2026-08-31 14:45:00+05:30,395.016,STOP_LOSS,-2977.4330999999966
BANKNIFTY_GAMMA_WALL_BREAKOUT_PE,BANKNIFTY57800PE,2026-08-31 14:33:00+05:30,494.2637699999999,2026-08-31 14:45:00+05:30,395.016,STOP_LOSS,-2977.4330999999966
BANKNIFTY_VWAP_BB_LIQUIDITY_REBOUND_CE,BANKNIFTY56900CE,2026-08-31 14:34:00+05:30,488.84835999999996,2026-08-31 14:46:00+05:30,638.36,TAKE_PROFIT,4485.3492000000015
BANKNIFTY_SUPPORT_BOUNCE_1M_ATM,BANKNIFTY57400CE,2026-08-31 14:39:00+05:30,163.51334999999997,2026-08-31 14:47:00+05:30,213.2055,TRAILING_STOP,1490.7645000000007
BANKNIFTY_SUPPORT_BOUNCE_5M_ITM,BANKNIFTY56900CE,2026-08-31 14:39:00+05:30,516.35584,2026-08-31 14:49:00+05:30,558.3395,TRAILING_STOP,1259.509800000003
BANKNIFTY_DUAL_SUPERTREND_BB_CE,BANKNIFTY56900CE,2026-08-31 14:39:00+05:30,516.35584,2026-08-31 14:49:00+05:30,558.3395,TRAILING_STOP,1259.509800000003
BANKNIFTY_HEIKIN_ASHI_BULLISH_5M_ITM,BANKNIFTY56900CE,2026-08-31 14:40:00+05:30,540.99045,2026-08-31 14:48:00+05:30,570.99045,TRAILING_STOP,900.0
BANKNIFTY_MACD_BULLISH_1M_ATM,BANKNIFTY57400CE,2026-08-31 14:45:00+05:30,199.00880999999998,2026-08-31 14:47:00+05:30,229.00880999999998,TRAILING_STOP,900.0
BANKNIFTY_MACD_BULLISH_1M_ATM,BANKNIFTY57500CE,2026-08-31 14:47:00+05:30,156.01586,2026-08-31 15:05:00+05:30,124.68800000000002,STOP_LOSS,-939.8357999999996
BANKNIFTY_DUAL_SUPERTREND_BB_CE,BANKNIFTY57000CE,2026-08-31 14:54:00+05:30,509.75924999999995,2026-08-31 15:15:00+05:30,444.95,EOD_SQUARE_OFF,-1944.2774999999988
BANKNIFTY_HEIKIN_ASHI_BULLISH_5M_ITM,BANKNIFTY57000CE,2026-08-31 14:55:00+05:30,518.6781599999999,2026-08-31 15:15:00+05:30,444.95,EOD_SQUARE_OFF,-2211.8447999999985
BANKNIFTY_SUPPORT_BOUNCE_1M_ATM,BANKNIFTY57400CE,2026-08-31 15:01:00+05:30,187.80762,2026-08-31 15:15:00+05:30,172.0,EOD_SQUARE_OFF,-474.2285999999996
BANKNIFTY_SUPPORT_BOUNCE_5M_ITM,BANKNIFTY56900CE,2026-08-31 15:06:00+05:30,534.1636299999999,2026-08-31 15:10:00+05:30,534.1636299999999,TRAILING_STOP,0.0
BANKNIFTY_VWAP_BB_LIQUIDITY_REBOUND_CE,BANKNIFTY56900CE,2026-08-31 15:06:00+05:30,534.1636299999999,2026-08-31 15:10:00+05:30,534.1636299999999,TRAILING_STOP,0.0
BANKNIFTY_DUAL_SUPERTREND_BB_CE,BANKNIFTY56900CE,2026-08-31 15:24:00+05:30,531.6311,2026-08-31 15:25:00+05:30,531.1,EOD_SQUARE_OFF,-15.932999999997719
BANKNIFTY_ORB_BULLISH_5M_ITM,BANKNIFTY57600CE,2026-08-31 15:29:00+05:30,469.83937,2026-09-01 09:15:00+05:30,375.49600000000004,STOP_LOSS,-2830.301099999998
BANKNIFTY_HEIKIN_ASHI_BEARISH_5M_ITM,BANKNIFTY57900PE,2026-09-01 09:25:00+05:30,511.37085999999994,2026-09-01 09:49:00+05:30,541.37086,TRAILING_STOP,900.0000000000017
BANKNIFTY_DUAL_SUPERTREND_BB_PE,BANKNIFTY57900PE,2026-09-01 09:25:00+05:30,511.37085999999994,2026-09-01 09:49:00+05:30,541.37086,TRAILING_STOP,900.0000000000017
BANKNIFTY_VWAP_BB_LIQUIDITY_REBOUND_CE,BANKNIFTY57000CE,2026-09-01 09:26:00+05:30,452.3919399999999,2026-09-01 09:44:00+05:30,361.552,STOP_LOSS,-2725.198199999997
BANKNIFTY_RESISTANCE_REJECTION_5M_ITM,BANKNIFTY57900PE,2026-09-01 09:27:00+05:30,469.14867999999996,2026-09-01 10:12:00+05:30,499.14867999999996,TRAILING_STOP,900.0
BANKNIFTY_GAMMA_WALL_BREAKOUT_PE,BANKNIFTY57900PE,2026-09-01 09:27:00+05:30,469.14867999999996,2026-09-01 10:12:00+05:30,499.14867999999996,TRAILING_STOP,900.0
BANKNIFTY_HEIKIN_ASHI_BEARISH_1M_ATM,BANKNIFTY57400PE,2026-09-01 09:45:00+05:30,103.87376999999998,2026-09-01 09:49:00+05:30,103.87376999999998,TRAILING_STOP,0.0
BANKNIFTY_ORB_BEARISH_1M_ATM,BANKNIFTY57300PE,2026-09-01 09:47:00+05:30,61.59152999999999,2026-09-01 09:50:00+05:30,49.224000000000004,STOP_LOSS,-371.02589999999964
BANKNIFTY_ORB_BEARISH_5M_ITM,BANKNIFTY57800PE,2026-09-01 09:47:00+05:30,457.08662999999996,2026-09-01 10:19:00+05:30,365.30400000000003,STOP_LOSS,-2753.478899999998
BANKNIFTY_HEIKIN_ASHI_BEARISH_1M_ATM,BANKNIFTY57400PE,2026-09-01 09:49:00+05:30,100.30019999999999,2026-09-01 10:07:00+05:30,100.30019999999999,TRAILING_STOP,0.0
BANKNIFTY_DUAL_SUPERTREND_BB_PE,BANKNIFTY57900PE,2026-09-01 09:55:00+05:30,534.3838499999999,2026-09-01 10:08:00+05:30,534.3838499999999,TRAILING_STOP,0.0
BANKNIFTY_HEIKIN_ASHI_BEARISH_1M_ATM,BANKNIFTY57400PE,2026-09-01 10:07:00+05:30,99.71961999999999,2026-09-01 10:11:00+05:30,79.69600000000001,STOP_LOSS,-600.7085999999994
BANKNIFTY_DUAL_SUPERTREND_BB_PE,BANKNIFTY57900PE,2026-09-01 10:10:00+05:30,530.6501199999999,2026-09-01 10:24:00+05:30,424.096,STOP_LOSS,-3196.623599999997
BANKNIFTY_HEIKIN_ASHI_BEARISH_1M_ATM,BANKNIFTY57400PE,2026-09-01 10:11:00+05:30,78.48840999999999,2026-09-01 10:18:00+05:30,62.728,STOP_LOSS,-472.8122999999996
BANKNIFTY_GAMMA_WALL_BREAKOUT_PE,BANKNIFTY57900PE,2026-09-01 10:13:00+05:30,501.3208199999999,2026-09-01 10:30:00+05:30,400.656,STOP_LOSS,-3019.944599999997
BANKNIFTY_VWAP_BB_LIQUIDITY_REBOUND_CE,BANKNIFTY56900CE,2026-09-01 10:15:00+05:30,529.3788499999999,2026-09-01 10:35:00+05:30,559.3788499999999,TRAILING_STOP,900.0
BANKNIFTY_SUPPORT_BOUNCE_1M_ATM,BANKNIFTY57500CE,2026-09-01 10:30:00+05:30,77.57749999999999,2026-09-01 10:34:00+05:30,62.0,STOP_LOSS,-467.3249999999996
BANKNIFTY_HEIKIN_ASHI_BULLISH_5M_ITM,BANKNIFTY57000CE,2026-09-01 10:30:00+05:30,502.29179,2026-09-01 10:56:00+05:30,502.29179,TRAILING_STOP,0.0
BANKNIFTY_DUAL_SUPERTREND_BB_CE,BANKNIFTY57000CE,2026-09-01 10:30:00+05:30,502.29179,2026-09-01 10:56:00+05:30,502.29179,TRAILING_STOP,0.0
BANKNIFTY_RESISTANCE_REJECTION_5M_ITM,BANKNIFTY57900PE,2026-09-01 10:41:00+05:30,474.22374999999994,2026-09-01 10:53:00+05:30,379.0,STOP_LOSS,-2856.7124999999983
BANKNIFTY_DUAL_SUPERTREND_BB_PE,BANKNIFTY57900PE,2026-09-01 10:41:00+05:30,474.22374999999994,2026-09-01 10:53:00+05:30,379.0,STOP_LOSS,-2856.7124999999983
BANKNIFTY_GAMMA_WALL_BREAKOUT_PE,BANKNIFTY57900PE,2026-09-01 10:41:00+05:30,474.22374999999994,2026-09-01 10:53:00+05:30,379.0,STOP_LOSS,-2856.7124999999983
BANKNIFTY_VWAP_BB_LIQUIDITY_REBOUND_CE,BANKNIFTY56900CE,2026-09-01 10:42:00+05:30,534.9343999999999,2026-09-01 10:51:00+05:30,564.9343999999999,TRAILING_STOP,900.0
BANKNIFTY_ORB_BULLISH_5M_ITM,BANKNIFTY57000CE,2026-09-01 10:50:00+05:30,487.40691999999996,2026-09-01 10:56:00+05:30,502.40691999999996,TRAILING_STOP,450.0
BANKNIFTY_SUPPORT_BOUNCE_1M_ATM,BANKNIFTY57500CE,2026-09-01 10:53:00+05:30,86.34626,2026-09-01 11:01:00+05:30,69.00800000000001,STOP_LOSS,-520.1477999999997
BANKNIFTY_HEIKIN_ASHI_BULLISH_5M_ITM,BANKNIFTY57000CE,2026-09-01 11:00:00+05:30,499.51901999999995,2026-09-01 11:14:00+05:30,649.02,TAKE_PROFIT,4485.029400000001
BANKNIFTY_DUAL_SUPERTREND_BB_CE,BANKNIFTY57000CE,2026-09-01 11:05:00+05:30,501.36085999999995,2026-09-01 11:15:00+05:30,650.86,TAKE_PROFIT,4484.974200000002
BANKNIFTY_HEIKIN_ASHI_BULLISH_5M_ITM,BANKNIFTY57200CE,2026-09-01 11:15:00+05:30,483.84335999999996,2026-09-01 11:21:00+05:30,513.84336,TRAILING_STOP,900.0
BANKNIFTY_DUAL_SUPERTREND_BB_CE,BANKNIFTY57200CE,2026-09-01 11:20:00+05:30,537.19666,2026-09-01 11:32:00+05:30,537.19666,TRAILING_STOP,0.0
BANKNIFTY_HEIKIN_ASHI_BULLISH_5M_ITM,BANKNIFTY57300CE,2026-09-01 11:30:00+05:30,460.59012999999993,2026-09-01 11:39:00+05:30,368.10400000000004,STOP_LOSS,-2774.583899999997
BANKNIFTY_DUAL_SUPERTREND_BB_CE,BANKNIFTY57200CE,2026-09-01 11:35:00+05:30,502.57206999999994,2026-09-01 12:28:00+05:30,401.656,STOP_LOSS,-3027.482099999998
BANKNIFTY_VWAP_BB_LIQUIDITY_REBOUND_CE,BANKNIFTY57100CE,2026-09-01 12:26:00+05:30,517.4269099999999,2026-09-01 12:51:00+05:30,532.4269099999999,TRAILING_STOP,450.0
BANKNIFTY_GAMMA_WALL_BREAKOUT_PE,BANKNIFTY58100PE,2026-09-01 12:28:00+05:30,499.00850999999994,2026-09-01 13:17:00+05:30,648.51,TAKE_PROFIT,4485.044700000001
BANKNIFTY_SUPPORT_BOUNCE_5M_ITM,BANKNIFTY57100CE,2026-09-01 12:30:00+05:30,514.1436299999999,2026-09-01 12:53:00+05:30,529.1436299999999,TRAILING_STOP,450.0
BANKNIFTY_DUAL_SUPERTREND_BB_CE,BANKNIFTY57100CE,2026-09-01 12:35:00+05:30,513.00249,2026-09-01 12:53:00+05:30,528.00249,TRAILING_STOP,450.0
BANKNIFTY_HEIKIN_ASHI_BULLISH_5M_ITM,BANKNIFTY57100CE,2026-09-01 12:50:00+05:30,547.06652,2026-09-01 13:11:00+05:30,437.216,STOP_LOSS,-3295.515599999999
BANKNIFTY_HEIKIN_ASHI_BEARISH_5M_ITM,BANKNIFTY58000PE,2026-09-01 13:13:00+05:30,489.72923999999995,2026-09-01 13:40:00+05:30,639.24,TAKE_PROFIT,4485.322800000002
BANKNIFTY_DUAL_SUPERTREND_BB_PE,BANKNIFTY58000PE,2026-09-01 13:13:00+05:30,489.72923999999995,2026-09-01 13:40:00+05:30,639.24,TAKE_PROFIT,4485.322800000002
BANKNIFTY_HEIKIN_ASHI_BEARISH_1M_ATM,BANKNIFTY57500PE,2026-09-01 13:15:00+05:30,68.92885999999999,2026-09-01 13:21:00+05:30,71.995,TRAILING_STOP,91.98420000000056
BANKNIFTY_MACD_BEARISH_1M_ATM,BANKNIFTY57500PE,2026-09-01 13:15:00+05:30,68.92885999999999,2026-09-01 13:21:00+05:30,71.995,TRAILING_STOP,91.98420000000056
BANKNIFTY_HEIKIN_ASHI_BEARISH_1M_ATM,BANKNIFTY57500PE,2026-09-01 13:21:00+05:30,65.48541999999999,2026-09-01 13:30:00+05:30,92.514,TRAILING_STOP,810.8574000000001
BANKNIFTY_MACD_BEARISH_1M_ATM,BANKNIFTY57500PE,2026-09-01 13:21:00+05:30,65.48541999999999,2026-09-01 13:30:00+05:30,92.514,TRAILING_STOP,810.8574000000001
BANKNIFTY_HEIKIN_ASHI_BEARISH_1M_ATM,BANKNIFTY57400PE,2026-09-01 13:30:00+05:30,29.699669999999998,2026-09-01 13:44:00+05:30,69.1815,TRAILING_STOP,1184.4549000000002
BANKNIFTY_ORB_BEARISH_1M_ATM,BANKNIFTY57300PE,2026-09-01 13:42:00+05:30,28.3283,2026-09-01 13:43:00+05:30,22.64,STOP_LOSS,-170.64899999999994
BANKNIFTY_ORB_BEARISH_5M_ITM,BANKNIFTY57800PE,2026-09-01 13:42:00+05:30,459.52906999999993,2026-09-01 14:08:00+05:30,609.0699999999999,TAKE_PROFIT,4486.2279
BANKNIFTY_HEIKIN_ASHI_BEARISH_5M_ITM,BANKNIFTY57900PE,2026-09-01 13:43:00+05:30,542.8122699999999,2026-09-01 14:03:00+05:30,692.27,TAKE_PROFIT,4483.7319000000025
BANKNIFTY_DUAL_SUPERTREND_BB_PE,BANKNIFTY57900PE,2026-09-01 13:43:00+05:30,542.8122699999999,2026-09-01 14:03:00+05:30,692.27,TAKE_PROFIT,4483.7319000000025
BANKNIFTY_HEIKIN_ASHI_BEARISH_1M_ATM,BANKNIFTY57400PE,2026-09-01 13:44:00+05:30,66.91684999999998,2026-09-01 13:56:00+05:30,142.8765,TRAILING_STOP,2278.7895000000003
BANKNIFTY_HEIKIN_ASHI_BEARISH_1M_ATM,BANKNIFTY57300PE,2026-09-01 13:56:00+05:30,60.82075999999999,2026-09-01 14:05:00+05:30,91.137,TRAILING_STOP,909.4872000000003
BANKNIFTY_HEIKIN_ASHI_BEARISH_1M_ATM,BANKNIFTY57200PE,2026-09-01 14:05:00+05:30,24.584559999999996,2026-09-01 14:10:00+05:30,51.425,TRAILING_STOP,805.2132
BANKNIFTY_HEIKIN_ASHI_BEARISH_1M_ATM,BANKNIFTY57200PE,2026-09-01 14:10:00+05:30,48.84879999999999,2026-09-01 14:15:00+05:30,49.1045,TRAILING_STOP,7.6710000000003475
BANKNIFTY_HEIKIN_ASHI_BEARISH_5M_ITM,BANKNIFTY57700PE,2026-09-01 14:13:00+05:30,529.88936,2026-09-01 15:15:00+05:30,435.73,EOD_SQUARE_OFF,-2824.7807999999995
BANKNIFTY_DUAL_SUPERTREND_BB_PE,BANKNIFTY57700PE,2026-09-01 14:13:00+05:30,529.88936,2026-09-01 15:15:00+05:30,435.73,EOD_SQUARE_OFF,-2824.7807999999995
BANKNIFTY_HEIKIN_ASHI_BEARISH_1M_ATM,BANKNIFTY57200PE,2026-09-01 14:15:00+05:30,41.76172,2026-09-01 14:19:00+05:30,53.3885,TRAILING_STOP,348.8034000000001
BANKNIFTY_HEIKIN_ASHI_BEARISH_1M_ATM,BANKNIFTY57200PE,2026-09-01 14:19:00+05:30,52.35229999999999,2026-09-01 14:24:00+05:30,41.84,STOP_LOSS,-315.3689999999997
BANKNIFTY_HEIKIN_ASHI_BEARISH_1M_ATM,BANKNIFTY57200PE,2026-09-01 14:24:00+05:30,40.790749999999996,2026-09-01 14:29:00+05:30,32.6,STOP_LOSS,-245.72249999999983
BANKNIFTY_HEIKIN_ASHI_BEARISH_1M_ATM,BANKNIFTY57200PE,2026-09-01 14:29:00+05:30,18.078059999999997,2026-09-01 14:31:00+05:30,14.448,STOP_LOSS,-108.9017999999999
BANKNIFTY_HEIKIN_ASHI_BEARISH_1M_ATM,BANKNIFTY57300PE,2026-09-01 14:31:00+05:30,52.062009999999994,2026-09-01 14:34:00+05:30,64.056,TRAILING_STOP,359.8197000000001
BANKNIFTY_HEIKIN_ASHI_BEARISH_1M_ATM,BANKNIFTY57300PE,2026-09-01 14:34:00+05:30,62.68261999999999,2026-09-01 14:42:00+05:30,71.0175,TRAILING_STOP,250.04640000000018
BANKNIFTY_HEIKIN_ASHI_BEARISH_1M_ATM,BANKNIFTY57200PE,2026-09-01 14:42:00+05:30,12.312299999999999,2026-09-01 14:45:00+05:30,9.840000000000002,STOP_LOSS,-74.16899999999991
BANKNIFTY_GAMMA_WALL_BREAKOUT_PE,BANKNIFTY57800PE,2026-09-01 15:15:00+05:30,536.26573,2026-09-01 15:16:00+05:30,535.74,EOD_SQUARE_OFF,-15.771899999998595
BANKNIFTY_DUAL_SUPERTREND_BB_PE,BANKNIFTY57800PE,2026-09-01 15:28:00+05:30,536.36583,2026-09-01 15:29:00+05:30,428.66400000000004,STOP_LOSS,-3231.0548999999974
BANKNIFTY_VWAP_BB_LIQUIDITY_REBOUND_CE,BANKNIFTY56900CE,2026-09-01 15:29:00+05:30,510.11960999999997,2026-09-02 09:15:00+05:30,450.44,TIME_EXIT,-1790.3882999999992
BANKNIFTY_HEIKIN_ASHI_BEARISH_5M_ITM,BANKNIFTY57300PE,2026-09-02 09:25:00+05:30,525.1846599999999,2026-09-02 09:33:00+05:30,525.1846599999999,TRAILING_STOP,0.0
BANKNIFTY_DUAL_SUPERTREND_BB_PE,BANKNIFTY57300PE,2026-09-02 09:25:00+05:30,525.1846599999999,2026-09-02 09:33:00+05:30,525.1846599999999,TRAILING_STOP,0.0
BANKNIFTY_ORB_BEARISH_5M_ITM,BANKNIFTY57200PE,2026-09-02 09:30:00+05:30,487.21673,2026-09-02 10:21:00+05:30,389.384,STOP_LOSS,-2934.981899999999
BANKNIFTY_DUAL_SUPERTREND_BB_PE,BANKNIFTY57300PE,2026-09-02 09:40:00+05:30,497.47697999999997,2026-09-02 09:56:00+05:30,497.47697999999997,TRAILING_STOP,0.0
BANKNIFTY_HEIKIN_ASHI_BEARISH_1M_ATM,BANKNIFTY57000PE,2026-09-02 09:45:00+05:30,356.57622,2026-09-02 11:45:00+05:30,392.71,TIME_EXIT,1084.0134
BANKNIFTY_DUAL_SUPERTREND_BB_PE,BANKNIFTY57300PE,2026-09-02 10:10:00+05:30,489.90941999999995,2026-09-02 12:10:00+05:30,532.49,TIME_EXIT,1277.4174000000016
BANKNIFTY_VWAP_BB_LIQUIDITY_REBOUND_CE,BANKNIFTY57000CE,2026-09-02 10:19:00+05:30,514.83432,2026-09-02 10:43:00+05:30,529.83432,TRAILING_STOP,450.0
BANKNIFTY_RESISTANCE_REJECTION_5M_ITM,BANKNIFTY57400PE,2026-09-02 10:44:00+05:30,514.0535399999999,2026-09-02 12:41:00+05:30,544.0535399999999,TRAILING_STOP,900.0
BANKNIFTY_GAMMA_WALL_BREAKOUT_PE,BANKNIFTY57400PE,2026-09-02 10:44:00+05:30,514.0535399999999,2026-09-02 12:41:00+05:30,544.0535399999999,TRAILING_STOP,900.0
BANKNIFTY_VWAP_BB_LIQUIDITY_REBOUND_CE,BANKNIFTY57000CE,2026-09-02 10:45:00+05:30,523.26274,2026-09-02 11:42:00+05:30,418.192,STOP_LOSS,-3152.1222
BANKNIFTY_HEIKIN_ASHI_BEARISH_5M_ITM,BANKNIFTY57400PE,2026-09-02 11:00:00+05:30,528.5780499999998,2026-09-02 12:12:00+05:30,558.5780499999998,TRAILING_STOP,900.0
BANKNIFTY_ORB_BEARISH_5M_ITM,BANKNIFTY57200PE,2026-09-02 11:29:00+05:30,484.0836,2026-09-02 11:53:00+05:30,484.0836,TRAILING_STOP,0.0
BANKNIFTY_HEIKIN_ASHI_BEARISH_1M_ATM,BANKNIFTY57000PE,2026-09-02 11:45:00+05:30,393.10270999999995,2026-09-02 13:45:00+05:30,353.77,TIME_EXIT,-1179.981299999999
BANKNIFTY_ORB_BEARISH_5M_ITM,BANKNIFTY57200PE,2026-09-02 12:03:00+05:30,491.21072,2026-09-02 14:03:00+05:30,420.86,TIME_EXIT,-2110.521599999999
BANKNIFTY_VWAP_BB_LIQUIDITY_REBOUND_CE,BANKNIFTY56900CE,2026-09-02 12:11:00+05:30,517.20669,2026-09-02 12:20:00+05:30,517.20669,TRAILING_STOP,0.0
BANKNIFTY_DUAL_SUPERTREND_BB_PE,BANKNIFTY57200PE,2026-09-02 12:20:00+05:30,472.36188999999996,2026-09-02 14:20:00+05:30,429.56,TIME_EXIT,-1284.0566999999987
BANKNIFTY_VWAP_BB_LIQUIDITY_REBOUND_CE,BANKNIFTY56900CE,2026-09-02 12:29:00+05:30,515.34483,2026-09-02 12:45:00+05:30,545.34483,TRAILING_STOP,900.0
BANKNIFTY_RESISTANCE_REJECTION_5M_ITM,BANKNIFTY57300PE,2026-09-02 13:09:00+05:30,502.54204,2026-09-02 13:47:00+05:30,502.54204,TRAILING_STOP,0.0
BANKNIFTY_GAMMA_WALL_BREAKOUT_PE,BANKNIFTY57300PE,2026-09-02 13:09:00+05:30,502.54204,2026-09-02 13:47:00+05:30,502.54204,TRAILING_STOP,0.0
BANKNIFTY_VWAP_BB_LIQUIDITY_REBOUND_CE,BANKNIFTY57000CE,2026-09-02 13:10:00+05:30,479.8193399999999,2026-09-02 14:20:00+05:30,494.8193399999999,TRAILING_STOP,450.0
BANKNIFTY_HEIKIN_ASHI_BEARISH_5M_ITM,BANKNIFTY57300PE,2026-09-02 13:25:00+05:30,495.90540999999996,2026-09-02 13:59:00+05:30,495.90540999999996,TRAILING_STOP,0.0
BANKNIFTY_VWAP_BB_LIQUIDITY_REBOUND_CE,BANKNIFTY57000CE,2026-09-02 14:29:00+05:30,492.24174999999997,2026-09-02 14:44:00+05:30,492.24174999999997,TRAILING_STOP,0.0
