Timestamp,Open,High,Low,Close,Volume
2026-08-28 14:47:00+05:30,77108.39,77114.2,77104.31,77112.81,26860
2026-08-28 14:48:00+05:30,77113.23,77131.28,77110.09,77131.28,23357
2026-08-28 14:49:00+05:30,77130.03,77148.59,77126.76,77148.59,22309
2026-08-28 14:50:00+05:30,77151.28,77160.68,77138.78,77160.07,30846
2026-08-28 14:51:00+05:30,77159.48,77177.71,77159.48,77163.63,14030
2026-08-28 14:52:00+05:30,77164.17,77172.64,77156.76,77171.65,16633
2026-08-28 14:53:00+05:30,77171.78,77181.21,77164.6,77178.88,23015
2026-08-28 14:54:00+05:30,77174.92,77182.87,77170.48,77181.42,38067
2026-08-28 14:55:00+05:30,77181.72,77188.51,77175.36,77177.48,18783
2026-08-28 14:56:00+05:30,77178.41,77179.93,77165.9,77169.15,21361
2026-08-28 14:57:00+05:30,77172.0,77174.02,77161.63,77164.6,17053
2026-08-28 14:58:00+05:30,77165.33,77173.78,77160.42,77163.24,30679
2026-08-28 14:59:00+05:30,77162.11,77170.72,77152.51,77157.71,41876
2026-08-28 15:00:00+05:30,77158.5,77158.5,77135.05,77136.03,29332
2026-08-28 15:01:00+05:30,77135.45,77139.68,77115.58,77121.06,17174
2026-08-28 15:02:00+05:30,77119.79,77119.79,77093.46,77093.46,37780
2026-08-28 15:03:00+05:30,77095.07,77098.76,77081.01,77081.01,26195
2026-08-28 15:04:00+05:30,77079.8,77091.31,77076.04,77085.71,22994
2026-08-28 15:05:00+05:30,77087.51,77094.89,77079.19,77089.67,40043
2026-08-28 15:06:00+05:30,77088.69,77098.06,77080.6,77086.28,22317
2026-08-28 15:07:00+05:30,77082.87,77096.89,77078.33,77091.61,39766
2026-08-28 15:08:00+05:30,77092.06,77107.11,77089.2,77102.3,19000
2026-08-28 15:09:00+05:30,77102.18,77141.73,77102.18,77136.99,17378
2026-08-28 15:10:00+05:30,77137.39,77150.54,77127.95,77150.54,34918
2026-08-28 15:11:00+05:30,77145.32,77215.44,77138.5,77215.44,56701
2026-08-28 15:12:00+05:30,77214.99,77248.62,77208.1,77241.55,24583
2026-08-28 15:13:00+05:30,77236.39,77243.22,77201.49,77225.48,65047
2026-08-28 15:14:00+05:30,77225.4,77225.4,77167.85,77194.59,20391
2026-08-28 15:15:00+05:30,77194.59,77194.59,77194.59,77194.59,0
2026-08-28 15:16:00+05:30,77194.59,77194.59,77194.59,77194.59,0
2026-08-28 15:17:00+05:30,77194.59,77194.59,77194.59,77194.59,0
2026-08-28 15:18:00+05:30,77194.59,77194.59,77194.59,77194.59,0
2026-08-28 15:19:00+05:30,77194.59,77194.59,77194.59,77194.59,0
2026-08-28 15:20:00+05:30,77194.59,77194.59,77194.59,77194.59,0
2026-08-28 15:21:00+05:30,77194.59,77194.59,77194.59,77194.59,0
2026-08-28 15:22:00+05:30,77194.59,77194.59,77194.59,77194.59,0
2026-08-28 15:23:00+05:30,77194.59,77194.59,77194.59,77194.59,0
2026-08-28 15:24:00+05:30,77194.59,77194.59,77194.59,77194.59,0
2026-08-28 15:25:00+05:30,77194.59,77194.59,77194.59,77194.59,0
2026-08-28 15:26:00+05:30,77194.59,77194.59,77194.59,77194.59,0
2026-08-28 15:27:00+05:30,77194.59,77194.59,77194.59,77194.59,0
2026-08-28 15:28:00+05:30,77194.59,77264.51,77194.59,77264.51,73461
2026-08-28 15:29:00+05:30,77264.51,77264.51,77264.51,77264.51,0
2026-08-31 09:15:00+05:30,77130.73,77177.27,76916.6,76926.02,306025
2026-08-31 09:16:00+05:30,76921.61,76997.21,76896.93,76991.75,172247
2026-08-31 09:17:00+05:30,76985.71,77011.24,76968.36,77008.57,196811
2026-08-31 09:18:00+05:30,77013.97,77017.21,76953.92,76982.81,120614
2026-08-31 09:19:00+05:30,76983.21,77024.72,76972.78,77005.21,179765
2026-08-31 09:20:00+05:30,77003.47,77071.65,76996.93,77065.88,111635
2026-08-31 09:21:00+05:30,77069.6,77076.2,77039.73,77057.92,129108
2026-08-31 09:22:00+05:30,77055.3,77069.07,77037.74,77050.28,63237
2026-08-31 09:23:00+05:30,77047.51,77067.11,77031.47,77040.76,85336
2026-08-31 09:24:00+05:30,77047.46,77050.77,77024.6,77036.66,69127
2026-08-31 09:25:00+05:30,77030.77,77046.6,77019.01,77030.86,73634
2026-08-31 09:26:00+05:30,77031.44,77033.1,76969.64,76969.69,63607
2026-08-31 09:27:00+05:30,76968.52,76998.56,76945.36,76952.65,85386
2026-08-31 09:28:00+05:30,76957.5,76962.54,76942.01,76944.47,62408
2026-08-31 09:29:00+05:30,76942.03,76957.51,76927.51,76952.98,51514
2026-08-31 09:30:00+05:30,76955.7,76971.74,76944.46,76962.45,51537
2026-08-31 09:31:00+05:30,76963.21,76963.21,76941.84,76948.45,85542
2026-08-31 09:32:00+05:30,76947.12,77013.21,76946.51,77001.96,54803
2026-08-31 09:33:00+05:30,77003.97,77024.18,76996.57,77010.91,65333
2026-08-31 09:34:00+05:30,77014.54,77025.99,76987.56,76991.36,74280
2026-08-31 09:35:00+05:30,76991.02,77001.14,76955.47,76961.73,47549
2026-08-31 09:36:00+05:30,76952.7,76975.32,76952.7,76973.08,23611
2026-08-31 09:37:00+05:30,76973.49,76996.76,76973.49,76995.53,46621
2026-08-31 09:38:00+05:30,76997.55,77006.98,76966.89,76966.89,50296
2026-08-31 09:39:00+05:30,76966.11,76970.59,76951.13,76959.81,21817
2026-08-31 09:40:00+05:30,76954.66,76968.4,76934.96,76961.43,52438
2026-08-31 09:41:00+05:30,76958.51,76961.71,76935.5,76938.78,77333
2026-08-31 09:42:00+05:30,76936.68,76943.51,76903.55,76910.8,30157
2026-08-31 09:43:00+05:30,76909.14,76914.32,76890.73,76893.03,53572
2026-08-31 09:44:00+05:30,76893.71,76895.73,76870.55,76876.7,41414
2026-08-31 09:45:00+05:30,76883.7,76889.46,76869.59,76889.46,293496
2026-08-31 09:46:00+05:30,76888.7,76913.69,76888.7,76909.7,24541
2026-08-31 09:47:00+05:30,76913.24,76924.15,76908.9,76914.52,40092
2026-08-31 09:48:00+05:30,76915.66,76922.39,76878.11,76884.24,35792
2026-08-31 09:49:00+05:30,76886.17,76898.2,76883.58,76896.55,13721
2026-08-31 09:50:00+05:30,76896.09,76906.43,76886.98,76904.5,41524
2026-08-31 09:51:00+05:30,76905.28,76917.94,76902.16,76913.95,24154
2026-08-31 09:52:00+05:30,76914.53,76916.19,76865.6,76865.6,30689
2026-08-31 09:53:00+05:30,76866.72,76891.58,76861.98,76883.88,25324
2026-08-31 09:54:00+05:30,76879.05,76892.18,76872.86,76876.62,19163
2026-08-31 09:55:00+05:30,76879.95,76883.79,76867.15,76867.15,17160
2026-08-31 09:56:00+05:30,76867.53,76876.67,76845.84,76846.4,20613
2026-08-31 09:57:00+05:30,76851.55,76857.4,76842.29,76850.88,16431
2026-08-31 09:58:00+05:30,76853.7,76874.49,76853.7,76869.8,26268
2026-08-31 09:59:00+05:30,76871.58,76876.41,76854.78,76874.11,33561
2026-08-31 10:00:00+05:30,76877.97,76896.55,76877.67,76889.7,22699
2026-08-31 10:01:00+05:30,76894.24,76895.36,76876.03,76879.37,14922
2026-08-31 10:02:00+05:30,76875.98,76897.22,76875.98,76893.04,41961
2026-08-31 10:03:00+05:30,76892.2,76896.23,76864.85,76880.26,107852
2026-08-31 10:04:00+05:30,76878.11,76901.71,76875.91,76900.98,21433
2026-08-31 10:05:00+05:30,76896.64,76921.5,76891.12,76921.5,43177
2026-08-31 10:06:00+05:30,76919.96,76933.0,76906.75,76932.93,114269
2026-08-31 10:07:00+05:30,76931.28,76935.72,76914.03,76924.15,23042
2026-08-31 10:08:00+05:30,76927.28,76928.45,76912.34,76919.66,17399
2026-08-31 10:09:00+05:30,76916.99,76923.12,76879.67,76883.75,38127
2026-08-31 10:10:00+05:30,76890.59,76894.21,76836.45,76844.94,58231
2026-08-31 10:11:00+05:30,76846.03,76847.08,76825.52,76831.34,29643
2026-08-31 10:12:00+05:30,76832.98,76837.69,76814.24,76816.14,26696
2026-08-31 10:13:00+05:30,76816.43,76848.47,76815.02,76845.45,22478
2026-08-31 10:14:00+05:30,76845.88,76854.14,76837.63,76841.1,20131
2026-08-31 10:15:00+05:30,76840.57,76844.24,76831.1,76839.23,23616
2026-08-31 10:16:00+05:30,76843.58,76845.73,76818.69,76822.02,16979
2026-08-31 10:17:00+05:30,76826.29,76828.3,76809.67,76817.41,35589
2026-08-31 10:18:00+05:30,76819.13,76827.26,76804.82,76827.26,18797
2026-08-31 10:19:00+05:30,76823.24,76826.61,76807.33,76816.56,26287
2026-08-31 10:20:00+05:30,76818.25,76818.25,76794.42,76805.98,22135
2026-08-31 10:21:00+05:30,76802.95,76810.09,76800.64,76803.38,11825
2026-08-31 10:22:00+05:30,76802.08,76818.21,76798.16,76812.03,23703
2026-08-31 10:23:00+05:30,76811.54,76818.48,76793.44,76801.2,16900
2026-08-31 10:24:00+05:30,76801.15,76807.56,76789.85,76798.73,14126
2026-08-31 10:25:00+05:30,76799.33,76803.15,76784.85,76801.21,36903
2026-08-31 10:26:00+05:30,76803.54,76843.09,76799.94,76843.09,19903
2026-08-31 10:27:00+05:30,76844.81,76855.8,76840.69,76850.75,8531
2026-08-31 10:28:00+05:30,76849.84,76872.14,76849.84,76868.42,17647
2026-08-31 10:29:00+05:30,76868.51,76871.81,76855.59,76856.88,12736
2026-08-31 10:30:00+05:30,76859.02,76869.53,76856.32,76859.54,16199
2026-08-31 10:31:00+05:30,76860.68,76861.14,76845.58,76851.8,10977
2026-08-31 10:32:00+05:30,76850.4,76859.6,76834.5,76839.25,7110
2026-08-31 10:33:00+05:30,76844.27,76847.23,76816.0,76817.01,17542
2026-08-31 10:34:00+05:30,76816.94,76822.91,76794.81,76795.43,31019
2026-08-31 10:35:00+05:30,76792.93,76804.08,76789.12,76796.48,17117
2026-08-31 10:36:00+05:30,76796.42,76803.19,76787.6,76797.78,18744
2026-08-31 10:37:00+05:30,76795.95,76795.95,76769.58,76786.54,10786
2026-08-31 10:38:00+05:30,76780.98,76780.98,76751.32,76759.16,16025
2026-08-31 10:39:00+05:30,76759.23,76779.24,76756.73,76775.63,6663
2026-08-31 10:40:00+05:30,76774.51,76782.66,76764.42,76764.42,10661
2026-08-31 10:41:00+05:30,76765.06,76777.89,76763.84,76775.5,9506
2026-08-31 10:42:00+05:30,76771.45,76780.45,76764.27,76779.16,159443
2026-08-31 10:43:00+05:30,76779.09,76800.89,76777.81,76800.07,24824
2026-08-31 10:44:00+05:30,76801.38,76807.91,76795.63,76799.67,21791
2026-08-31 10:45:00+05:30,76802.63,76812.44,76794.3,76803.44,28546
2026-08-31 10:46:00+05:30,76803.46,76807.49,76790.48,76796.21,16322
2026-08-31 10:47:00+05:30,76796.91,76801.15,76776.21,76779.41,32210
2026-08-31 10:48:00+05:30,76782.66,76791.0,76778.66,76788.65,7776
2026-08-31 10:49:00+05:30,76788.4,76793.99,76781.68,76783.66,17168
2026-08-31 10:50:00+05:30,76785.12,76792.21,76772.18,76780.56,20916
2026-08-31 10:51:00+05:30,76784.09,76784.09,76760.03,76760.38,15160
2026-08-31 10:52:00+05:30,76765.73,76780.66,76761.11,76775.22,10287
2026-08-31 10:53:00+05:30,76776.59,76790.97,76776.59,76783.59,19147
2026-08-31 10:54:00+05:30,76784.08,76795.48,76778.4,76788.85,525234
2026-08-31 10:55:00+05:30,76788.48,76791.95,76780.57,76784.99,15722
2026-08-31 10:56:00+05:30,76786.7,76790.82,76770.14,76779.77,9643
2026-08-31 10:57:00+05:30,76775.11,76804.47,76775.11,76796.84,16372
2026-08-31 10:58:00+05:30,76797.76,76814.99,76795.96,76814.27,10371
2026-08-31 10:59:00+05:30,76815.97,76824.54,76809.1,76809.1,13752
2026-08-31 11:00:00+05:30,76813.37,76828.09,76808.13,76828.09,17037
2026-08-31 11:01:00+05:30,76828.69,76836.63,76816.86,76821.32,15622
2026-08-31 11:02:00+05:30,76823.56,76825.76,76814.53,76815.31,32518
2026-08-31 11:03:00+05:30,76815.13,76819.4,76803.3,76812.67,10654
2026-08-31 11:04:00+05:30,76809.08,76817.22,76805.76,76815.02,10796
2026-08-31 11:05:00+05:30,76820.64,76823.2,76807.77,76809.37,11455
2026-08-31 11:06:00+05:30,76809.72,76812.4,76787.72,76790.85,12717
2026-08-31 11:07:00+05:30,76790.71,76796.9,76780.9,76793.94,38837
2026-08-31 11:08:00+05:30,76795.67,76798.87,76783.22,76791.55,20863
2026-08-31 11:09:00+05:30,76780.89,76787.66,76775.17,76778.25,18517
2026-08-31 11:10:00+05:30,76778.6,76787.87,76772.73,76780.63,9845
2026-08-31 11:11:00+05:30,76779.94,76785.25,76764.55,76764.55,9157
2026-08-31 11:12:00+05:30,76769.23,76772.76,76757.39,76764.88,28117
2026-08-31 11:13:00+05:30,76764.69,76778.85,76763.07,76771.51,57323
2026-08-31 11:14:00+05:30,76776.47,76789.94,76772.53,76789.55,13811
2026-08-31 11:15:00+05:30,76787.66,76794.81,76781.71,76788.66,23787
2026-08-31 11:16:00+05:30,76788.09,76812.3,76788.09,76810.19,59823
2026-08-31 11:17:00+05:30,76809.58,76811.83,76793.71,76811.62,141458
2026-08-31 11:18:00+05:30,76812.94,76812.94,76800.71,76802.68,9050
2026-08-31 11:19:00+05:30,76804.13,76808.5,76797.74,76799.07,21125
2026-08-31 11:20:00+05:30,76798.93,76807.58,76795.76,76806.91,8613
2026-08-31 11:21:00+05:30,76805.87,76806.11,76784.79,76798.72,9228
2026-08-31 11:22:00+05:30,76798.9,76823.29,76796.49,76820.1,4584
2026-08-31 11:23:00+05:30,76822.98,76824.89,76809.7,76809.7,6497
2026-08-31 11:24:00+05:30,76811.26,76813.65,76790.68,76790.68,15763
2026-08-31 11:25:00+05:30,76792.6,76798.26,76786.17,76797.27,10629
2026-08-31 11:26:00+05:30,76798.96,76803.49,76791.19,76801.39,71389
2026-08-31 11:27:00+05:30,76799.43,76804.02,76790.64,76797.33,35235
2026-08-31 11:28:00+05:30,76797.94,76811.4,76793.49,76796.28,18401
2026-08-31 11:29:00+05:30,76797.12,76820.96,76793.5,76815.86,13368
2026-08-31 11:30:00+05:30,76814.55,76842.17,76813.32,76833.12,10693
2026-08-31 11:31:00+05:30,76832.32,76840.69,76819.41,76821.74,13251
2026-08-31 11:32:00+05:30,76822.77,76828.56,76812.89,76826.84,16217
2026-08-31 11:33:00+05:30,76828.79,76831.89,76814.79,76821.26,29844
2026-08-31 11:34:00+05:30,76821.58,76845.73,76818.85,76843.03,9803
2026-08-31 11:35:00+05:30,76839.28,76856.59,76834.62,76848.4,6053
2026-08-31 11:36:00+05:30,76848.06,76878.49,76848.06,76859.54,19024
2026-08-31 11:37:00+05:30,76859.74,76859.97,76832.55,76835.43,12954
2026-08-31 11:38:00+05:30,76839.96,76862.29,76839.67,76848.45,17661
2026-08-31 11:39:00+05:30,76847.64,76851.65,76835.33,76842.4,9787
2026-08-31 11:40:00+05:30,76843.37,76858.42,76840.99,76858.42,12401
2026-08-31 11:41:00+05:30,76858.58,76868.07,76850.32,76861.24,17029
2026-08-31 11:42:00+05:30,76859.7,76875.39,76858.12,76872.52,13301
2026-08-31 11:43:00+05:30,76869.6,76884.19,76869.6,76879.57,15713
2026-08-31 11:44:00+05:30,76879.36,76879.36,76861.32,76865.4,48001
2026-08-31 11:45:00+05:30,76865.69,76878.23,76865.69,76871.36,11124
2026-08-31 11:46:00+05:30,76869.84,76879.53,76865.73,76871.93,33801
2026-08-31 11:47:00+05:30,76868.9,76876.01,76852.96,76854.61,10809
2026-08-31 11:48:00+05:30,76854.21,76857.04,76837.23,76842.21,11056
2026-08-31 11:49:00+05:30,76850.87,76883.51,76846.29,76879.58,23471
2026-08-31 11:50:00+05:30,76882.72,76889.58,76865.64,76884.3,60420
2026-08-31 11:51:00+05:30,76889.12,76901.47,76885.11,76887.31,4521
2026-08-31 11:52:00+05:30,76886.71,76900.26,76886.71,76894.29,14937
2026-08-31 11:53:00+05:30,76892.3,76916.31,76889.38,76916.31,9018
2026-08-31 11:54:00+05:30,76917.79,76996.71,76913.04,76988.65,44617
2026-08-31 11:55:00+05:30,76989.54,77021.39,76989.18,77020.13,11061
2026-08-31 11:56:00+05:30,77013.54,77049.5,77004.76,77049.5,10330
2026-08-31 11:57:00+05:30,77045.1,77049.98,77029.46,77029.46,16396
2026-08-31 11:58:00+05:30,77031.64,77044.73,77007.08,77007.08,18297
2026-08-31 11:59:00+05:30,77003.16,77003.16,76979.19,76987.57,25206
2026-08-31 12:00:00+05:30,76986.23,76991.75,76976.61,76982.99,25527
2026-08-31 12:01:00+05:30,76982.21,76982.66,76963.18,76966.27,42870
2026-08-31 12:02:00+05:30,76966.33,76980.09,76964.06,76977.22,9935
2026-08-31 12:03:00+05:30,76978.15,76990.95,76972.82,76989.29,17856
2026-08-31 12:04:00+05:30,76987.93,77009.2,76987.93,77008.33,14218
2026-08-31 12:05:00+05:30,77008.97,77012.63,76980.75,76989.03,40445
2026-08-31 12:06:00+05:30,76993.22,76993.22,76976.63,76984.91,19780
2026-08-31 12:07:00+05:30,76985.95,76991.42,76982.77,76985.11,11740
2026-08-31 12:08:00+05:30,76988.03,76988.03,76962.29,76968.15,36089
2026-08-31 12:09:00+05:30,76969.09,76975.84,76964.92,76964.92,25390
2026-08-31 12:10:00+05:30,76966.37,76975.25,76955.18,76959.59,28422
2026-08-31 12:11:00+05:30,76960.07,76972.59,76958.5,76970.72,13131
2026-08-31 12:12:00+05:30,76970.4,76977.94,76957.4,76973.5,23883
2026-08-31 12:13:00+05:30,76975.35,76984.37,76956.43,76956.43,11513
2026-08-31 12:14:00+05:30,76962.87,76968.23,76942.61,76946.52,36658
2026-08-31 12:15:00+05:30,76945.48,76949.18,76937.14,76940.77,6016
2026-08-31 12:16:00+05:30,76943.88,76969.38,76937.86,76966.08,13177
2026-08-31 12:17:00+05:30,76968.01,76977.27,76960.5,76972.88,27444
2026-08-31 12:18:00+05:30,76972.78,76987.65,76967.1,76975.23,60520
2026-08-31 12:19:00+05:30,76974.88,76991.93,76970.5,76986.72,25122
2026-08-31 12:20:00+05:30,76986.5,77001.85,76986.5,76998.78,41807
2026-08-31 12:21:00+05:30,76998.54,77001.75,76991.46,77001.72,25461
2026-08-31 12:22:00+05:30,77000.72,77017.61,76992.7,77015.46,40997
2026-08-31 12:23:00+05:30,77015.4,77015.4,76987.99,76991.88,24159
2026-08-31 12:24:00+05:30,76993.6,76993.66,76977.9,76980.18,37742
2026-08-31 12:25:00+05:30,76980.43,76982.99,76971.22,76972.61,30691
2026-08-31 12:26:00+05:30,76972.88,76978.77,76968.21,76974.61,14733
2026-08-31 12:27:00+05:30,76974.82,76974.82,76962.85,76974.43,8876
2026-08-31 12:28:00+05:30,76975.91,76978.48,76962.36,76962.36,18542
2026-08-31 12:29:00+05:30,76967.05,76981.77,76962.95,76974.09,20185
2026-08-31 12:30:00+05:30,76974.24,76974.24,76939.09,76955.27,33071
2026-08-31 12:31:00+05:30,76954.75,76961.16,76950.45,76953.49,22059
2026-08-31 12:32:00+05:30,76952.64,76971.17,76952.64,76971.17,13148
2026-08-31 12:33:00+05:30,76966.09,76971.57,76954.93,76965.19,21729
2026-08-31 12:34:00+05:30,76963.84,76967.34,76945.83,76945.83,7744
2026-08-31 12:35:00+05:30,76944.81,76963.68,76940.73,76962.73,15453
2026-08-31 12:36:00+05:30,76961.69,76974.28,76958.11,76968.52,10486
2026-08-31 12:37:00+05:30,76968.22,76969.83,76955.42,76965.87,34536
2026-08-31 12:38:00+05:30,76966.9,76979.87,76966.9,76979.17,19029
2026-08-31 12:39:00+05:30,76979.71,76987.17,76975.28,76984.66,21656
2026-08-31 12:40:00+05:30,76984.28,77002.76,76982.8,76997.22,95949
2026-08-31 12:41:00+05:30,76996.52,77008.58,76986.68,77006.03,21860
2026-08-31 12:42:00+05:30,77004.91,77007.35,76988.7,76989.63,14691
2026-08-31 12:43:00+05:30,76986.5,76986.5,76973.18,76978.09,18841
2026-08-31 12:44:00+05:30,76978.39,76992.77,76977.98,76991.08,9675
2026-08-31 12:45:00+05:30,76990.34,76996.6,76977.24,76978.55,28890
2026-08-31 12:46:00+05:30,76977.07,76979.43,76957.31,76957.31,20510
2026-08-31 12:47:00+05:30,76958.05,76967.32,76951.14,76967.32,12692
2026-08-31 12:48:00+05:30,76967.43,76967.62,76955.26,76965.47,14074
2026-08-31 12:49:00+05:30,76966.88,76976.15,76960.02,76975.16,20911
2026-08-31 12:50:00+05:30,76973.1,76987.84,76964.27,76987.84,9035
2026-08-31 12:51:00+05:30,76989.94,76997.97,76982.99,76986.09,17150
2026-08-31 12:52:00+05:30,76987.19,76997.52,76983.5,76995.31,3787
2026-08-31 12:53:00+05:30,76994.41,77000.41,76993.61,76996.15,8197
2026-08-31 12:54:00+05:30,76995.05,77011.69,76993.6,77008.91,19478
2026-08-31 12:55:00+05:30,77009.48,77012.49,76996.86,76998.94,14271
2026-08-31 12:56:00+05:30,76995.09,77011.26,76994.18,77009.24,20253
2026-08-31 12:57:00+05:30,77012.57,77014.9,76991.74,76998.86,20247
2026-08-31 12:58:00+05:30,76999.47,77009.32,76992.23,77005.26,21116
2026-08-31 12:59:00+05:30,77001.98,77009.4,76990.51,76993.21,12160
2026-08-31 13:00:00+05:30,76991.36,76999.8,76982.13,76982.39,35047
2026-08-31 13:01:00+05:30,76982.46,76996.11,76971.86,76996.11,75671
2026-08-31 13:02:00+05:30,76994.54,77006.26,76987.21,76993.19,6795
2026-08-31 13:03:00+05:30,76993.0,77001.03,76988.99,76991.09,8114
2026-08-31 13:04:00+05:30,76990.44,77001.38,76985.56,76996.28,8066
2026-08-31 13:05:00+05:30,76997.05,77000.7,76988.76,76993.03,19833
2026-08-31 13:06:00+05:30,76993.67,76999.48,76985.86,76988.15,8527
2026-08-31 13:07:00+05:30,76990.39,76994.51,76982.82,76986.09,6475
2026-08-31 13:08:00+05:30,76987.3,76997.63,76982.77,76985.22,10642
2026-08-31 13:09:00+05:30,76985.71,76989.46,76973.8,76977.01,13578
2026-08-31 13:10:00+05:30,76976.69,76978.38,76963.55,76971.05,18454
2026-08-31 13:11:00+05:30,76972.47,77003.44,76966.4,76982.08,97764
2026-08-31 13:12:00+05:30,76982.07,76988.1,76977.54,76982.96,10259
2026-08-31 13:13:00+05:30,76981.83,76998.31,76981.83,76995.93,15407
2026-08-31 13:14:00+05:30,76994.89,77014.58,76991.67,77010.17,10416
2026-08-31 13:15:00+05:30,77009.96,77013.48,76999.97,77009.65,57582
2026-08-31 13:16:00+05:30,77009.42,77009.42,76993.39,77002.91,11232
2026-08-31 13:17:00+05:30,77001.73,77005.9,76989.74,76994.83,8452
2026-08-31 13:18:00+05:30,76995.4,76998.61,76986.87,76996.99,114432
2026-08-31 13:19:00+05:30,76995.76,77002.05,76987.64,76988.04,16660
2026-08-31 13:20:00+05:30,76987.91,76994.29,76985.85,76988.51,41398
2026-08-31 13:21:00+05:30,76987.55,76994.73,76981.91,76990.62,16546
2026-08-31 13:22:00+05:30,76991.9,76996.74,76981.03,76987.5,23451
2026-08-31 13:23:00+05:30,76985.1,76988.76,76977.78,76984.79,59453
2026-08-31 13:24:00+05:30,76985.47,76993.18,76984.45,76988.43,8050
2026-08-31 13:25:00+05:30,76988.74,77001.14,76986.66,76988.24,22925
2026-08-31 13:26:00+05:30,76988.63,76999.69,76986.23,76988.25,20173
2026-08-31 13:27:00+05:30,76985.22,77022.44,76984.01,77006.21,20528
2026-08-31 13:28:00+05:30,76997.85,77006.96,76987.56,76988.87,20759
2026-08-31 13:29:00+05:30,76992.72,76995.61,76978.78,76992.43,27521
2026-08-31 13:30:00+05:30,76992.47,76996.59,76983.82,76989.72,3210
2026-08-31 13:31:00+05:30,76990.36,76996.86,76978.89,76989.65,32791
2026-08-31 13:32:00+05:30,76991.8,76993.62,76980.47,76985.78,7732
2026-08-31 13:33:00+05:30,76986.8,77000.79,76983.72,76998.45,11148
2026-08-31 13:34:00+05:30,76997.65,77005.55,76992.58,76995.92,21604
2026-08-31 13:35:00+05:30,76995.28,77004.27,76990.3,76991.91,6742
2026-08-31 13:36:00+05:30,76991.85,76996.74,76974.22,76978.75,28276
2026-08-31 13:37:00+05:30,76977.95,76981.64,76967.06,76977.14,11522
2026-08-31 13:38:00+05:30,76976.45,76986.27,76970.63,76981.83,9480
2026-08-31 13:39:00+05:30,76979.16,76989.28,76970.95,76970.95,6189
2026-08-31 13:40:00+05:30,76972.61,76982.2,76965.0,76979.56,5487
2026-08-31 13:41:00+05:30,76976.99,76976.99,76956.99,76962.78,25157
2026-08-31 13:42:00+05:30,76961.99,76971.92,76961.42,76962.88,8298
2026-08-31 13:43:00+05:30,76961.13,76962.05,76943.45,76946.02,17917
2026-08-31 13:44:00+05:30,76945.82,76958.62,76944.28,76951.02,15249
2026-08-31 13:45:00+05:30,76950.76,76958.66,76942.08,76947.33,30160
2026-08-31 13:46:00+05:30,76946.82,76952.6,76940.23,76949.42,14846
2026-08-31 13:47:00+05:30,76950.33,76957.33,76941.74,76948.31,13361
2026-08-31 13:48:00+05:30,76943.47,76958.74,76937.06,76955.03,6059
2026-08-31 13:49:00+05:30,76952.83,76976.86,76951.37,76963.48,5805
2026-08-31 13:50:00+05:30,76964.52,76975.73,76959.02,76969.59,7251
2026-08-31 13:51:00+05:30,76969.6,76979.56,76964.3,76967.14,11090
2026-08-31 13:52:00+05:30,76968.0,76972.07,76958.32,76968.79,6559
2026-08-31 13:53:00+05:30,76968.84,76969.07,76947.8,76948.2,10765
2026-08-31 13:54:00+05:30,76948.52,76954.15,76942.62,76953.86,5971
2026-08-31 13:55:00+05:30,76952.43,76956.52,76936.49,76942.39,22348
2026-08-31 13:56:00+05:30,76939.18,76944.61,76932.64,76941.6,21512
2026-08-31 13:57:00+05:30,76941.23,76941.23,76923.27,76937.48,7259
2026-08-31 13:58:00+05:30,76932.47,76937.97,76927.4,76930.25,11879
2026-08-31 13:59:00+05:30,76930.96,76937.62,76914.08,76920.64,26386
2026-08-31 14:00:00+05:30,76919.48,76924.81,76900.72,76916.56,11069
2026-08-31 14:01:00+05:30,76916.07,76921.69,76893.45,76900.31,42449
2026-08-31 14:02:00+05:30,76901.78,76911.93,76893.09,76909.47,19453
2026-08-31 14:03:00+05:30,76909.01,76909.26,76885.56,76890.11,23080
2026-08-31 14:04:00+05:30,76890.1,76890.1,76869.72,76871.88,18196
2026-08-31 14:05:00+05:30,76873.17,76877.0,76843.74,76847.73,20320
2026-08-31 14:06:00+05:30,76849.26,76880.33,76842.39,76880.13,11069
2026-08-31 14:07:00+05:30,76878.05,76896.51,76866.84,76891.19,13401
2026-08-31 14:08:00+05:30,76893.22,76898.74,76870.02,76884.8,51856
2026-08-31 14:09:00+05:30,76881.09,76885.5,76856.06,76859.74,13530
2026-08-31 14:10:00+05:30,76864.94,76878.75,76859.66,76873.31,9629
2026-08-31 14:11:00+05:30,76872.91,76872.91,76858.34,76863.3,30497
2026-08-31 14:12:00+05:30,76863.65,76871.33,76857.02,76867.82,11952
2026-08-31 14:13:00+05:30,76868.61,76871.62,76863.98,76869.16,9257
2026-08-31 14:14:00+05:30,76868.28,76876.92,76861.13,76862.48,8767
2026-08-31 14:15:00+05:30,76857.73,76871.64,76857.73,76870.91,45262
2026-08-31 14:16:00+05:30,76868.34,76880.94,76848.51,76880.94,46981
2026-08-31 14:17:00+05:30,76877.08,76888.07,76868.45,76874.92,38946
2026-08-31 14:18:00+05:30,76874.46,76883.79,76869.91,76879.33,24928
2026-08-31 14:19:00+05:30,76879.96,76887.63,76860.56,76867.92,24351
2026-08-31 14:20:00+05:30,76868.85,76872.24,76845.91,76845.91,19078
2026-08-31 14:21:00+05:30,76846.58,76857.08,76841.61,76847.53,26366
2026-08-31 14:22:00+05:30,76846.84,76852.83,76830.43,76830.43,32544
2026-08-31 14:23:00+05:30,76831.43,76833.18,76817.52,76832.88,34031
2026-08-31 14:24:00+05:30,76828.0,76847.83,76822.23,76829.64,26167
2026-08-31 14:25:00+05:30,76828.96,76848.48,76818.6,76835.88,24314
2026-08-31 14:26:00+05:30,76834.47,76853.85,76831.56,76849.2,15910
2026-08-31 14:27:00+05:30,76853.6,76853.6,76830.58,76837.44,21807
2026-08-31 14:28:00+05:30,76829.99,76838.54,76814.23,76826.61,19602
2026-08-31 14:29:00+05:30,76827.81,76835.98,76815.88,76821.21,14754
2026-08-31 14:30:00+05:30,76824.43,76841.98,76820.47,76840.27,12071
2026-08-31 14:31:00+05:30,76839.31,76851.32,76833.23,76851.32,14011
2026-08-31 14:32:00+05:30,76849.22,76872.13,76849.22,76859.17,37299
2026-08-31 14:33:00+05:30,76859.71,76870.64,76852.79,76857.77,18049
2026-08-31 14:34:00+05:30,76855.23,76867.49,76849.44,76867.49,41065
2026-08-31 14:35:00+05:30,76867.42,76882.89,76862.89,76867.57,39105
2026-08-31 14:36:00+05:30,76869.77,76879.29,76860.9,76860.9,27024
2026-08-31 14:37:00+05:30,76863.4,76874.63,76860.88,76862.11,20441
2026-08-31 14:38:00+05:30,76863.24,76881.13,76860.89,76875.33,13830
2026-08-31 14:39:00+05:30,76880.45,76905.96,76880.45,76903.04,26256
2026-08-31 14:40:00+05:30,76905.4,76930.22,76904.83,76927.22,34638
2026-08-31 14:41:00+05:30,76923.67,76928.2,76918.3,76922.16,24013
2026-08-31 14:42:00+05:30,76922.46,76961.82,76922.46,76961.82,35407
2026-08-31 14:43:00+05:30,76965.07,76967.19,76947.9,76958.57,28257
2026-08-31 14:44:00+05:30,76955.67,76956.4,76935.34,76935.45,30861
2026-08-31 14:45:00+05:30,76936.78,76973.96,76936.78,76973.96,34183
2026-08-31 14:46:00+05:30,76982.94,77116.19,76978.83,77116.19,46304
2026-08-31 14:47:00+05:30,77115.1,77115.1,77026.15,77035.89,82974
2026-08-31 14:48:00+05:30,77040.04,77042.42,76993.25,77013.72,66821
2026-08-31 14:49:00+05:30,77011.77,77018.28,76990.22,77000.2,25964
2026-08-31 14:50:00+05:30,76995.09,77018.1,76995.09,77005.4,34306
2026-08-31 14:51:00+05:30,77006.37,77022.65,77006.37,77018.75,18627
2026-08-31 14:52:00+05:30,77015.76,77040.22,77015.76,77032.92,16033
2026-08-31 14:53:00+05:30,77029.91,77050.81,77028.13,77047.02,46059
2026-08-31 14:54:00+05:30,77046.07,77076.67,77034.88,77067.7,29366
2026-08-31 14:55:00+05:30,77070.54,77071.99,77052.04,77058.79,35218
2026-08-31 14:56:00+05:30,77056.06,77065.75,77028.73,77035.15,94405
2026-08-31 14:57:00+05:30,77034.8,77042.27,77023.86,77030.46,50855
2026-08-31 14:58:00+05:30,77037.06,77037.06,76996.13,77001.92,47511
2026-08-31 14:59:00+05:30,77001.73,77011.9,76994.23,77001.53,108385
2026-08-31 15:00:00+05:30,76993.35,76997.21,76956.69,76981.62,79496
2026-08-31 15:01:00+05:30,76979.09,76998.91,76969.78,76986.97,67038
2026-08-31 15:02:00+05:30,76995.4,77001.12,76976.32,76991.97,49679
2026-08-31 15:03:00+05:30,76992.48,76992.48,76952.83,76956.23,34792
2026-08-31 15:04:00+05:30,76956.97,76964.84,76942.23,76950.46,57186
2026-08-31 15:05:00+05:30,76942.97,76948.4,76921.22,76937.91,53602
2026-08-31 15:06:00+05:30,76937.84,76958.19,76924.76,76956.45,47686
2026-08-31 15:07:00+05:30,76959.49,76969.08,76944.01,76958.76,60903
2026-08-31 15:08:00+05:30,76957.41,76981.12,76951.55,76963.94,36827
2026-08-31 15:09:00+05:30,76964.48,76993.81,76959.8,76993.81,122198
2026-08-31 15:10:00+05:30,76988.03,76993.17,76949.65,76953.88,46061
2026-08-31 15:11:00+05:30,76948.65,76970.52,76931.57,76963.72,105453
2026-08-31 15:12:00+05:30,76960.78,76978.02,76937.63,76941.07,50441
2026-08-31 15:13:00+05:30,76938.18,76979.93,76933.82,76946.45,70664
2026-08-31 15:14:00+05:30,76946.3,76981.95,76924.82,76930.28,35132
2026-08-31 15:15:00+05:30,76924.93,76924.93,76924.93,76924.93,11
2026-08-31 15:16:00+05:30,76924.93,76924.93,76924.93,76924.93,0
2026-08-31 15:17:00+05:30,76924.93,76924.93,76924.93,76924.93,0
2026-08-31 15:18:00+05:30,76924.93,76924.93,76924.93,76924.93,0
2026-08-31 15:19:00+05:30,76924.93,76924.93,76924.93,76924.93,0
2026-08-31 15:20:00+05:30,76924.93,76924.93,76924.93,76924.93,0
2026-08-31 15:21:00+05:30,76924.93,76924.93,76924.93,76924.93,0
2026-08-31 15:22:00+05:30,76924.93,76924.93,76924.93,76924.93,0
2026-08-31 15:23:00+05:30,76924.93,76924.93,76924.93,76924.93,0
2026-08-31 15:24:00+05:30,76924.93,76924.93,76924.93,76924.93,0
2026-08-31 15:25:00+05:30,76924.93,76924.93,76924.93,76924.93,0
2026-08-31 15:26:00+05:30,76924.93,76924.93,76924.93,76924.93,0
2026-08-31 15:27:00+05:30,76924.93,76924.93,76924.93,76924.93,0
2026-08-31 15:28:00+05:30,76924.93,76957.27,76924.93,76957.27,429757
2026-08-31 15:29:00+05:30,76957.27,76957.27,76957.27,76957.27,0
2026-09-01 09:15:00+05:30,76994.11,77083.49,76849.24,76855.4,315665
2026-09-01 09:16:00+05:30,76844.79,76891.19,76838.14,76863.39,225917
2026-09-01 09:17:00+05:30,76864.5,76884.96,76835.79,76884.96,174236
2026-09-01 09:18:00+05:30,76878.26,76892.58,76856.08,76856.08,199202
2026-09-01 09:19:00+05:30,76867.66,76894.78,76860.07,76878.59,134615
2026-09-01 09:20:00+05:30,76868.16,76897.37,76860.78,76869.96,126613
2026-09-01 09:21:00+05:30,76872.75,76923.33,76872.75,76902.23,69740
2026-09-01 09:22:00+05:30,76904.09,76908.18,76874.85,76878.97,82078
2026-09-01 09:23:00+05:30,76884.27,76891.92,76866.14,76874.53,93108
2026-09-01 09:24:00+05:30,76872.35,76880.98,76851.11,76871.05,79473
2026-09-01 09:25:00+05:30,76866.64,76894.55,76852.47,76885.6,57740
2026-09-01 09:26:00+05:30,76886.18,76931.98,76886.18,76922.22,39933
2026-09-01 09:27:00+05:30,76919.26,76936.76,76909.49,76918.44,40140
2026-09-01 09:28:00+05:30,76919.18,76937.61,76905.2,76928.94,56336
2026-09-01 09:29:00+05:30,76931.62,76952.68,76927.33,76943.41,45605
2026-09-01 09:30:00+05:30,76939.08,76966.35,76931.03,76931.03,38497
2026-09-01 09:31:00+05:30,76935.68,76946.84,76930.18,76936.74,43148
2026-09-01 09:32:00+05:30,76938.47,76965.87,76930.94,76953.97,37945
2026-09-01 09:33:00+05:30,76951.71,76987.52,76945.53,76973.97,25932
2026-09-01 09:34:00+05:30,76975.62,76978.4,76945.59,76958.62,29945
2026-09-01 09:35:00+05:30,76949.87,76959.82,76932.8,76946.88,33644
2026-09-01 09:36:00+05:30,76945.87,76946.56,76909.1,76917.77,73099
2026-09-01 09:37:00+05:30,76918.55,76918.55,76879.62,76879.62,28579
2026-09-01 09:38:00+05:30,76880.31,76905.38,76880.31,76900.0,37421
2026-09-01 09:39:00+05:30,76899.51,76900.09,76861.2,76865.38,33411
2026-09-01 09:40:00+05:30,76866.11,76875.95,76853.37,76862.3,51085
2026-09-01 09:41:00+05:30,76863.94,76893.43,76854.86,76893.43,46265
2026-09-01 09:42:00+05:30,76891.8,76892.21,76862.13,76872.53,30068
2026-09-01 09:43:00+05:30,76870.6,76875.19,76836.26,76837.73,35043
2026-09-01 09:44:00+05:30,76841.41,76847.1,76817.63,76831.38,31904
2026-09-01 09:45:00+05:30,76829.17,76835.05,76815.64,76827.12,50371
2026-09-01 09:46:00+05:30,76822.87,76830.6,76801.23,76801.23,22977
2026-09-01 09:47:00+05:30,76805.41,76807.52,76770.73,76781.37,54342
2026-09-01 09:48:00+05:30,76775.3,76789.46,76764.26,76774.9,121933
2026-09-01 09:49:00+05:30,76781.34,76807.96,76779.07,76805.71,21799
2026-09-01 09:50:00+05:30,76809.94,76819.97,76793.18,76819.97,23940
2026-09-01 09:51:00+05:30,76823.84,76824.56,76803.5,76812.05,23398
2026-09-01 09:52:00+05:30,76811.14,76835.75,76804.95,76833.53,22461
2026-09-01 09:53:00+05:30,76827.34,76844.84,76825.66,76833.4,20442
2026-09-01 09:54:00+05:30,76835.78,76835.78,76807.91,76807.91,19720
2026-09-01 09:55:00+05:30,76805.34,76831.86,76803.52,76824.44,24512
2026-09-01 09:56:00+05:30,76822.02,76833.39,76804.57,76805.66,21257
2026-09-01 09:57:00+05:30,76805.33,76815.22,76793.79,76813.84,18694
2026-09-01 09:58:00+05:30,76810.81,76814.95,76781.29,76790.57,29325
2026-09-01 09:59:00+05:30,76790.09,76807.8,76788.14,76800.79,25668
2026-09-01 10:00:00+05:30,76804.26,76812.87,76800.93,76803.7,21398
2026-09-01 10:01:00+05:30,76803.87,76807.26,76792.07,76801.24,24196
2026-09-01 10:02:00+05:30,76801.86,76817.84,76799.03,76811.25,14030
2026-09-01 10:03:00+05:30,76811.4,76835.4,76811.4,76830.19,20701
2026-09-01 10:04:00+05:30,76829.11,76856.53,76827.28,76848.76,21296
2026-09-01 10:05:00+05:30,76853.58,76854.57,76839.56,76846.31,120423
2026-09-01 10:06:00+05:30,76842.75,76846.25,76817.65,76823.95,22616
2026-09-01 10:07:00+05:30,76824.0,76856.69,76817.04,76856.69,52973
2026-09-01 10:08:00+05:30,76851.56,76858.31,76828.14,76834.11,13672
2026-09-01 10:09:00+05:30,76835.4,76859.47,76832.83,76851.7,18686
2026-09-01 10:10:00+05:30,76851.21,76859.45,76843.26,76847.52,21058
2026-09-01 10:11:00+05:30,76851.77,76873.38,76849.7,76862.63,69729
2026-09-01 10:12:00+05:30,76866.49,76877.21,76857.61,76870.04,18630
2026-09-01 10:13:00+05:30,76871.94,76874.33,76856.93,76862.02,19992
2026-09-01 10:14:00+05:30,76860.76,76883.61,76860.35,76878.41,11616
2026-09-01 10:15:00+05:30,76873.65,76920.28,76870.62,76909.92,20800
2026-09-01 10:16:00+05:30,76907.96,76923.59,76907.75,76909.79,19107
2026-09-01 10:17:00+05:30,76911.58,76930.01,76904.78,76928.31,21711
2026-09-01 10:18:00+05:30,76927.88,76937.65,76925.29,76927.14,16129
2026-09-01 10:19:00+05:30,76934.55,76935.64,76922.7,76929.55,10156
2026-09-01 10:20:00+05:30,76923.15,76928.71,76904.51,76912.44,13615
2026-09-01 10:21:00+05:30,76914.27,76936.43,76913.65,76934.15,13479
2026-09-01 10:22:00+05:30,76928.49,76946.81,76928.49,76940.21,17048
2026-09-01 10:23:00+05:30,76950.79,76953.09,76941.88,76950.64,15292
2026-09-01 10:24:00+05:30,76951.72,76969.76,76943.32,76965.03,28038
2026-09-01 10:25:00+05:30,76966.24,76971.81,76939.53,76939.53,12537
2026-09-01 10:26:00+05:30,76940.02,76958.32,76939.05,76948.69,12396
2026-09-01 10:27:00+05:30,76948.83,76966.44,76942.83,76946.4,9956
2026-09-01 10:28:00+05:30,76950.72,76963.75,76936.19,76963.75,11876
2026-09-01 10:29:00+05:30,76961.84,76967.27,76955.04,76962.34,11409
2026-09-01 10:30:00+05:30,76958.11,76993.6,76958.11,76991.3,33823
2026-09-01 10:31:00+05:30,76991.58,77000.65,76981.6,76985.44,13555
2026-09-01 10:32:00+05:30,76980.77,77001.91,76980.77,76995.41,15920
2026-09-01 10:33:00+05:30,76994.59,77001.0,76979.43,76983.26,9962
2026-09-01 10:34:00+05:30,76983.37,76987.19,76966.4,76984.86,19213
2026-09-01 10:35:00+05:30,76983.03,76986.06,76967.71,76971.01,38915
2026-09-01 10:36:00+05:30,76968.43,76983.18,76952.64,76983.18,16753
2026-09-01 10:37:00+05:30,76981.25,77000.43,76981.25,76989.85,11222
2026-09-01 10:38:00+05:30,76986.83,76995.86,76978.39,76993.54,17161
2026-09-01 10:39:00+05:30,76993.96,77002.23,76989.51,76994.74,13653
2026-09-01 10:40:00+05:30,76996.49,76996.96,76970.05,76970.05,19557
2026-09-01 10:41:00+05:30,76975.3,76978.5,76958.89,76967.47,15946
2026-09-01 10:42:00+05:30,76965.58,76980.5,76959.63,76975.97,18357
2026-09-01 10:43:00+05:30,76974.14,76986.21,76972.49,76978.63,10520
2026-09-01 10:44:00+05:30,76981.2,76982.45,76971.08,76973.43,10324
2026-09-01 10:45:00+05:30,76963.62,76977.53,76962.42,76968.52,12946
2026-09-01 10:46:00+05:30,76968.44,76979.07,76968.44,76975.39,17722
2026-09-01 10:47:00+05:30,76975.67,76980.24,76965.31,76970.69,18949
2026-09-01 10:48:00+05:30,76970.08,76984.17,76970.08,76981.87,10073
2026-09-01 10:49:00+05:30,76983.4,76983.58,76967.39,76979.66,44780
2026-09-01 10:50:00+05:30,76976.44,77004.48,76967.87,77003.04,21696
2026-09-01 10:51:00+05:30,77001.76,77013.78,76994.58,77000.5,20165
2026-09-01 10:52:00+05:30,77002.02,77024.71,77001.17,77023.52,22271
2026-09-01 10:53:00+05:30,77025.2,77057.51,77020.17,77057.51,15652
2026-09-01 10:54:00+05:30,77054.43,77066.61,77038.66,77038.66,15443
2026-09-01 10:55:00+05:30,77038.16,77047.68,77028.88,77046.52,42587
2026-09-01 10:56:00+05:30,77047.23,77052.32,77010.93,77010.93,34988
2026-09-01 10:57:00+05:30,77010.57,77043.02,76991.66,77025.88,32665
2026-09-01 10:58:00+05:30,77028.56,77036.87,77022.38,77028.44,22580
2026-09-01 10:59:00+05:30,77024.62,77037.51,77021.25,77026.1,25279
2026-09-01 11:00:00+05:30,77030.03,77051.96,77026.71,77034.74,17326
2026-09-01 11:01:00+05:30,77033.53,77040.41,77029.07,77034.32,10345
2026-09-01 11:02:00+05:30,77035.28,77036.01,77009.72,77010.35,13781
2026-09-01 11:03:00+05:30,77013.94,77024.31,77006.92,77009.88,10139
2026-09-01 11:04:00+05:30,77010.48,77037.08,77005.87,77033.53,53605
2026-09-01 11:05:00+05:30,77034.56,77037.03,77003.69,77016.82,14536
2026-09-01 11:06:00+05:30,77018.06,77031.51,77013.52,77027.79,9550
2026-09-01 11:07:00+05:30,77027.14,77055.49,77022.02,77054.97,29748
2026-09-01 11:08:00+05:30,77053.04,77072.91,77047.22,77072.91,25245
2026-09-01 11:09:00+05:30,77075.73,77089.05,77068.77,77071.71,22803
2026-09-01 11:10:00+05:30,77066.4,77085.27,77066.4,77083.93,36167
2026-09-01 11:11:00+05:30,77083.57,77114.97,77077.79,77104.24,38760
2026-09-01 11:12:00+05:30,77105.24,77113.52,77091.77,77110.81,89365
2026-09-01 11:13:00+05:30,77112.15,77132.86,77109.03,77122.6,33472
2026-09-01 11:14:00+05:30,77123.38,77125.22,77106.51,77114.98,12397
2026-09-01 11:15:00+05:30,77113.9,77156.72,77112.86,77156.1,72760
2026-09-01 11:16:00+05:30,77155.51,77159.86,77147.29,77155.6,129906
2026-09-01 11:17:00+05:30,77153.85,77161.36,77146.21,77149.22,40920
2026-09-01 11:18:00+05:30,77149.51,77161.35,77140.93,77157.07,58741
2026-09-01 11:19:00+05:30,77158.24,77173.63,77144.41,77166.65,44549
2026-09-01 11:20:00+05:30,77167.7,77192.54,77162.97,77191.29,32223
2026-09-01 11:21:00+05:30,77183.86,77193.92,77180.25,77190.91,39182
2026-09-01 11:22:00+05:30,77190.01,77193.24,77173.84,77186.29,6649
2026-09-01 11:23:00+05:30,77188.32,77194.07,77175.94,77179.84,24425
2026-09-01 11:24:00+05:30,77179.92,77183.84,77172.59,77179.23,20978
2026-09-01 11:25:00+05:30,77180.6,77183.64,77169.15,77174.78,12653
2026-09-01 11:26:00+05:30,77174.39,77174.39,77162.28,77166.44,46197
2026-09-01 11:27:00+05:30,77172.57,77187.04,77170.87,77185.24,12324
2026-09-01 11:28:00+05:30,77183.7,77199.58,77182.02,77199.02,12359
2026-09-01 11:29:00+05:30,77200.54,77213.26,77191.47,77198.66,26350
2026-09-01 11:30:00+05:30,77196.3,77228.64,77196.3,77228.04,20679
2026-09-01 11:31:00+05:30,77226.22,77231.57,77212.66,77214.11,75202
2026-09-01 11:32:00+05:30,77216.98,77217.53,77201.52,77213.25,12915
2026-09-01 11:33:00+05:30,77212.39,77221.3,77209.91,77213.96,9684
2026-09-01 11:34:00+05:30,77213.03,77217.78,77190.28,77190.28,13878
2026-09-01 11:35:00+05:30,77193.99,77197.13,77162.15,77165.85,44884
2026-09-01 11:36:00+05:30,77166.16,77167.21,77154.01,77157.74,31624
2026-09-01 11:37:00+05:30,77160.68,77169.94,77156.67,77169.94,37036
2026-09-01 11:38:00+05:30,77171.69,77173.59,77150.86,77159.26,28183
2026-09-01 11:39:00+05:30,77160.48,77162.36,77149.09,77156.25,12904
2026-09-01 11:40:00+05:30,77154.79,77157.52,77114.35,77114.35,15314
2026-09-01 11:41:00+05:30,77115.74,77157.91,77112.63,77156.82,20457
2026-09-01 11:42:00+05:30,77157.74,77173.25,77157.5,77157.85,47998
2026-09-01 11:43:00+05:30,77157.61,77164.59,77154.39,77154.39,15514
2026-09-01 11:44:00+05:30,77154.74,77172.68,77154.74,77169.23,23835
2026-09-01 11:45:00+05:30,77167.8,77183.35,77163.72,77165.05,21352
2026-09-01 11:46:00+05:30,77166.51,77171.99,77147.76,77156.75,13676
2026-09-01 11:47:00+05:30,77159.32,77165.44,77151.98,77160.66,89704
2026-09-01 11:48:00+05:30,77156.9,77160.68,77148.34,77149.52,18244
2026-09-01 11:49:00+05:30,77152.09,77154.79,77137.65,77137.65,11989
2026-09-01 11:50:00+05:30,77135.69,77166.59,77135.69,77160.31,13113
2026-09-01 11:51:00+05:30,77160.8,77174.64,77156.56,77170.75,27327
2026-09-01 11:52:00+05:30,77177.62,77186.31,77160.96,77168.55,571621
2026-09-01 11:53:00+05:30,77172.13,77175.16,77154.44,77155.95,136318
2026-09-01 11:54:00+05:30,77159.99,77173.33,77159.99,77172.29,7658
2026-09-01 11:55:00+05:30,77172.09,77201.11,77172.09,77198.95,261850
2026-09-01 11:56:00+05:30,77200.99,77201.97,77184.75,77192.37,15733
2026-09-01 11:57:00+05:30,77192.55,77206.58,77192.55,77203.14,1419823
2026-09-01 11:58:00+05:30,77200.26,77201.56,77175.15,77191.9,60560
2026-09-01 11:59:00+05:30,77192.03,77192.75,77172.13,77175.01,10749
2026-09-01 12:00:00+05:30,77173.65,77188.84,77168.26,77168.26,352745
2026-09-01 12:01:00+05:30,77170.5,77175.42,77156.25,77166.36,43383
2026-09-01 12:02:00+05:30,77162.5,77183.38,77162.5,77179.99,22198
2026-09-01 12:03:00+05:30,77176.61,77195.53,77176.61,77195.53,31681
2026-09-01 12:04:00+05:30,77194.71,77201.26,77187.17,77201.14,23344
2026-09-01 12:05:00+05:30,77198.01,77220.56,77196.1,77220.56,295240
2026-09-01 12:06:00+05:30,77221.26,77228.17,77210.91,77221.06,75705
2026-09-01 12:07:00+05:30,77223.63,77223.63,77208.18,77214.9,23364
2026-09-01 12:08:00+05:30,77212.69,77222.61,77207.67,77215.17,17199
2026-09-01 12:09:00+05:30,77214.97,77223.91,77210.89,77221.94,13168
2026-09-01 12:10:00+05:30,77225.62,77229.28,77219.85,77226.9,7924
2026-09-01 12:11:00+05:30,77226.26,77231.87,77218.63,77225.37,17483
2026-09-01 12:12:00+05:30,77224.85,77226.62,77215.31,77224.35,8452
2026-09-01 12:13:00+05:30,77226.62,77229.27,77204.75,77208.79,18427
2026-09-01 12:14:00+05:30,77208.05,77208.05,77187.46,77192.67,14862
2026-09-01 12:15:00+05:30,77190.75,77195.12,77181.13,77187.97,13701
2026-09-01 12:16:00+05:30,77182.9,77192.77,77168.18,77176.88,116551
2026-09-01 12:17:00+05:30,77176.7,77178.65,77160.81,77165.86,13874
2026-09-01 12:18:00+05:30,77166.91,77176.1,77159.43,77176.1,57711
2026-09-01 12:19:00+05:30,77174.66,77178.5,77167.03,77173.47,10386
2026-09-01 12:20:00+05:30,77174.05,77182.84,77162.63,77182.84,12952
2026-09-01 12:21:00+05:30,77182.98,77182.98,77165.28,77170.43,7680
2026-09-01 12:22:00+05:30,77168.65,77174.52,77163.06,77168.45,23147
2026-09-01 12:23:00+05:30,77167.83,77171.86,77150.01,77153.27,7336
2026-09-01 12:24:00+05:30,77149.84,77159.08,77132.42,77134.86,358587
2026-09-01 12:25:00+05:30,77136.86,77153.34,77127.13,77152.51,97154
2026-09-01 12:26:00+05:30,77149.38,77168.56,77149.13,77151.07,11263
2026-09-01 12:27:00+05:30,77153.93,77168.2,77148.36,77160.55,14668
2026-09-01 12:28:00+05:30,77159.99,77174.38,77157.91,77168.8,20803
2026-09-01 12:29:00+05:30,77167.99,77172.54,77159.47,77170.38,25834
2026-09-01 12:30:00+05:30,77171.75,77178.3,77160.13,77177.25,16451
2026-09-01 12:31:00+05:30,77176.58,77187.67,77174.8,77183.92,12434
2026-09-01 12:32:00+05:30,77181.62,77185.7,77171.61,77174.26,19723
2026-09-01 12:33:00+05:30,77174.5,77176.25,77145.9,77147.18,15624
2026-09-01 12:34:00+05:30,77146.67,77159.21,77146.67,77158.51,26072
2026-09-01 12:35:00+05:30,77160.61,77167.51,77153.9,77165.32,195836
2026-09-01 12:36:00+05:30,77168.11,77172.35,77156.53,77156.77,29282
2026-09-01 12:37:00+05:30,77155.06,77165.84,77148.96,77163.99,17018
2026-09-01 12:38:00+05:30,77166.45,77168.53,77144.84,77157.01,115700
2026-09-01 12:39:00+05:30,77155.34,77162.91,77148.83,77156.93,26149
2026-09-01 12:40:00+05:30,77157.96,77175.06,77154.91,77172.47,20607
2026-09-01 12:41:00+05:30,77171.56,77173.96,77162.0,77165.42,24815
2026-09-01 12:42:00+05:30,77159.1,77183.79,77156.26,77175.88,98505
2026-09-01 12:43:00+05:30,77175.49,77182.08,77165.75,77166.61,8146
2026-09-01 12:44:00+05:30,77169.79,77175.95,77165.33,77175.78,9369
2026-09-01 12:45:00+05:30,77178.54,77191.14,77167.87,77169.82,11972
2026-09-01 12:46:00+05:30,77169.72,77172.53,77159.66,77168.15,11746
2026-09-01 12:47:00+05:30,77169.1,77169.51,77158.04,77162.2,4746
2026-09-01 12:48:00+05:30,77162.96,77172.38,77160.91,77160.91,4892
2026-09-01 12:49:00+05:30,77160.33,77165.47,77156.6,77158.4,6447
2026-09-01 12:50:00+05:30,77157.22,77161.19,77144.17,77145.13,8857
2026-09-01 12:51:00+05:30,77146.48,77147.78,77125.63,77130.77,10830
2026-09-01 12:52:00+05:30,77131.44,77138.65,77123.5,77135.09,7456
2026-09-01 12:53:00+05:30,77137.99,77139.7,77116.93,77123.48,16206
2026-09-01 12:54:00+05:30,77124.14,77125.96,77100.92,77100.92,6565
2026-09-01 12:55:00+05:30,77098.99,77099.57,77088.91,77098.14,5612
2026-09-01 12:56:00+05:30,77096.62,77103.93,77083.37,77083.57,8251
2026-09-01 12:57:00+05:30,77086.24,77093.07,77080.08,77090.56,7066
2026-09-01 12:58:00+05:30,77090.24,77102.99,77086.74,77097.61,36592
2026-09-01 12:59:00+05:30,77098.23,77106.81,77091.83,77099.47,11400
2026-09-01 13:00:00+05:30,77099.91,77105.0,77085.92,77085.92,41174
2026-09-01 13:01:00+05:30,77086.3,77096.11,77073.53,77078.64,212527
2026-09-01 13:02:00+05:30,77078.37,77087.01,77073.17,77085.05,18360
2026-09-01 13:03:00+05:30,77082.07,77085.93,77065.77,77073.31,5228
2026-09-01 13:04:00+05:30,77073.21,77076.84,77062.76,77076.84,5394
2026-09-01 13:05:00+05:30,77076.43,77076.43,77041.11,77044.79,9138
2026-09-01 13:06:00+05:30,77048.19,77055.33,77032.7,77036.74,13695
2026-09-01 13:07:00+05:30,77036.29,77036.52,77017.47,77028.82,9319
2026-09-01 13:08:00+05:30,77030.62,77044.91,77030.62,77031.21,22805
2026-09-01 13:09:00+05:30,77031.49,77041.97,77030.33,77036.29,7789
2026-09-01 13:10:00+05:30,77034.62,77036.92,77015.36,77015.36,16515
2026-09-01 13:11:00+05:30,77014.57,77014.57,76988.3,76993.79,57230
2026-09-01 13:12:00+05:30,76993.39,76993.39,76970.29,76978.35,11872
2026-09-01 13:13:00+05:30,76977.02,76979.08,76967.45,76969.93,30846
2026-09-01 13:14:00+05:30,76971.44,76971.44,76955.67,76955.67,20495
2026-09-01 13:15:00+05:30,76955.87,76956.5,76939.83,76939.83,58848
2026-09-01 13:16:00+05:30,76939.7,76943.85,76931.9,76932.85,43281
2026-09-01 13:17:00+05:30,76932.0,76939.04,76925.65,76934.02,61388
2026-09-01 13:18:00+05:30,76932.78,76940.98,76928.82,76938.18,32820
2026-09-01 13:19:00+05:30,76936.78,76952.68,76932.8,76950.4,21441
2026-09-01 13:20:00+05:30,76948.88,76953.42,76941.3,76953.2,16858
2026-09-01 13:21:00+05:30,76955.43,76982.63,76955.43,76978.29,15222
2026-09-01 13:22:00+05:30,76978.74,76984.84,76973.78,76984.43,10005
2026-09-01 13:23:00+05:30,76985.5,76985.5,76958.08,76968.86,13306
2026-09-01 13:24:00+05:30,76968.91,76976.32,76960.35,76975.52,16649
2026-09-01 13:25:00+05:30,76974.91,76983.65,76971.79,76975.84,8967
2026-09-01 13:26:00+05:30,76976.64,76986.34,76973.21,76977.4,13978
2026-09-01 13:27:00+05:30,76979.62,76979.62,76958.07,76964.27,28826
2026-09-01 13:28:00+05:30,76962.63,76962.63,76942.15,76948.51,11389
2026-09-01 13:29:00+05:30,76950.36,76954.74,76942.25,76953.42,37314
2026-09-01 13:30:00+05:30,76953.65,76968.43,76952.51,76967.67,12926
2026-09-01 13:31:00+05:30,76968.69,76996.71,76968.11,76992.51,25812
2026-09-01 13:32:00+05:30,76993.08,77005.87,76989.09,76997.11,84982
2026-09-01 13:33:00+05:30,76991.18,76999.41,76985.64,76994.23,23211
2026-09-01 13:34:00+05:30,76994.54,76995.83,76983.84,76988.81,11697
2026-09-01 13:35:00+05:30,76992.65,77008.85,76989.82,77005.05,14094
2026-09-01 13:36:00+05:30,77004.77,77008.48,76976.96,76976.96,16897
2026-09-01 13:37:00+05:30,76978.18,76978.2,76944.52,76945.22,19512
2026-09-01 13:38:00+05:30,76945.13,76952.39,76935.65,76938.31,9676
2026-09-01 13:39:00+05:30,76938.44,76944.96,76914.63,76928.78,27436
2026-09-01 13:40:00+05:30,76927.54,76927.54,76892.86,76893.84,25601
2026-09-01 13:41:00+05:30,76894.13,76896.57,76881.03,76881.23,9363
2026-09-01 13:42:00+05:30,76888.0,76894.97,76880.39,76894.41,47075
2026-09-01 13:43:00+05:30,76896.24,76905.14,76885.41,76902.57,14227
2026-09-01 13:44:00+05:30,76899.77,76922.29,76897.46,76914.57,10395
2026-09-01 13:45:00+05:30,76916.09,76916.82,76898.07,76903.9,21695
2026-09-01 13:46:00+05:30,76911.29,76911.29,76888.13,76890.17,7037
2026-09-01 13:47:00+05:30,76891.59,76894.76,76861.38,76866.64,9318
2026-09-01 13:48:00+05:30,76867.98,76873.43,76862.85,76865.72,15780
2026-09-01 13:49:00+05:30,76866.17,76875.57,76864.14,76875.32,6782
2026-09-01 13:50:00+05:30,76873.06,76873.06,76800.05,76800.05,34224
2026-09-01 13:51:00+05:30,76802.05,76806.61,76766.82,76770.72,21262
2026-09-01 13:52:00+05:30,76771.45,76791.96,76766.84,76785.04,10304
2026-09-01 13:53:00+05:30,76784.13,76789.23,76775.64,76780.64,16796
2026-09-01 13:54:00+05:30,76779.06,76788.51,76773.03,76785.76,10717
2026-09-01 13:55:00+05:30,76787.85,76787.85,76770.29,76778.76,13606
2026-09-01 13:56:00+05:30,76775.76,76787.93,76768.57,76783.1,19525
2026-09-01 13:57:00+05:30,76786.81,76818.16,76786.81,76818.16,30089
2026-09-01 13:58:00+05:30,76818.8,76841.7,76818.8,76835.59,12338
2026-09-01 13:59:00+05:30,76833.17,76833.95,76810.92,76810.92,14294
2026-09-01 14:00:00+05:30,76811.77,76815.88,76782.95,76785.53,14899
2026-09-01 14:01:00+05:30,76784.41,76802.19,76780.41,76791.48,12344
2026-09-01 14:02:00+05:30,76791.15,76791.7,76756.89,76761.69,9361
2026-09-01 14:03:00+05:30,76759.88,76760.93,76739.29,76743.55,17694
2026-09-01 14:04:00+05:30,76743.11,76756.81,76730.22,76756.81,17977
2026-09-01 14:05:00+05:30,76753.96,76756.5,76729.77,76754.63,17052
2026-09-01 14:06:00+05:30,76754.14,76757.37,76738.7,76741.15,13797
2026-09-01 14:07:00+05:30,76745.57,76749.02,76725.74,76725.74,10954
2026-09-01 14:08:00+05:30,76730.11,76735.45,76697.36,76697.36,19630
2026-09-01 14:09:00+05:30,76692.8,76701.57,76663.78,76667.66,18360
2026-09-01 14:10:00+05:30,76669.02,76689.12,76669.02,76688.33,14683
2026-09-01 14:11:00+05:30,76685.11,76718.61,76683.01,76712.95,14413
2026-09-01 14:12:00+05:30,76711.35,76716.44,76694.39,76694.39,23168
2026-09-01 14:13:00+05:30,76694.58,76697.69,76679.71,76685.93,15334
2026-09-01 14:14:00+05:30,76683.03,76701.66,76678.39,76698.95,12663
2026-09-01 14:15:00+05:30,76697.46,76707.35,76695.29,76697.79,24456
2026-09-01 14:16:00+05:30,76696.07,76701.23,76689.41,76695.07,7849
2026-09-01 14:17:00+05:30,76694.96,76698.29,76671.97,76684.87,32512
2026-09-01 14:18:00+05:30,76684.11,76685.42,76668.85,76683.24,12335
2026-09-01 14:19:00+05:30,76683.69,76699.72,76674.89,76691.17,11938
2026-09-01 14:20:00+05:30,76694.66,76701.83,76686.41,76693.54,15100
2026-09-01 14:21:00+05:30,76696.19,76702.04,76687.57,76688.77,13110
2026-09-01 14:22:00+05:30,76688.37,76689.6,76664.66,76666.47,53868
2026-09-01 14:23:00+05:30,76665.57,76669.56,76656.4,76664.77,20102
2026-09-01 14:24:00+05:30,76658.86,76678.7,76656.12,76672.63,21176
2026-09-01 14:25:00+05:30,76675.41,76694.76,76673.72,76689.01,9994
2026-09-01 14:26:00+05:30,76688.36,76689.13,76674.27,76678.65,6982
2026-09-01 14:27:00+05:30,76680.08,76681.41,76661.72,76664.78,29921
2026-09-01 14:28:00+05:30,76663.19,76670.61,76659.15,76668.43,11728
2026-09-01 14:29:00+05:30,76668.31,76740.25,76668.31,76740.25,13968
2026-09-01 14:30:00+05:30,76742.36,76756.37,76714.36,76715.91,47730
2026-09-01 14:31:00+05:30,76715.0,76748.23,76705.63,76748.23,9558
2026-09-01 14:32:00+05:30,76747.69,76765.42,76743.18,76746.98,18875
2026-09-01 14:33:00+05:30,76747.33,76749.73,76726.09,76727.68,7306
2026-09-01 14:34:00+05:30,76728.51,76748.54,76719.42,76748.21,15334
2026-09-01 14:35:00+05:30,76749.08,76765.37,76741.63,76744.57,11430
2026-09-01 14:36:00+05:30,76743.73,76743.99,76722.58,76723.58,8389
2026-09-01 14:37:00+05:30,76726.15,76726.15,76708.05,76712.19,14407
2026-09-01 14:38:00+05:30,76713.73,76724.58,76708.01,76721.46,17772
2026-09-01 14:39:00+05:30,76722.71,76726.66,76706.14,76707.71,8090
2026-09-01 14:40:00+05:30,76704.34,76710.92,76675.44,76678.96,11220
2026-09-01 14:41:00+05:30,76679.41,76693.5,76678.04,76693.5,9036
2026-09-01 14:42:00+05:30,76694.1,76717.82,76686.77,76714.62,9108
2026-09-01 14:43:00+05:30,76712.73,76712.73,76693.63,76699.99,7835
2026-09-01 14:44:00+05:30,76695.75,76701.52,76689.97,76693.31,8084
2026-09-01 14:45:00+05:30,76692.28,76729.55,76685.32,76728.5,25698
2026-09-01 14:46:00+05:30,76725.34,76727.24,76710.63,76716.17,13920
2026-09-01 14:47:00+05:30,76716.99,76720.66,76695.7,76704.4,13955
2026-09-01 14:48:00+05:30,76706.46,76710.46,76697.21,76700.67,10352
2026-09-01 14:49:00+05:30,76701.73,76703.99,76680.42,76700.2,9197
2026-09-01 14:50:00+05:30,76704.98,76732.18,76704.01,76727.94,17206
2026-09-01 14:51:00+05:30,76726.71,76757.13,76724.25,76757.13,24303
2026-09-01 14:52:00+05:30,76754.31,76756.47,76726.95,76737.14,10058
2026-09-01 14:53:00+05:30,76737.8,76744.03,76730.42,76732.72,13870
2026-09-01 14:54:00+05:30,76730.98,76743.7,76717.19,76743.7,20538
2026-09-01 14:55:00+05:30,76744.75,76761.51,76738.24,76750.99,16760
2026-09-01 14:56:00+05:30,76754.85,76782.88,76749.42,76760.76,11211
2026-09-01 14:57:00+05:30,76754.44,76761.15,76737.53,76737.53,14855
2026-09-01 14:58:00+05:30,76738.74,76750.74,76734.48,76746.15,11034
2026-09-01 14:59:00+05:30,76745.94,76754.56,76739.54,76751.75,12725
2026-09-01 15:00:00+05:30,76747.87,76747.87,76732.09,76735.23,21999
2026-09-01 15:01:00+05:30,76734.79,76746.77,76725.49,76744.48,28778
2026-09-01 15:02:00+05:30,76742.71,76744.05,76726.43,76730.96,18999
2026-09-01 15:03:00+05:30,76730.51,76730.51,76705.15,76708.66,42768
2026-09-01 15:04:00+05:30,76710.88,76728.67,76707.53,76728.67,16032
2026-09-01 15:05:00+05:30,76728.09,76749.02,76715.28,76745.22,39784
2026-09-01 15:06:00+05:30,76748.15,76755.49,76734.42,76749.43,41292
2026-09-01 15:07:00+05:30,76746.08,76751.49,76714.42,76722.4,32671
2026-09-01 15:08:00+05:30,76726.47,76733.73,76717.93,76723.02,19943
2026-09-01 15:09:00+05:30,76723.67,76728.36,76703.74,76711.67,28900
2026-09-01 15:10:00+05:30,76712.26,76734.58,76706.1,76720.82,25811
2026-09-01 15:11:00+05:30,76721.47,76734.25,76699.87,76715.31,18848
2026-09-01 15:12:00+05:30,76720.25,76738.04,76681.54,76685.48,58411
2026-09-01 15:13:00+05:30,76699.34,76723.82,76698.71,76723.07,20208
2026-09-01 15:14:00+05:30,76726.31,76755.09,76718.61,76718.68,30329
2026-09-01 15:15:00+05:30,76725.18,76725.18,76725.18,76725.18,0
2026-09-01 15:16:00+05:30,76725.18,76725.18,76725.18,76725.18,0
2026-09-01 15:17:00+05:30,76725.18,76725.18,76725.18,76725.18,0
2026-09-01 15:18:00+05:30,76725.18,76725.18,76725.18,76725.18,0
2026-09-01 15:19:00+05:30,76725.18,76725.18,76725.18,76725.18,0
2026-09-01 15:20:00+05:30,76725.18,76725.18,76725.18,76725.18,0
2026-09-01 15:21:00+05:30,76725.18,76725.18,76725.18,76725.18,0
2026-09-01 15:22:00+05:30,76725.18,76725.18,76725.18,76725.18,0
2026-09-01 15:23:00+05:30,76725.18,76725.18,76725.18,76725.18,0
2026-09-01 15:24:00+05:30,76725.18,76725.18,76725.18,76725.18,0
2026-09-01 15:25:00+05:30,76725.18,76725.18,76725.18,76725.18,0
2026-09-01 15:26:00+05:30,76725.18,76725.18,76725.18,76725.18,0
2026-09-01 15:27:00+05:30,76725.18,76725.18,76725.18,76725.18,0
2026-09-01 15:28:00+05:30,76725.18,76944.28,76725.18,76944.28,61659
2026-09-01 15:29:00+05:30,76944.28,76944.28,76944.28,76944.28,0
2026-09-02 09:15:00+05:30,76471.32,76521.67,76196.07,76262.29,286027
2026-09-02 09:16:00+05:30,76260.43,76270.35,76207.25,76207.25,161734
2026-09-02 09:17:00+05:30,76203.72,76241.22,76192.94,76229.5,102384
2026-09-02 09:18:00+05:30,76227.98,76270.4,76227.98,76251.29,87144
2026-09-02 09:19:00+05:30,76245.77,76262.43,76220.28,76225.08,80318
2026-09-02 09:20:00+05:30,76224.43,76245.27,76208.4,76243.99,93749
2026-09-02 09:21:00+05:30,76251.6,76254.51,76184.33,76217.5,83695
2026-09-02 09:22:00+05:30,76209.73,76218.59,76181.53,76188.54,61134
2026-09-02 09:23:00+05:30,76189.46,76206.87,76157.48,76161.91,59919
2026-09-02 09:24:00+05:30,76161.6,76181.1,76135.72,76181.1,67600
2026-09-02 09:25:00+05:30,76185.38,76228.2,76183.38,76223.53,39846
2026-09-02 09:26:00+05:30,76225.51,76262.48,76217.34,76259.93,82254
2026-09-02 09:27:00+05:30,76260.67,76282.97,76258.81,76269.26,50415
2026-09-02 09:28:00+05:30,76266.94,76269.59,76229.35,76240.51,47288
2026-09-02 09:29:00+05:30,76236.01,76264.98,76233.1,76261.55,42586
2026-09-02 09:30:00+05:30,76258.1,76286.67,76245.94,76245.94,60795
2026-09-02 09:31:00+05:30,76252.76,76263.06,76235.03,76257.52,46336
2026-09-02 09:32:00+05:30,76254.0,76273.22,76247.74,76263.26,23881
2026-09-02 09:33:00+05:30,76265.4,76297.89,76263.11,76297.89,33575
2026-09-02 09:34:00+05:30,76297.04,76341.94,76296.07,76341.94,38508
2026-09-02 09:35:00+05:30,76340.03,76356.04,76301.87,76327.15,37308
2026-09-02 09:36:00+05:30,76328.9,76328.9,76305.03,76326.09,30313
2026-09-02 09:37:00+05:30,76323.31,76349.6,76313.52,76332.02,26351
2026-09-02 09:38:00+05:30,76331.81,76338.64,76308.11,76313.07,20820
2026-09-02 09:39:00+05:30,76314.18,76321.12,76286.48,76295.17,71099
2026-09-02 09:40:00+05:30,76290.33,76310.39,76281.33,76305.19,42418
2026-09-02 09:41:00+05:30,76307.96,76335.47,76303.28,76330.59,32409
2026-09-02 09:42:00+05:30,76329.47,76350.83,76329.47,76337.53,24379
2026-09-02 09:43:00+05:30,76336.02,76365.52,76335.77,76345.84,33259
2026-09-02 09:44:00+05:30,76347.37,76356.37,76337.47,76341.45,17043
2026-09-02 09:45:00+05:30,76337.03,76344.54,76323.8,76324.23,18730
2026-09-02 09:46:00+05:30,76329.45,76329.45,76305.22,76311.24,21577
2026-09-02 09:47:00+05:30,76310.82,76317.65,76287.22,76290.46,521744
2026-09-02 09:48:00+05:30,76291.69,76303.69,76283.16,76300.23,29578
2026-09-02 09:49:00+05:30,76299.0,76326.84,76293.87,76320.71,31231
2026-09-02 09:50:00+05:30,76319.37,76359.35,76309.39,76355.34,31699
2026-09-02 09:51:00+05:30,76356.57,76361.8,76321.71,76326.74,54499
2026-09-02 09:52:00+05:30,76326.73,76337.66,76311.72,76312.34,20745
2026-09-02 09:53:00+05:30,76313.9,76329.07,76305.89,76326.11,38101
2026-09-02 09:54:00+05:30,76327.66,76327.79,76298.04,76303.43,18050
2026-09-02 09:55:00+05:30,76307.57,76322.11,76300.91,76320.57,28530
2026-09-02 09:56:00+05:30,76322.14,76350.16,76316.58,76339.26,25559
2026-09-02 09:57:00+05:30,76339.68,76359.96,76337.64,76347.4,26831
2026-09-02 09:58:00+05:30,76345.01,76382.75,76344.27,76382.75,129750
2026-09-02 09:59:00+05:30,76385.44,76396.89,76380.23,76382.5,233357
2026-09-02 10:00:00+05:30,76383.3,76391.72,76356.17,76364.54,68472
2026-09-02 10:01:00+05:30,76364.12,76377.46,76359.61,76368.73,16035
2026-09-02 10:02:00+05:30,76362.87,76393.4,76362.69,76384.11,18972
2026-09-02 10:03:00+05:30,76384.55,76395.14,76369.33,76383.88,32758
2026-09-02 10:04:00+05:30,76383.04,76388.86,76372.26,76373.64,697118
2026-09-02 10:05:00+05:30,76376.77,76391.92,76366.04,76374.8,222959
2026-09-02 10:06:00+05:30,76378.05,76391.17,76372.16,76382.04,30982
2026-09-02 10:07:00+05:30,76384.26,76392.14,76376.87,76376.87,19736
2026-09-02 10:08:00+05:30,76381.69,76386.97,76345.19,76345.19,20156
2026-09-02 10:09:00+05:30,76351.54,76356.57,76326.63,76344.0,41201
2026-09-02 10:10:00+05:30,76344.24,76360.94,76337.7,76356.02,9936
2026-09-02 10:11:00+05:30,76351.43,76366.03,76339.94,76347.08,17194
2026-09-02 10:12:00+05:30,76343.73,76359.27,76341.27,76355.52,13407
2026-09-02 10:13:00+05:30,76351.87,76380.4,76350.13,76380.4,27300
2026-09-02 10:14:00+05:30,76376.69,76377.53,76344.69,76344.69,11633
2026-09-02 10:15:00+05:30,76344.15,76357.36,76336.9,76356.44,14819
2026-09-02 10:16:00+05:30,76355.01,76366.16,76352.7,76362.06,9227
2026-09-02 10:17:00+05:30,76364.53,76370.95,76356.68,76366.63,11151
2026-09-02 10:18:00+05:30,76359.03,76375.6,76358.32,76375.6,11655
2026-09-02 10:19:00+05:30,76379.89,76401.19,76372.1,76396.77,15315
2026-09-02 10:20:00+05:30,76396.21,76419.53,76396.21,76418.03,543281
2026-09-02 10:21:00+05:30,76419.01,76449.76,76408.54,76446.7,15703
2026-09-02 10:22:00+05:30,76447.82,76465.6,76445.64,76459.64,17762
2026-09-02 10:23:00+05:30,76456.22,76462.07,76443.66,76449.62,21785
2026-09-02 10:24:00+05:30,76448.36,76451.65,76437.21,76448.37,37117
2026-09-02 10:25:00+05:30,76447.36,76455.5,76441.42,76455.32,7433
2026-09-02 10:26:00+05:30,76450.6,76457.34,76443.67,76454.41,17796
2026-09-02 10:27:00+05:30,76453.69,76463.19,76450.18,76453.87,16127
2026-09-02 10:28:00+05:30,76460.96,76465.62,76456.58,76461.13,7315
2026-09-02 10:29:00+05:30,76457.86,76483.14,76457.86,76478.36,18656
2026-09-02 10:30:00+05:30,76475.1,76494.69,76473.47,76492.09,33174
2026-09-02 10:31:00+05:30,76494.34,76532.93,76489.66,76506.89,39907
2026-09-02 10:32:00+05:30,76507.61,76510.58,76489.28,76505.4,37818
2026-09-02 10:33:00+05:30,76500.11,76503.9,76484.63,76490.29,16668
2026-09-02 10:34:00+05:30,76490.48,76494.17,76473.99,76476.61,26712
2026-09-02 10:35:00+05:30,76478.33,76483.8,76463.63,76463.81,20464
2026-09-02 10:36:00+05:30,76464.27,76466.28,76452.43,76457.49,14852
2026-09-02 10:37:00+05:30,76457.32,76467.24,76454.14,76454.14,18604
2026-09-02 10:38:00+05:30,76454.01,76460.32,76434.74,76441.71,17515
2026-09-02 10:39:00+05:30,76441.12,76447.11,76408.07,76410.14,25158
2026-09-02 10:40:00+05:30,76409.3,76433.34,76406.17,76426.89,15550
2026-09-02 10:41:00+05:30,76428.14,76432.9,76410.19,76416.59,11044
2026-09-02 10:42:00+05:30,76419.84,76426.03,76405.84,76422.04,9930
2026-09-02 10:43:00+05:30,76426.54,76430.41,76410.27,76410.27,7066
2026-09-02 10:44:00+05:30,76412.56,76412.56,76401.46,76404.25,13050
2026-09-02 10:45:00+05:30,76407.75,76417.24,76390.29,76397.24,18173
2026-09-02 10:46:00+05:30,76399.32,76405.11,76383.87,76389.41,21333
2026-09-02 10:47:00+05:30,76389.48,76398.56,76381.52,76390.42,21535
2026-09-02 10:48:00+05:30,76390.41,76413.5,76390.41,76412.08,13662
2026-09-02 10:49:00+05:30,76411.58,76421.41,76402.77,76406.83,37276
2026-09-02 10:50:00+05:30,76407.67,76420.03,76397.75,76418.62,17864
2026-09-02 10:51:00+05:30,76418.96,76431.54,76415.92,76423.62,20973
2026-09-02 10:52:00+05:30,76423.05,76424.1,76370.67,76371.58,61101
2026-09-02 10:53:00+05:30,76370.97,76379.91,76349.62,76349.62,20433
2026-09-02 10:54:00+05:30,76353.06,76386.42,76338.6,76381.44,22817
2026-09-02 10:55:00+05:30,76380.03,76393.83,76379.61,76389.4,7655
2026-09-02 10:56:00+05:30,76390.04,76420.26,76389.08,76415.51,31173
2026-09-02 10:57:00+05:30,76416.43,76422.39,76403.72,76408.38,25860
2026-09-02 10:58:00+05:30,76408.23,76409.81,76397.95,76401.97,14843
2026-09-02 10:59:00+05:30,76403.5,76410.14,76391.79,76394.71,25723
2026-09-02 11:00:00+05:30,76395.16,76407.12,76395.16,76402.36,10845
2026-09-02 11:01:00+05:30,76404.04,76411.06,76380.94,76384.43,10492
2026-09-02 11:02:00+05:30,76382.12,76382.12,76359.41,76366.94,32801
2026-09-02 11:03:00+05:30,76364.86,76364.86,76337.97,76344.62,9620
2026-09-02 11:04:00+05:30,76345.96,76350.2,76318.86,76330.28,8570
2026-09-02 11:05:00+05:30,76327.41,76334.44,76310.99,76312.0,13013
2026-09-02 11:06:00+05:30,76310.63,76318.34,76304.55,76306.63,7931
2026-09-02 11:07:00+05:30,76304.19,76342.4,76304.19,76331.06,15209
2026-09-02 11:08:00+05:30,76330.64,76333.9,76320.33,76325.91,5618
2026-09-02 11:09:00+05:30,76332.86,76332.86,76308.76,76311.2,19999
2026-09-02 11:10:00+05:30,76310.84,76314.8,76301.51,76309.05,21856
2026-09-02 11:11:00+05:30,76307.23,76314.32,76304.22,76311.61,14262
2026-09-02 11:12:00+05:30,76312.44,76321.84,76311.2,76315.4,7028
2026-09-02 11:13:00+05:30,76314.54,76314.88,76302.65,76312.59,16397
2026-09-02 11:14:00+05:30,76313.56,76320.02,76307.56,76309.2,8025
2026-09-02 11:15:00+05:30,76309.8,76321.51,76309.8,76318.78,19014
2026-09-02 11:16:00+05:30,76318.5,76318.5,76298.11,76302.5,97688
2026-09-02 11:17:00+05:30,76300.2,76305.51,76296.35,76300.66,16045
2026-09-02 11:18:00+05:30,76302.16,76325.97,76299.35,76325.97,21164
2026-09-02 11:19:00+05:30,76329.01,76334.14,76313.82,76320.59,5952
2026-09-02 11:20:00+05:30,76319.53,76334.19,76315.88,76320.04,9225
2026-09-02 11:21:00+05:30,76321.57,76321.57,76309.24,76309.68,17960
2026-09-02 11:22:00+05:30,76317.27,76317.98,76293.37,76293.37,17178
2026-09-02 11:23:00+05:30,76292.92,76306.52,76292.92,76306.51,15138
2026-09-02 11:24:00+05:30,76305.35,76308.57,76281.54,76283.88,507883
2026-09-02 11:25:00+05:30,76283.24,76289.99,76270.66,76287.3,7712
2026-09-02 11:26:00+05:30,76287.32,76301.2,76284.79,76286.08,9670
2026-09-02 11:27:00+05:30,76286.8,76290.58,76280.3,76282.72,9504
2026-09-02 11:28:00+05:30,76285.55,76290.83,76279.77,76286.01,11312
2026-09-02 11:29:00+05:30,76286.08,76292.95,76272.76,76273.13,12943
2026-09-02 11:30:00+05:30,76273.91,76277.57,76264.35,76270.98,8518
2026-09-02 11:31:00+05:30,76273.12,76276.12,76266.33,76270.65,40692
2026-09-02 11:32:00+05:30,76269.4,76282.23,76266.88,76272.48,15430
2026-09-02 11:33:00+05:30,76276.54,76278.02,76252.5,76254.37,7116
2026-09-02 11:34:00+05:30,76252.78,76259.21,76243.12,76259.21,8637
2026-09-02 11:35:00+05:30,76259.04,76267.75,76254.99,76262.19,21826
2026-09-02 11:36:00+05:30,76262.24,76265.18,76255.03,76255.09,8375
2026-09-02 11:37:00+05:30,76254.13,76261.36,76251.93,76255.17,16434
2026-09-02 11:38:00+05:30,76255.21,76262.19,76245.74,76262.19,9039
2026-09-02 11:39:00+05:30,76263.64,76279.37,76258.0,76279.37,11718
2026-09-02 11:40:00+05:30,76278.57,76286.53,76270.33,76270.33,8334
2026-09-02 11:41:00+05:30,76269.09,76273.74,76253.06,76259.5,9166
2026-09-02 11:42:00+05:30,76256.28,76263.0,76254.73,76259.48,25639
2026-09-02 11:43:00+05:30,76259.63,76275.13,76250.6,76266.18,13229
2026-09-02 11:44:00+05:30,76266.29,76271.25,76254.57,76255.85,13927
2026-09-02 11:45:00+05:30,76256.2,76256.2,76242.85,76249.95,218003
2026-09-02 11:46:00+05:30,76244.44,76249.72,76237.06,76247.06,23600
2026-09-02 11:47:00+05:30,76246.63,76249.74,76238.46,76239.75,14467
2026-09-02 11:48:00+05:30,76237.36,76258.07,76234.59,76256.08,16653
2026-09-02 11:49:00+05:30,76255.9,76263.88,76246.71,76249.21,10256
2026-09-02 11:50:00+05:30,76247.79,76258.68,76247.2,76257.06,33401
2026-09-02 11:51:00+05:30,76257.22,76258.72,76247.05,76249.33,13919
2026-09-02 11:52:00+05:30,76250.26,76266.61,76247.46,76262.27,25468
2026-09-02 11:53:00+05:30,76261.37,76270.4,76249.24,76268.4,21644
2026-09-02 11:54:00+05:30,76272.53,76295.86,76272.53,76295.86,32340
2026-09-02 11:55:00+05:30,76297.08,76305.88,76286.49,76286.49,52905
2026-09-02 11:56:00+05:30,76283.43,76294.6,76273.54,76277.4,17344
2026-09-02 11:57:00+05:30,76278.09,76278.55,76270.09,76271.7,7590
2026-09-02 11:58:00+05:30,76269.48,76270.01,76252.7,76253.97,22815
2026-09-02 11:59:00+05:30,76253.0,76266.51,76248.04,76263.83,15795
2026-09-02 12:00:00+05:30,76263.67,76273.78,76256.89,76271.64,26563
2026-09-02 12:01:00+05:30,76272.23,76282.57,76262.25,76281.49,21236
2026-09-02 12:02:00+05:30,76283.6,76285.65,76266.17,76274.17,10026
2026-09-02 12:03:00+05:30,76273.69,76281.44,76247.54,76251.03,15044
2026-09-02 12:04:00+05:30,76253.36,76253.36,76234.98,76238.86,24440
2026-09-02 12:05:00+05:30,76242.32,76260.11,76237.69,76255.53,18356
2026-09-02 12:06:00+05:30,76255.09,76268.85,76253.06,76259.91,11773
2026-09-02 12:07:00+05:30,76261.83,76265.78,76249.93,76251.41,13305
2026-09-02 12:08:00+05:30,76250.19,76262.52,76250.19,76253.29,5931
2026-09-02 12:09:00+05:30,76254.23,76272.83,76251.7,76264.69,12038
2026-09-02 12:10:00+05:30,76265.72,76284.48,76264.22,76277.6,82687
2026-09-02 12:11:00+05:30,76278.78,76329.33,76272.66,76320.91,26607
2026-09-02 12:12:00+05:30,76319.65,76338.59,76318.01,76337.42,8584
2026-09-02 12:13:00+05:30,76337.64,76345.04,76328.87,76339.78,42486
2026-09-02 12:14:00+05:30,76338.96,76341.96,76329.32,76340.33,17206
2026-09-02 12:15:00+05:30,76339.57,76350.88,76338.35,76346.05,29403
2026-09-02 12:16:00+05:30,76344.68,76344.68,76327.57,76336.67,15502
2026-09-02 12:17:00+05:30,76336.38,76357.66,76336.38,76350.25,19039
2026-09-02 12:18:00+05:30,76350.19,76351.74,76327.13,76332.65,5983
2026-09-02 12:19:00+05:30,76333.0,76333.68,76305.33,76314.41,59157
2026-09-02 12:20:00+05:30,76313.44,76315.56,76291.0,76291.46,13524
2026-09-02 12:21:00+05:30,76288.92,76288.92,76270.86,76272.63,12316
2026-09-02 12:22:00+05:30,76272.7,76308.31,76271.88,76296.13,8696
2026-09-02 12:23:00+05:30,76292.27,76295.24,76279.28,76291.7,12699
2026-09-02 12:24:00+05:30,76291.35,76294.23,76283.93,76292.43,9859
2026-09-02 12:25:00+05:30,76293.59,76303.76,76293.04,76302.14,6923
2026-09-02 12:26:00+05:30,76301.04,76314.83,76292.9,76309.97,8298
2026-09-02 12:27:00+05:30,76314.09,76322.98,76309.48,76316.97,6164
2026-09-02 12:28:00+05:30,76315.74,76326.45,76311.32,76325.36,15921
2026-09-02 12:29:00+05:30,76323.21,76336.55,76323.21,76330.19,8432
2026-09-02 12:30:00+05:30,76330.88,76354.79,76318.75,76354.79,12137
2026-09-02 12:31:00+05:30,76356.14,76365.84,76347.49,76365.84,12370
2026-09-02 12:32:00+05:30,76367.65,76388.02,76360.09,76376.23,22237
2026-09-02 12:33:00+05:30,76373.66,76384.79,76373.66,76382.53,30570
2026-09-02 12:34:00+05:30,76378.44,76392.04,76374.93,76374.93,7601
2026-09-02 12:35:00+05:30,76375.45,76407.49,76375.45,76386.54,59012
2026-09-02 12:36:00+05:30,76385.51,76388.3,76351.71,76370.14,47013
2026-09-02 12:37:00+05:30,76370.45,76397.64,76370.45,76396.11,217744
2026-09-02 12:38:00+05:30,76398.11,76403.65,76375.41,76386.22,112176
2026-09-02 12:39:00+05:30,76383.71,76387.1,76369.31,76377.26,9183
2026-09-02 12:40:00+05:30,76377.84,76388.81,76377.84,76388.81,19740
2026-09-02 12:41:00+05:30,76388.55,76399.46,76370.4,76398.39,9353
2026-09-02 12:42:00+05:30,76400.9,76400.9,76388.69,76399.3,27897
2026-09-02 12:43:00+05:30,76399.76,76421.1,76392.4,76421.1,21113
2026-09-02 12:44:00+05:30,76423.17,76427.49,76415.42,76417.38,33316
2026-09-02 12:45:00+05:30,76416.71,76417.13,76385.8,76385.8,84496
2026-09-02 12:46:00+05:30,76385.57,76398.35,76379.12,76398.35,70287
2026-09-02 12:47:00+05:30,76399.78,76406.88,76393.73,76396.25,92859
2026-09-02 12:48:00+05:30,76395.34,76395.34,76378.79,76383.53,101274
2026-09-02 12:49:00+05:30,76383.76,76401.8,76383.76,76401.8,3562
2026-09-02 12:50:00+05:30,76398.57,76409.76,76398.57,76406.6,22792
2026-09-02 12:51:00+05:30,76406.42,76408.05,76396.77,76405.22,8538
2026-09-02 12:52:00+05:30,76405.41,76411.36,76404.68,76406.89,4299
2026-09-02 12:53:00+05:30,76403.99,76412.76,76400.84,76412.28,4578
2026-09-02 12:54:00+05:30,76412.41,76418.37,76408.45,76417.73,6972
2026-09-02 12:55:00+05:30,76415.84,76418.24,76399.95,76399.95,9503
2026-09-02 12:56:00+05:30,76403.46,76408.68,76400.29,76406.55,16649
2026-09-02 12:57:00+05:30,76402.94,76422.77,76402.62,76419.55,15365
2026-09-02 12:58:00+05:30,76419.96,76421.27,76411.29,76418.19,8677
2026-09-02 12:59:00+05:30,76415.78,76430.86,76414.84,76427.04,7328
2026-09-02 13:00:00+05:30,76425.89,76447.05,76425.89,76443.96,50392
2026-09-02 13:01:00+05:30,76441.52,76452.74,76438.75,76448.74,73569
2026-09-02 13:02:00+05:30,76444.12,76457.59,76444.12,76455.85,23647
2026-09-02 13:03:00+05:30,76453.92,76455.49,76441.8,76444.39,8168
2026-09-02 13:04:00+05:30,76445.18,76446.46,76428.11,76429.72,5289
2026-09-02 13:05:00+05:30,76428.66,76430.15,76419.04,76427.98,7873
2026-09-02 13:06:00+05:30,76426.68,76439.68,76422.03,76429.32,12731
2026-09-02 13:07:00+05:30,76427.71,76427.71,76403.4,76403.4,9249
2026-09-02 13:08:00+05:30,76403.23,76409.6,76394.38,76403.89,18475
2026-09-02 13:09:00+05:30,76402.42,76402.42,76389.67,76389.99,7761
2026-09-02 13:10:00+05:30,76387.09,76406.45,76385.94,76404.04,6929
2026-09-02 13:11:00+05:30,76404.34,76432.55,76404.01,76429.18,25125
2026-09-02 13:12:00+05:30,76429.94,76434.24,76423.6,76432.09,8926
2026-09-02 13:13:00+05:30,76431.98,76450.56,76431.98,76448.6,5348
2026-09-02 13:14:00+05:30,76448.5,76454.01,76436.66,76447.39,19793
2026-09-02 13:15:00+05:30,76451.39,76456.75,76443.65,76444.44,8699
2026-09-02 13:16:00+05:30,76444.14,76444.14,76425.03,76438.57,6369
2026-09-02 13:17:00+05:30,76435.72,76451.53,76430.99,76445.43,9991
2026-09-02 13:18:00+05:30,76440.93,76450.09,76438.53,76447.5,4309
2026-09-02 13:19:00+05:30,76446.18,76446.18,76433.33,76438.14,9687
2026-09-02 13:20:00+05:30,76438.5,76444.54,76436.49,76440.59,8757
2026-09-02 13:21:00+05:30,76440.28,76451.0,76434.66,76450.83,12008
2026-09-02 13:22:00+05:30,76451.56,76453.25,76434.94,76439.48,12883
2026-09-02 13:23:00+05:30,76439.23,76440.92,76430.76,76440.78,24333
2026-09-02 13:24:00+05:30,76441.69,76450.63,76432.93,76448.69,29409
2026-09-02 13:25:00+05:30,76449.78,76458.0,76445.2,76458.0,9138
2026-09-02 13:26:00+05:30,76456.19,76467.82,76447.55,76467.82,18648
2026-09-02 13:27:00+05:30,76465.62,76476.36,76462.37,76474.68,8366
2026-09-02 13:28:00+05:30,76474.0,76476.52,76438.34,76445.54,50369
2026-09-02 13:29:00+05:30,76444.32,76447.59,76440.17,76443.65,7071
2026-09-02 13:30:00+05:30,76443.43,76447.58,76431.93,76431.93,8844
2026-09-02 13:31:00+05:30,76431.89,76440.17,76419.73,76419.73,49359
2026-09-02 13:32:00+05:30,76421.04,76437.17,76420.73,76431.33,12115
2026-09-02 13:33:00+05:30,76431.74,76440.95,76431.74,76437.82,4672
2026-09-02 13:34:00+05:30,76436.69,76448.81,76426.22,76444.51,7577
2026-09-02 13:35:00+05:30,76446.64,76462.85,76446.33,76462.85,3531
2026-09-02 13:36:00+05:30,76457.27,76474.73,76442.77,76474.73,59648
2026-09-02 13:37:00+05:30,76474.09,76493.7,76470.14,76484.69,54102
2026-09-02 13:38:00+05:30,76486.56,76486.56,76448.39,76448.7,27730
2026-09-02 13:39:00+05:30,76449.61,76449.61,76417.72,76419.79,11961
2026-09-02 13:40:00+05:30,76419.48,76419.48,76402.07,76403.77,15354
2026-09-02 13:41:00+05:30,76403.64,76426.25,76399.3,76426.25,6173
2026-09-02 13:42:00+05:30,76425.61,76431.03,76420.06,76422.86,9048
2026-09-02 13:43:00+05:30,76423.09,76427.51,76416.99,76419.79,10794
2026-09-02 13:44:00+05:30,76421.37,76429.49,76414.8,76425.19,96433
2026-09-02 13:45:00+05:30,76419.84,76442.48,76419.84,76441.38,34028
2026-09-02 13:46:00+05:30,76437.6,76441.3,76425.94,76427.1,53522
2026-09-02 13:47:00+05:30,76429.39,76452.79,76425.11,76452.79,36196
2026-09-02 13:48:00+05:30,76451.87,76457.37,76433.75,76439.74,23427
2026-09-02 13:49:00+05:30,76437.22,76443.37,76418.91,76423.45,12927
2026-09-02 13:50:00+05:30,76420.86,76428.19,76402.24,76413.02,26653
2026-09-02 13:51:00+05:30,76409.77,76410.93,76380.32,76380.86,23553
2026-09-02 13:52:00+05:30,76382.66,76391.99,76382.34,76387.67,32507
2026-09-02 13:53:00+05:30,76389.56,76419.29,76386.92,76416.34,26619
2026-09-02 13:54:00+05:30,76417.48,76423.64,76414.0,76420.27,9167
2026-09-02 13:55:00+05:30,76417.4,76423.8,76413.48,76421.15,8448
2026-09-02 13:56:00+05:30,76419.74,76426.25,76416.13,76425.64,8280
2026-09-02 13:57:00+05:30,76425.68,76435.3,76423.75,76429.12,10390
2026-09-02 13:58:00+05:30,76427.9,76432.36,76421.36,76431.91,13480
2026-09-02 13:59:00+05:30,76432.56,76443.26,76432.56,76439.83,11392
2026-09-02 14:00:00+05:30,76439.64,76460.75,76439.64,76457.9,10804
2026-09-02 14:01:00+05:30,76457.74,76480.0,76453.13,76478.07,112837
2026-09-02 14:02:00+05:30,76477.65,76486.59,76474.26,76486.08,5991
2026-09-02 14:03:00+05:30,76486.23,76486.23,76472.03,76481.37,14328
2026-09-02 14:04:00+05:30,76482.48,76482.48,76457.26,76463.73,8097
2026-09-02 14:05:00+05:30,76462.93,76463.84,76452.07,76455.85,8961
2026-09-02 14:06:00+05:30,76457.01,76482.8,76455.27,76482.8,74780
2026-09-02 14:07:00+05:30,76478.7,76526.59,76478.7,76526.59,52851
2026-09-02 14:08:00+05:30,76527.32,76527.85,76513.44,76516.19,62673
2026-09-02 14:09:00+05:30,76516.83,76519.8,76511.18,76517.93,44533
2026-09-02 14:10:00+05:30,76516.78,76521.98,76509.0,76514.02,15424
2026-09-02 14:11:00+05:30,76512.93,76514.89,76500.74,76504.02,26669
2026-09-02 14:12:00+05:30,76505.6,76518.78,76505.11,76515.35,8899
2026-09-02 14:13:00+05:30,76515.1,76516.2,76493.96,76493.96,4641
2026-09-02 14:14:00+05:30,76493.32,76495.56,76482.62,76495.56,7437
2026-09-02 14:15:00+05:30,76494.12,76495.09,76488.54,76493.83,19034
2026-09-02 14:16:00+05:30,76494.34,76498.09,76491.45,76493.74,7316
2026-09-02 14:17:00+05:30,76494.46,76494.46,76474.2,76476.5,50873
2026-09-02 14:18:00+05:30,76475.21,76481.15,76469.22,76478.93,12694
2026-09-02 14:19:00+05:30,76478.35,76483.56,76476.95,76481.16,9941
2026-09-02 14:20:00+05:30,76483.04,76489.17,76474.87,76477.61,13465
2026-09-02 14:21:00+05:30,76477.95,76491.43,76475.3,76491.43,26924
2026-09-02 14:22:00+05:30,76490.61,76491.02,76477.99,76479.64,9315
2026-09-02 14:23:00+05:30,76481.34,76484.94,76472.26,76478.84,12111
2026-09-02 14:24:00+05:30,76479.12,76481.57,76457.61,76459.2,22591
2026-09-02 14:25:00+05:30,76457.67,76458.13,76439.14,76451.72,8643
2026-09-02 14:26:00+05:30,76448.19,76454.4,76442.32,76452.98,14647
2026-09-02 14:27:00+05:30,76450.43,76466.45,76447.85,76464.56,24438
2026-09-02 14:28:00+05:30,76464.75,76474.82,76460.56,76474.82,7584
2026-09-02 14:29:00+05:30,76475.2,76487.7,76472.8,76487.7,38288
2026-09-02 14:30:00+05:30,76487.69,76507.49,76485.75,76507.45,24862
2026-09-02 14:31:00+05:30,76507.9,76520.06,76504.24,76512.85,5751
2026-09-02 14:32:00+05:30,76511.64,76528.15,76508.42,76524.23,11156
2026-09-02 14:33:00+05:30,76522.23,76535.87,76510.36,76525.6,35915
2026-09-02 14:34:00+05:30,76529.02,76537.76,76521.53,76531.17,48011
2026-09-02 14:35:00+05:30,76529.24,76566.19,76528.92,76566.19,41301
2026-09-02 14:36:00+05:30,76565.97,76567.55,76542.21,76552.95,24842
2026-09-02 14:37:00+05:30,76552.9,76552.9,76542.61,76545.47,13850
2026-09-02 14:38:00+05:30,76542.81,76544.33,76505.86,76508.41,19479
2026-09-02 14:39:00+05:30,76509.88,76529.32,76507.71,76521.24,7355
2026-09-02 14:40:00+05:30,76523.79,76544.49,76523.12,76540.81,9651
2026-09-02 14:41:00+05:30,76541.0,76542.91,76525.22,76526.6,9532
2026-09-02 14:42:00+05:30,76526.69,76529.74,76506.2,76515.13,14048
2026-09-02 14:43:00+05:30,76512.1,76513.17,76496.38,76498.82,7321
2026-09-02 14:44:00+05:30,76495.7,76495.7,76471.98,76473.14,9435
2026-09-02 14:45:00+05:30,76472.01,76479.02,76466.62,76475.59,19919
2026-09-02 14:46:00+05:30,76475.29,76483.9,76475.29,76483.4,7662
