order_id,strategy,symbol,qty,lot_size,entry_time_ist,entry_price,exit_time_ist,exit_price,exit_reason,stop_loss,take_profit,gross_pnl,charges,net_pnl,status
f8863976-ed41-4478-8267-6b8aad551147,BANKNIFTY_HEIKIN_ASHI_BEARISH_1M_ATM,BANKNIFTY57400PE,1,30,2026-09-01 09:46:00,595.54495,2026-09-01 11:13:03,475.96000000000004,STOP_LOSS,475.96000000000004,744.95,-3587.548499999998,75.34,-3662.888499999998,CLOSED
a0263328-c4ae-4bd3-9462-fc4a6f151579,SENSEX_MACD_BEARISH_1M_ATM,SENSEX76800PE,1,20,2026-09-01 10:01:00,257.0568,2026-09-01 10:22:31,205.44000000000003,STOP_LOSS,205.44000000000003,406.8,-1032.3359999999998,55.29,-1087.6259999999997,CLOSED
855ebcb4-8acc-459b-9e94-f6dd2b442e95,SENSEX_HEIKIN_ASHI_BEARISH_1M_ATM,SENSEX76800PE,1,20,2026-09-01 10:01:00,257.0568,2026-09-01 10:22:31,205.44000000000003,STOP_LOSS,205.44000000000003,406.8,-1032.3359999999998,55.29,-1087.6259999999997,CLOSED
f6aa8abb-c5c9-4ac6-bcc4-4c028c1fe6e5,NIFTY_MACD_BEARISH_1M_ATM,NIFTY24050PE,1,65,2026-09-01 10:16:00,37.187149999999995,2026-09-01 10:29:02,29.72,STOP_LOSS,29.72,187.15,-485.3647499999998,51.0,-536.3647499999997,CLOSED
7e55243e-28bf-4c7c-9850-62115048be60,NIFTY_MACD_BEARISH_1M_ATM,NIFTY24050PE,1,65,2026-09-01 13:16:00,33.98395,2026-09-01 13:19:17,27.160000000000004,STOP_LOSS,27.160000000000004,183.95,-443.55674999999974,50.68,-494.23674999999974,CLOSED
1bd09779-76a4-4e5a-9b6b-c278b78b558e,BANKNIFTY_MACD_BEARISH_1M_ATM,BANKNIFTY57500PE,1,30,2026-09-01 13:16:00,584.0835,2026-09-01 13:30:43,599.0835,TRAILING_STOP,466.8,733.5,450.0,80.41,369.59000000000003,CLOSED
5825703f-170c-4c14-a58e-00a302494280,BANKNIFTY_HEIKIN_ASHI_BEARISH_1M_ATM,BANKNIFTY57500PE,1,30,2026-09-01 13:16:00,584.0835,2026-09-01 13:30:43,599.0835,TRAILING_STOP,466.8,733.5,450.0,80.41,369.59000000000003,CLOSED
46ccb66e-bcb8-477b-9988-dd6acb0df82c,SENSEX_HEIKIN_ASHI_BEARISH_1M_ATM,SENSEX76900PE,1,20,2026-09-01 13:16:00,248.44819999999996,2026-09-01 14:09:37,398.2,TAKE_PROFIT,198.56,398.2,2995.0360000000005,60.66,2934.3760000000007,CLOSED
736c6cfb-8ef3-4a21-90ac-df51eb6f5ad6,SENSEX_MACD_BEARISH_1M_ATM,SENSEX77000PE,1,20,2026-09-01 13:31:00,270.52025,2026-09-01 14:04:12,420.25,TAKE_PROFIT,216.20000000000002,420.25,2994.5950000000003,61.489999999999995,2933.1050000000005,CLOSED
59efd99c-dbc4-499b-83df-717a041fa024,SENSEX_HEIKIN_ASHI_BEARISH_1M_ATM,SENSEX76300PE,1,20,2026-09-02 09:46:00,244.94469999999995,2026-09-02 10:20:29,195.76,STOP_LOSS,195.76,394.7,-983.6939999999993,54.92,-1038.6139999999994,CLOSED
a5a12951-39ed-4097-ac40-10070586e239,NIFTY_HEIKIN_ASHI_BEARISH_1M_ATM,NIFTY23850PE,1,65,2026-09-02 09:46:00,128.47834999999998,2026-09-02 10:30:16,102.68,STOP_LOSS,102.68,278.35,-1676.8927499999982,60.36,-1737.252749999998,CLOSED
d0fd3d74-9685-4f7c-8eaf-14aba98c240b,BANKNIFTY_HEIKIN_ASHI_BEARISH_1M_ATM,BANKNIFTY57000PE,1,30,2026-09-02 09:46:00,600.2496499999999,2026-09-02 11:46:01,599.45,TIME_EXIT,479.72,749.65,-23.98949999999445,80.64,-104.62949999999445,CLOSED
39d88b98-465c-4487-896c-7fb0f7aeb6de,NIFTY_HEIKIN_ASHI_BEARISH_1M_ATM,NIFTY23850PE,1,65,2026-09-02 11:16:00,126.12599999999999,2026-09-02 12:43:45,100.80000000000001,STOP_LOSS,100.80000000000001,276.0,-1646.1899999999987,60.12,-1706.3099999999986,CLOSED
c9395687-3241-4d4f-9fc4-cff15771191b,SENSEX_HEIKIN_ASHI_BEARISH_1M_ATM,SENSEX76300PE,1,20,2026-09-02 11:16:00,237.68744999999996,2026-09-02 12:29:36,189.96,STOP_LOSS,189.96,387.45,-954.548999999999,54.68,-1009.2289999999989,CLOSED
f484cd5b-bbab-4746-80c1-1179cc8d7fd2,BANKNIFTY_HEIKIN_ASHI_BEARISH_1M_ATM,BANKNIFTY57000PE,1,30,2026-09-02 11:46:00,600.04945,2026-09-02 13:46:00,562.8,TIME_EXIT,479.56000000000006,749.45,-1117.4835000000007,79.08,-1196.5635000000007,CLOSED
8d64178f-8cb8-4703-a1c2-4ebe8be7200e,SENSEX_HEIKIN_ASHI_BEARISH_1M_ATM,SENSEX76700PE,1,20,2026-09-03 10:46:00,123.47334999999998,2026-09-03 10:56:51,123.47334999999998,TRAILING_STOP,98.68,172.68999999999997,0.0,51.8,-51.8,CLOSED
87512cb2-535d-4d1b-b1ec-bb3011b6dc11,NIFTY_HEIKIN_ASHI_BEARISH_1M_ATM,NIFTY23950PE,1,65,2026-09-03 10:46:00,87.73765,2026-09-03 11:20:02,98.77,TRAILING_STOP,70.12,122.71,717.1027499999996,58.82,658.2827499999995,CLOSED
a4193f50-a04e-468a-b9de-78aaa1b3e4b1,SENSEX_HEIKIN_ASHI_BEARISH_1M_ATM,SENSEX76800PE,1,20,2026-09-03 11:01:00,166.86669999999998,2026-09-03 11:09:57,233.37999999999997,TAKE_PROFIT,133.35999999999999,233.37999999999997,1330.2659999999996,55.28,1274.9859999999996,CLOSED
c8f51910-058c-49bd-ad9a-560d517b38ce,SENSEX_MACD_BEARISH_1M_ATM,SENSEX76600PE,1,20,2026-09-03 12:31:00,123.57345,2026-09-03 12:52:01,98.76,STOP_LOSS,98.76,172.82999999999998,-496.2689999999998,51.09,-547.3589999999998,CLOSED
3c33ff38-0bc7-4a1a-8833-6e14ded4a509,NIFTY_HEIKIN_ASHI_BEARISH_1M_ATM,NIFTY23900PE,1,65,2026-09-03 12:31:00,90.24015,2026-09-03 14:31:00,79.75,TIME_EXIT,72.12,126.21,-681.85975,57.150000000000006,-739.0097499999999,CLOSED
7591e0fe-7852-46c1-a609-e6a18d03fdc3,NIFTY_MACD_BEARISH_1M_ATM,NIFTY23900PE,1,65,2026-09-03 12:31:00,90.24015,2026-09-03 14:31:00,79.75,TIME_EXIT,72.12,126.21,-681.85975,57.150000000000006,-739.0097499999999,CLOSED
8eb773e4-ad56-404d-a0e2-eb69457b6ac1,NIFTY_HEIKIN_ASHI_BEARISH_1M_ATM,NIFTY23850PE,1,65,2026-09-07 09:25:00,71.57149999999999,2026-09-07 11:13:53,100.1,TAKE_PROFIT,57.2,100.1,1854.3525000000004,58.47,1795.8825000000004,CLOSED
0a668581-2cbb-4325-8ff8-9910a308e7ec,NIFTY_SUPERTREND_CMF_BEARISH_PE,NIFTY24050PE,1,65,2026-09-07 09:25:00,215.06484999999998,2026-09-07 11:25:00,249.45,TIME_EXIT,171.88,300.78999999999996,2235.0347500000007,76.34,2158.6947500000006,CLOSED
fb2b8f42-e6b3-444f-8a66-dd19f2d3091c,BANKNIFTY_HEIKIN_ASHI_BEARISH_1M_ATM,BANKNIFTY57200PE,1,30,2026-09-07 09:25:00,547.3467999999999,2026-09-07 11:25:00,573.6,TIME_EXIT,437.44,765.5199999999999,787.5960000000032,78.85,708.7460000000032,CLOSED
90ad5f57-5e54-43bb-ab63-e0aac4d8173e,BANKNIFTY_HEIKIN_ASHI_BEARISH_5M_ITM,BANKNIFTY57700PE,1,30,2026-09-07 09:25:00,785.4847,2026-09-07 11:25:00,814.2,TIME_EXIT,627.7600000000001,1098.58,861.4590000000021,92.22,769.2390000000021,CLOSED
b02d33cc-42bb-439b-ac2f-46a2f158e72e,BANKNIFTY_DUAL_SUPERTREND_BB_PE,BANKNIFTY57700PE,1,30,2026-09-07 09:25:00,785.4847,2026-09-07 11:25:00,814.2,TIME_EXIT,627.7600000000001,1098.58,861.4590000000021,92.22,769.2390000000021,CLOSED
dfaed065-28f2-40c0-bcda-3c24ed7a9100,NIFTY_VWAP_POC_BREAKDOWN_PE,NIFTY24050PE,1,65,2026-09-07 09:25:00,215.06484999999998,2026-09-07 11:25:00,249.45,TIME_EXIT,171.88,300.78999999999996,2235.0347500000007,76.34,2158.6947500000006,CLOSED
c5ba8fda-d4ef-4a69-a287-f487a4947e26,NIFTY_HEIKIN_ASHI_BEARISH_5M_ITM,NIFTY24050PE,1,65,2026-09-07 09:25:00,215.06484999999998,2026-09-07 11:25:00,249.45,TIME_EXIT,171.88,300.78999999999996,2235.0347500000007,76.34,2158.6947500000006,CLOSED
96d556da-e18c-4bf9-ba07-acef320604f4,SENSEX_HEIKIN_ASHI_BEARISH_1M_ATM,SENSEX76400PE,1,20,2026-09-07 09:25:00,357.95759999999996,2026-09-07 11:25:00,429.55,TIME_EXIT,286.08000000000004,500.64,1431.848000000001,62.53,1369.3180000000011,CLOSED
5b97c556-9c59-4945-b1a6-ad386e7fd130,SENSEX_HEIKIN_ASHI_BEARISH_5M_ITM,SENSEX76800PE,1,20,2026-09-07 09:25:00,588.6881,2026-09-07 11:25:00,678.3,TIME_EXIT,470.48,823.34,1792.2379999999998,71.61,1720.628,CLOSED
d3542c44-1876-45d7-bbf5-5389b56c9c1d,SENSEX_OI_LONG_UNWINDING_PE,SENSEX76300PE,1,20,2026-09-07 09:27:00,326.52619999999996,2026-09-07 11:27:00,381.55,TIME_EXIT,260.96,456.67999999999995,1100.476000000001,60.900000000000006,1039.576000000001,CLOSED
f8caed7c-5b86-4864-9ca1-2b0dce8294a0,SENSEX_ORB_BEARISH_5M_ITM,SENSEX76700PE,1,20,2026-09-07 09:49:00,542.0915499999999,2026-09-07 11:49:00,612.05,TIME_EXIT,433.24,758.1699999999998,1399.1690000000017,69.33,1329.8390000000018,CLOSED
a911ff4a-75ec-40d7-920f-beb4ed590bc1,SENSEX_ORB_BEARISH_1M_ATM,SENSEX76300PE,1,20,2026-09-07 09:49:00,324.37404999999995,2026-09-07 11:49:00,379.4,TIME_EXIT,259.24,453.66999999999996,1100.5190000000005,60.82000000000001,1039.6990000000005,CLOSED
75a5e5df-4d2b-4226-b35e-88bafd5eac08,NIFTY_ORB_BEARISH_5M_ITM,NIFTY24000PE,1,65,2026-09-07 09:53:00,176.72655,2026-09-07 11:53:00,198.05,TIME_EXIT,141.24,247.17,1386.0242500000006,70.49,1315.5342500000006,CLOSED
02c1ee89-bc35-4876-bf65-b42181d71444,BANKNIFTY_ORB_BEARISH_1M_ATM,BANKNIFTY57100PE,1,30,2026-09-07 10:14:00,533.78325,2026-09-07 12:14:00,520.05,TIME_EXIT,426.6,746.55,-411.99749999999995,76.39,-488.38749999999993,CLOSED
89fdee17-8610-4c61-9ffa-ab63e4cc222d,BANKNIFTY_ORB_BEARISH_5M_ITM,BANKNIFTY57600PE,1,30,2026-09-07 10:14:00,767.4667,2026-09-07 12:14:00,749.2,TIME_EXIT,613.36,1073.38,-548.000999999997,89.22,-637.220999999997,CLOSED
4b8d3bc9-a09d-426d-8f21-241c345eadd8,NIFTY_HEIKIN_ASHI_BEARISH_1M_ATM,NIFTY23750PE,1,65,2026-09-07 11:25:00,47.2472,2026-09-07 11:43:01,47.2472,TRAILING_STOP,37.760000000000005,66.08,0.0,52.900000000000006,-52.900000000000006,CLOSED
c0c2b434-0308-4494-a9f8-8025c605b480,SENSEX_HEIKIN_ASHI_BEARISH_1M_ATM,SENSEX76100PE,1,20,2026-09-07 11:25:00,288.28799999999995,2026-09-07 13:21:08,288.28799999999995,TRAILING_STOP,230.4,403.2,0.0,57.92,-57.92,CLOSED
ef6f6820-a809-49fd-811f-416bf048dcaf,BANKNIFTY_HEIKIN_ASHI_BEARISH_1M_ATM,BANKNIFTY57100PE,1,30,2026-09-07 11:25:00,533.48295,2026-09-07 13:25:00,531.3,TIME_EXIT,426.36000000000007,746.13,-65.48850000000016,76.87,-142.35850000000016,CLOSED
830b9edb-2c30-43f3-8f04-da6170b18015,SENSEX_OI_LONG_UNWINDING_PE,SENSEX76100PE,1,20,2026-09-07 11:27:00,293.74344999999994,2026-09-07 13:07:24,293.74344999999994,TRAILING_STOP,234.76,410.83,0.0,58.129999999999995,-58.129999999999995,CLOSED
9b5b6f82-25e8-4c90-9ae0-64c1cd961c3b,NIFTY_VWAP_POC_BREAKDOWN_PE,NIFTY23950PE,1,65,2026-09-07 11:30:00,166.26609999999997,2026-09-07 13:30:00,159.4,TIME_EXIT,132.88,232.53999999999996,-446.2964999999974,66.65,-512.9464999999974,CLOSED
d77b26cc-1cad-41b4-ab95-9c90fb948642,NIFTY_HEIKIN_ASHI_BEARISH_5M_ITM,NIFTY23950PE,1,65,2026-09-07 11:31:00,166.66649999999998,2026-09-07 13:31:01,162.7,TIME_EXIT,133.20000000000002,233.1,-257.82249999999976,66.96000000000001,-324.7824999999998,CLOSED
10ed8d89-72d9-4c77-b3f7-26a1db85c343,SENSEX_HEIKIN_ASHI_BEARISH_5M_ITM,SENSEX76500PE,1,20,2026-09-07 11:31:00,492.24174999999997,2026-09-07 13:31:01,490.4,TIME_EXIT,393.40000000000003,688.4499999999999,-36.83499999999981,65.46,-102.2949999999998,CLOSED
376d2ae4-23ab-4c89-9d51-c52fe365b226,BANKNIFTY_RESISTANCE_REJECTION_5M_ITM,BANKNIFTY57600PE,1,30,2026-09-07 11:57:00,758.0072499999999,2026-09-07 13:57:00,702.45,TIME_EXIT,605.8000000000001,1060.1499999999999,-1666.7174999999952,87.1,-1753.817499999995,CLOSED
da134ca1-610a-41ff-9837-4d98de4c6ce0,BANKNIFTY_GAMMA_WALL_BREAKOUT_PE,BANKNIFTY57600PE,1,30,2026-09-07 11:57:00,758.0072499999999,2026-09-07 13:57:00,702.45,TIME_EXIT,605.8000000000001,1060.1499999999999,-1666.7174999999952,87.1,-1753.817499999995,CLOSED
fd9b88cf-4646-44ef-9567-91f7c44e85b9,NIFTY_RESISTANCE_REJECTION_5M_ITM,NIFTY23950PE,1,65,2026-09-07 12:11:00,150.50034999999997,2026-09-07 13:25:50,158.0253675,TRAILING_STOP,120.28,210.48999999999998,489.12613750000116,66.08,423.0461375000012,CLOSED
6564f535-f3c8-4ea6-968f-14eb68ec7e85,BANKNIFTY_HEIKIN_ASHI_BEARISH_5M_ITM,BANKNIFTY57500PE,1,30,2026-09-07 12:26:00,719.0683499999999,2026-09-07 14:26:00,646.55,TIME_EXIT,574.6800000000001,1005.6899999999999,-2175.5504999999985,84.22,-2259.7704999999983,CLOSED
14f272dc-dd88-424d-ba51-02aed6d6b071,SENSEX_BB_SQUEEZE_EXPLOSION_PE,SENSEX76400PE,1,20,2026-09-07 12:56:00,475.1246499999999,2026-09-07 13:53:14,379.72,STOP_LOSS,379.72,664.5099999999999,-1908.0929999999978,62.17,-1970.2629999999979,CLOSED
20e88ec0-a24d-49d8-8daa-e052877f4be1,NIFTY_RESISTANCE_REJECTION_5M_ITM,NIFTY23950PE,1,65,2026-09-07 13:28:00,159.80964999999998,2026-09-07 15:15:00,154.15,EOD_SQUARE_OFF,127.72000000000001,223.51,-367.87724999999807,65.98,-433.8572499999981,CLOSED
1476181e-5e1e-4eff-8df6-86ed0b03f977,SENSEX_RESISTANCE_REJECTION_5M_ITM,SENSEX76500PE,1,20,2026-09-07 13:41:00,482.6821999999999,2026-09-07 15:15:00,464.45,EOD_SQUARE_OFF,385.76,675.0799999999999,-364.6439999999984,64.63,-429.2739999999984,CLOSED
cd1e0153-d955-456b-b024-8ac103b087b6,SENSEX_OI_SHORT_SQUEEZE_CE,SENSEX76100CE,1,20,2026-09-07 13:47:00,470.1196499999999,2026-09-07 15:15:00,459.85,EOD_SQUARE_OFF,375.72,657.5099999999999,-205.39299999999798,64.38,-269.772999999998,CLOSED
0cc786ca-230a-432d-ae14-599b9aebff50,BANKNIFTY_ORB_BEARISH_1M_ATM,BANKNIFTY57100PE,1,30,2026-09-07 13:55:00,483.28279999999995,2026-09-07 15:15:00,517.15,EOD_SQUARE_OFF,386.24,675.92,1016.0160000000008,75.57,940.4460000000008,CLOSED
f72dbc45-6138-4fc1-88aa-4579cba1239f,BANKNIFTY_ORB_BEARISH_5M_ITM,BANKNIFTY57600PE,1,30,2026-09-07 13:55:00,703.5528499999999,2026-09-07 15:15:00,749.6,EOD_SQUARE_OFF,562.2800000000001,983.99,1381.414500000003,88.38,1293.034500000003,CLOSED
de5d3f66-7d6c-482d-91ab-29b2f2fbed81,NIFTY_VWAP_POC_PULLBACK_CE,NIFTY23600CE,1,65,2026-09-07 13:56:00,246.79655,2026-09-07 15:15:00,228.1,EOD_SQUARE_OFF,197.24,345.17,-1215.2757500000002,75.29,-1290.5657500000002,CLOSED
a27f4ff2-d430-4503-854d-13f40c5bddc5,BANKNIFTY_GAMMA_WALL_BREAKOUT_PE,BANKNIFTY57600PE,1,30,2026-09-07 13:57:00,703.1524499999999,2026-09-07 15:15:00,749.6,EOD_SQUARE_OFF,561.96,983.43,1393.4265000000028,88.38,1305.0465000000027,CLOSED
8017adf2-bac0-406a-a4c3-52a1ad85ce70,BANKNIFTY_RESISTANCE_REJECTION_5M_ITM,BANKNIFTY57600PE,1,30,2026-09-07 14:09:00,713.713,2026-09-07 15:15:00,749.6,EOD_SQUARE_OFF,570.4,998.1999999999999,1076.6100000000017,88.52,988.0900000000017,CLOSED
062a87a2-fd28-40b4-bf63-e89ab602d1bb,SENSEX_OI_SHORT_SQUEEZE_CE,SENSEX76100CE,1,20,2026-09-07 15:15:00,447.39694999999995,2026-09-07 15:16:44,446.9,EOD_SQUARE_OFF,357.56,625.7299999999999,-9.938999999999396,63.81,-73.7489999999994,CLOSED
ad71f720-f029-4005-be8e-51cde1e768b0,SENSEX_OI_LONG_UNWINDING_PE,SENSEX75800PE,1,20,2026-09-08 09:25:00,270.4201499999999,2026-09-08 10:08:28,270.4201499999999,TRAILING_STOP,216.12,390.15,0.0,57.25,-57.25,CLOSED
b59f4154-e4d4-44d1-a171-5ac19c4a5e86,NIFTY_SUPERTREND_CMF_BEARISH_PE,NIFTY23900PE,1,65,2026-09-08 09:25:00,212.71249999999998,2026-09-08 11:25:01,218.0,TIME_EXIT,170.0,332.5,343.6875000000015,73.36,270.32750000000146,CLOSED
aa20b33e-b18b-43e0-aee8-fd4798a3426c,BANKNIFTY_HEIKIN_ASHI_BEARISH_5M_ITM,BANKNIFTY57500PE,1,30,2026-09-08 09:26:00,756.1553999999999,2026-09-08 09:35:17,771.1553999999999,TRAILING_STOP,642.0899999999999,905.4,450.0,89.99000000000001,360.01,CLOSED
2547c1ec-6e5a-4afe-8f1f-dc1b8757cad0,SENSEX_HEIKIN_ASHI_BEARISH_5M_ITM,SENSEX76300PE,1,20,2026-09-08 09:26:00,560.2096499999999,2026-09-08 09:35:21,560.2096499999999,TRAILING_STOP,447.72,679.65,0.0,68.02,-68.02,CLOSED
28225576-f7e1-4d44-8fbc-ed6e4ccffcd0,NIFTY_HEIKIN_ASHI_BEARISH_5M_ITM,NIFTY23900PE,1,65,2026-09-08 09:26:00,210.46024999999997,2026-09-08 11:26:00,210.8,TIME_EXIT,168.20000000000002,330.25,22.083750000002453,72.64,-50.55624999999755,CLOSED
e2adad12-e6f5-4578-bb64-f62ab983e473,NIFTY_VWAP_POC_BREAKDOWN_PE,NIFTY23900PE,1,65,2026-09-08 09:28:00,215.21499999999997,2026-09-08 11:28:00,211.55,TIME_EXIT,172.0,335.0,-238.22499999999764,72.86,-311.08499999999765,CLOSED
558b1392-0e6b-4056-94b7-af30d5c161a0,BANKNIFTY_HEIKIN_ASHI_BEARISH_1M_ATM,BANKNIFTY56900PE,1,30,2026-09-08 09:31:00,510.86035,2026-09-08 11:31:01,499.3,TIME_EXIT,408.28000000000003,630.35,-346.81049999999914,75.2,-422.0104999999991,CLOSED
e6bfbe03-dade-4749-a880-c42a194509a0,BANKNIFTY_ORB_BEARISH_1M_ATM,BANKNIFTY56900PE,1,30,2026-09-08 09:43:00,508.5079999999999,2026-09-08 11:43:00,510.3,TIME_EXIT,406.40000000000003,628.0,53.760000000002606,75.64,-21.879999999997395,CLOSED
3ae104c7-cab5-438d-a7b0-d30738e7c21e,BANKNIFTY_ORB_BEARISH_5M_ITM,BANKNIFTY57400PE,1,30,2026-09-08 09:43:00,738.2875499999999,2026-09-08 11:43:00,745.0,TIME_EXIT,626.9174999999999,887.55,201.3735000000031,88.65,112.7235000000031,CLOSED
c0107cb4-44de-4173-b68a-094e090d45d6,SENSEX_MACD_BEARISH_1M_ATM,SENSEX75800PE,1,20,2026-09-08 09:46:00,278.07779999999997,2026-09-08 10:15:05,222.24,STOP_LOSS,222.24,397.8,-1116.7559999999992,55.959999999999994,-1172.7159999999992,CLOSED
17281674-bab5-47e1-8668-e574f687bd20,SENSEX_HEIKIN_ASHI_BEARISH_1M_ATM,SENSEX75800PE,1,20,2026-09-08 09:46:00,278.07779999999997,2026-09-08 10:15:05,222.24,STOP_LOSS,222.24,397.8,-1116.7559999999992,55.959999999999994,-1172.7159999999992,CLOSED
6f7111cc-3702-4713-8dde-5abeff9c78a4,BANKNIFTY_MACD_BEARISH_1M_ATM,BANKNIFTY56900PE,1,30,2026-09-08 09:46:00,512.6120999999999,2026-09-08 11:46:01,502.5,TIME_EXIT,409.68000000000006,632.1,-303.36299999999824,75.37,-378.73299999999824,CLOSED
eff530cb-6ab5-4fee-ae7f-d0ea36f55e3c,BANKNIFTY_HEIKIN_ASHI_BEARISH_5M_ITM,BANKNIFTY57400PE,1,30,2026-09-08 09:51:00,731.7309999999999,2026-09-08 10:01:08,731.7309999999999,TRAILING_STOP,621.35,881.0,0.0,87.99000000000001,-87.99000000000001,CLOSED
fc7aecdd-fce2-42d0-a696-317f0eacfb54,NIFTY_ORB_BEARISH_5M_ITM,NIFTY23850PE,1,65,2026-09-08 09:59:00,177.87769999999998,2026-09-08 10:14:47,142.16,STOP_LOSS,142.16,237.7,-2321.650499999999,65.41,-2387.0604999999987,CLOSED
e81294c5-b9a6-4204-8f3a-3f33c689916d,SENSEX_ORB_BEARISH_1M_ATM,SENSEX75700PE,1,20,2026-09-08 10:04:00,247.89764999999997,2026-09-08 10:14:47,198.12,STOP_LOSS,198.12,367.65,-995.5529999999993,55.0,-1050.5529999999994,CLOSED
eaa78c14-ef78-447f-9bc1-2ca2bb02f231,SENSEX_ORB_BEARISH_5M_ITM,SENSEX76200PE,1,20,2026-09-08 10:04:00,526.526,2026-09-08 10:15:12,420.8,STOP_LOSS,420.8,646.0,-2114.5199999999986,63.79,-2178.3099999999986,CLOSED
69dc240f-2603-46c3-b3b9-17fe874eb1a6,SENSEX_HEIKIN_ASHI_BEARISH_5M_ITM,SENSEX76200PE,1,20,2026-09-08 10:06:00,529.27875,2026-09-08 10:15:12,423.0,STOP_LOSS,423.0,648.75,-2125.574999999999,63.870000000000005,-2189.444999999999,CLOSED
80ce2190-dbf0-441d-9e34-fbecd3b6fdc3,SENSEX_OI_LONG_UNWINDING_PE,SENSEX75800PE,1,20,2026-09-08 10:10:00,265.71545,2026-09-08 10:47:30,265.71545,TRAILING_STOP,212.36,385.45,0.0,57.09,-57.09,CLOSED
57b6b170-16c9-4a5f-ac60-83322635d9f6,SENSEX_OI_SHORT_SQUEEZE_CE,SENSEX75900CE,1,20,2026-09-08 10:15:00,360.15979999999996,2026-09-08 10:36:57,287.84000000000003,STOP_LOSS,287.84000000000003,479.8,-1446.3959999999986,58.55,-1504.9459999999985,CLOSED
2b6285dc-8128-49f4-a724-0e44774118d7,NIFTY_RESISTANCE_REJECTION_5M_ITM,NIFTY23900PE,1,65,2026-09-08 10:18:00,194.89469999999997,2026-09-08 11:08:35,209.89469999999997,TRAILING_STOP,155.76,254.7,975.0,72.12,902.88,CLOSED
290fdbad-7d2e-4271-ac5a-a7559662cc84,SENSEX_RESISTANCE_REJECTION_5M_ITM,SENSEX76300PE,1,20,2026-09-08 10:19:00,525.4248999999999,2026-09-08 10:27:36,525.4248999999999,TRAILING_STOP,419.92,644.9,0.0,66.73,-66.73,CLOSED
9f8b0778-fa2a-4816-8e34-2c15af26a1bf,BANKNIFTY_RESISTANCE_REJECTION_5M_ITM,BANKNIFTY57500PE,1,30,2026-09-08 10:25:00,760.7599999999999,2026-09-08 10:46:18,760.7599999999999,TRAILING_STOP,646.0,910.0,0.0,89.6,-89.6,CLOSED
71443701-3346-4204-8762-632c8540fe5a,SENSEX_ORB_BEARISH_5M_ITM,SENSEX76200PE,1,20,2026-09-08 10:39:00,514.9644499999999,2026-09-08 11:51:14,529.9644499999999,TRAILING_STOP,411.56000000000006,634.45,300.0,66.77000000000001,233.23,CLOSED
3611b6db-f3df-463f-8015-ec235695bb89,SENSEX_ORB_BEARISH_1M_ATM,SENSEX75700PE,1,20,2026-09-08 10:39:00,235.83559999999997,2026-09-08 11:52:56,235.83559999999997,TRAILING_STOP,188.48000000000002,355.6,0.0,55.96,-55.96,CLOSED
0fbbbcd1-dec1-4b33-bcce-78557c0b931c,NIFTY_ORB_BEARISH_5M_ITM,NIFTY23850PE,1,65,2026-09-08 10:45:00,173.12294999999997,2026-09-08 12:31:03,173.12294999999997,TRAILING_STOP,138.35999999999999,232.95,0.0,68.11,-68.11,CLOSED
0c139248-6d01-4f44-bfcd-4bacc170fdf2,BANKNIFTY_RESISTANCE_REJECTION_5M_ITM,BANKNIFTY57500PE,1,30,2026-09-08 10:52:00,756.2054499999999,2026-09-08 11:52:58,786.2054499999999,TRAILING_STOP,642.1325,905.45,900.0,90.64,809.36,CLOSED
6fff06c2-8703-4f3c-a765-2f7e7447bf4b,SENSEX_HEIKIN_ASHI_BEARISH_1M_ATM,SENSEX75700PE,1,20,2026-09-08 11:16:00,229.47924999999998,2026-09-08 12:23:40,244.47924999999998,TRAILING_STOP,183.4,349.25,300.0,56.150000000000006,243.85,CLOSED
e4c342f4-4e82-44fb-879b-96d701a9c023,NIFTY_RESISTANCE_REJECTION_5M_ITM,NIFTY23900PE,1,65,2026-09-08 11:28:00,211.76155,2026-09-08 12:25:04,226.76155,TRAILING_STOP,169.24,331.55,975.0,74.15,900.85,CLOSED
f2f0a4cf-ae3e-4798-afae-6b2f33f57fd0,NIFTY_VWAP_POC_BREAKDOWN_PE,NIFTY23850PE,1,65,2026-09-08 11:30:00,166.01584999999997,2026-09-08 12:23:50,181.01584999999997,TRAILING_STOP,132.68,225.85,975.0,68.63,906.37,CLOSED
0a7dc17a-4d78-4890-9e38-7e6ce0fa5d1a,NIFTY_HEIKIN_ASHI_BEARISH_5M_ITM,NIFTY23900PE,1,65,2026-09-08 11:41:00,213.86364999999998,2026-09-08 12:37:13,213.86364999999998,TRAILING_STOP,170.92000000000002,333.65,0.0,73.03999999999999,-73.03999999999999,CLOSED
0a880151-3400-4c6b-96dd-e85be04837a3,BANKNIFTY_HEIKIN_ASHI_BEARISH_1M_ATM,BANKNIFTY56900PE,1,30,2026-09-08 11:46:00,503.00249999999994,2026-09-08 12:10:43,533.0024999999999,TRAILING_STOP,402.0,622.5,900.0,76.53,823.47,CLOSED
235e7483-c39f-4041-b13c-7fc4222ee0bb,SENSEX_OI_SHORT_SQUEEZE_CE,SENSEX75700CE,1,20,2026-09-08 12:39:00,390.74035,2026-09-08 13:51:31,312.28000000000003,STOP_LOSS,312.28000000000003,510.35,-1569.206999999999,59.51,-1628.716999999999,CLOSED
c30f14b3-1827-4e1e-b036-2e078791c3bb,SENSEX_RESISTANCE_REJECTION_5M_ITM,SENSEX76200PE,1,20,2026-09-08 12:41:00,510.20969999999994,2026-09-08 13:14:47,510.20969999999994,TRAILING_STOP,407.76,629.7,0.0,66.15,-66.15,CLOSED
0d7036d3-2bdd-4c94-bc96-8768bf032d06,NIFTY_SUPERTREND_CMF_BEARISH_PE,NIFTY23600PE,1,65,2026-09-09 09:25:00,150.7506,2026-09-09 18:36:08,150.7506,EOD_SQUARE_OFF,120.48,210.6,0.0,65.41,-65.41,CLOSED
a105fbfc-065d-4a89-b4cb-195aa1a99017,SENSEX_HEIKIN_ASHI_BEARISH_1M_ATM,SENSEX75100PE,1,20,2026-09-09 09:25:00,234.83459999999997,2026-09-09 18:36:08,234.83459999999997,EOD_SQUARE_OFF,187.68,384.6,0.0,55.94,-55.94,CLOSED
ddadfedc-af60-4e12-9adf-8a4a9f3fc0c4,BANKNIFTY_HEIKIN_ASHI_BEARISH_1M_ATM,BANKNIFTY56500PE,1,30,2026-09-09 09:25:00,508.7582499999999,2026-09-09 18:36:08,508.7582499999999,EOD_SQUARE_OFF,406.6,688.25,0.0,75.58,-75.58,CLOSED
55eb44e7-5092-44e0-a0e9-cd7f1cf51dd6,SENSEX_HEIKIN_ASHI_BEARISH_5M_ITM,SENSEX75600PE,1,20,2026-09-09 09:25:00,537.1365999999999,2026-09-09 18:36:08,537.1365999999999,EOD_SQUARE_OFF,456.11,756.6,0.0,67.16,-67.16,CLOSED
6ce5cfa8-343b-493c-981c-02902f9dd242,NIFTY_HEIKIN_ASHI_BEARISH_1M_ATM,NIFTY23500PE,1,65,2026-09-09 09:25:00,104.10399999999998,2026-09-09 18:36:08,104.10399999999998,EOD_SQUARE_OFF,83.2,164.0,0.0,59.79,-59.79,CLOSED
94968622-9fe3-4957-a4d8-e02fdbe5edb9,NIFTY_HEIKIN_ASHI_BEARISH_5M_ITM,NIFTY23600PE,1,65,2026-09-09 09:25:00,150.7506,2026-09-09 18:36:08,150.7506,EOD_SQUARE_OFF,120.48,240.6,0.0,65.41,-65.41,CLOSED
638d4062-a347-4100-8d8b-556fed428c15,SENSEX_OI_LONG_UNWINDING_PE,SENSEX75100PE,1,20,2026-09-09 09:25:00,238.7385,2026-09-09 18:36:08,238.7385,EOD_SQUARE_OFF,190.8,388.5,0.0,56.05,-56.05,CLOSED
b1bd22f4-2a72-4a5b-ac29-e5623a40b21e,BANKNIFTY_HEIKIN_ASHI_BEARISH_5M_ITM,BANKNIFTY56700PE,1,30,2026-09-09 09:26:00,597.1966,2026-09-09 18:36:08,597.1966,EOD_SQUARE_OFF,477.28000000000003,776.6,0.0,80.52000000000001,-80.52000000000001,CLOSED
a740bb7b-f47a-489a-a3e8-2e3ef4a08515,NIFTY_VWAP_POC_BREAKDOWN_PE,NIFTY23600PE,1,65,2026-09-09 09:26:00,151.05089999999998,2026-09-09 18:36:08,151.05089999999998,EOD_SQUARE_OFF,120.72000000000001,210.9,0.0,65.45,-65.45,CLOSED
05bc1de4-6495-4693-b822-644bbffc673c,BANKNIFTY_MACD_BEARISH_1M_ATM,BANKNIFTY56500PE,1,30,2026-09-09 09:31:00,502.1516499999999,2026-09-09 18:36:08,502.1516499999999,EOD_SQUARE_OFF,401.32,681.65,0.0,75.21,-75.21,CLOSED
5a1ae54e-8f29-425a-8032-c0284e7d5855,BANKNIFTY_DUAL_SUPERTREND_BB_PE,BANKNIFTY56700PE,1,30,2026-09-09 09:31:00,585.5849999999999,2026-09-09 18:36:08,585.5849999999999,EOD_SQUARE_OFF,468.0,765.0,0.0,79.86,-79.86,CLOSED
0d90f2f2-585e-4762-9e83-44757c1c5e5d,NIFTY_MACD_BEARISH_1M_ATM,NIFTY23500PE,1,65,2026-09-09 09:31:00,103.30319999999999,2026-09-09 18:36:08,103.30319999999999,EOD_SQUARE_OFF,82.56,163.2,0.0,59.67,-59.67,CLOSED
98ca00b1-9eb0-4a48-bf36-06ac6c531223,SENSEX_MACD_BEARISH_1M_ATM,SENSEX75100PE,1,20,2026-09-09 09:31:00,231.98174999999998,2026-09-09 18:36:08,231.98174999999998,EOD_SQUARE_OFF,185.4,381.75,0.0,55.82,-55.82,CLOSED
ed5f3293-a191-4866-b0c3-9da3732117e3,BANKNIFTY_ORB_BEARISH_5M_ITM,BANKNIFTY56700PE,1,30,2026-09-09 09:40:00,610.6099999999999,2026-09-09 18:36:08,610.6099999999999,EOD_SQUARE_OFF,488.0,790.0,0.0,81.27000000000001,-81.27000000000001,CLOSED
70695e82-03ec-441e-bb15-5426e951be70,BANKNIFTY_ORB_BEARISH_1M_ATM,BANKNIFTY56400PE,1,30,2026-09-09 09:40:00,487.33684999999997,2026-09-09 18:36:08,487.33684999999997,EOD_SQUARE_OFF,389.48,666.85,0.0,74.36,-74.36,CLOSED
cf142edb-e2ef-4af0-9e48-90926d9c10a3,BANKNIFTY_VWAP_BB_LIQUIDITY_REBOUND_CE,BANKNIFTY56300CE,1,30,2026-09-09 09:41:00,988.4874999999998,2026-09-09 18:36:08,988.4874999999998,EOD_SQUARE_OFF,790.0,1167.5,0.0,102.32000000000001,-102.32000000000001,CLOSED
1d344ec8-6454-4269-a4ea-4449140654d4,NIFTY_ORB_BULLISH_1M_ATM,NIFTY23500CE,1,65,2026-09-09 10:00:00,167.16699999999997,2026-09-09 18:36:08,167.16699999999997,EOD_SQUARE_OFF,133.6,227.0,0.0,67.42,-67.42,CLOSED
073bdee0-eb31-4b06-9f86-548bbbec8cef,NIFTY_VWAP_POC_BREAKDOWN_PE,NIFTY23600PE,1,65,2026-09-09 10:01:00,150.35019999999997,2026-09-09 18:36:08,150.35019999999997,EOD_SQUARE_OFF,120.16,210.2,0.0,65.36,-65.36,CLOSED
21406dcc-c034-4b09-8906-c69d837cbc1d,NIFTY_SUPERTREND_CMF_BEARISH_PE,NIFTY23600PE,1,65,2026-09-09 10:10:00,148.99884999999998,2026-09-09 18:36:08,148.99884999999998,EOD_SQUARE_OFF,119.08,208.85,0.0,65.19,-65.19,CLOSED
fc10b9f6-17d7-462b-8526-4b296b678037,SENSEX_HEIKIN_ASHI_BEARISH_1M_ATM,SENSEX75100PE,1,20,2026-09-09 10:10:00,272.82255,2026-09-09 18:36:08,272.82255,EOD_SQUARE_OFF,218.04000000000002,422.55,0.0,57.34,-57.34,CLOSED
3530cf2a-a447-425e-b35c-5a67c5daaa03,SENSEX_OI_LONG_UNWINDING_PE,SENSEX75100PE,1,20,2026-09-09 10:10:00,272.17189999999994,2026-09-09 18:36:08,272.17189999999994,EOD_SQUARE_OFF,217.51999999999998,421.9,0.0,57.32,-57.32,CLOSED
865b1625-cc99-4b96-bb9c-1c7d0277a49a,NIFTY_HEIKIN_ASHI_BEARISH_1M_ATM,NIFTY23500PE,1,65,2026-09-09 10:10:00,102.70259999999999,2026-09-09 18:36:08,102.70259999999999,EOD_SQUARE_OFF,82.08,162.6,0.0,59.62,-59.62,CLOSED
6e2043b5-5e22-4a07-a0f7-68c533c00078,NIFTY_HEIKIN_ASHI_BEARISH_5M_ITM,NIFTY23600PE,1,65,2026-09-09 10:46:00,150.30015,2026-09-09 18:36:08,150.30015,EOD_SQUARE_OFF,120.12,240.15,0.0,65.36,-65.36,CLOSED
6b13cce5-59fe-4c50-b4ca-c36149b355d2,SENSEX_HEIKIN_ASHI_BEARISH_5M_ITM,SENSEX75600PE,1,20,2026-09-09 10:46:00,554.9043499999999,2026-09-09 18:36:08,554.9043499999999,EOD_SQUARE_OFF,471.1975,774.35,0.0,67.83,-67.83,CLOSED
e2ce55d3-f5fd-40f3-b474-a8ecf7a98c41,NIFTY_ORB_BULLISH_1M_ATM,NIFTY23500CE,1,65,2026-09-09 10:51:00,169.16899999999998,2026-09-09 18:36:08,169.16899999999998,EOD_SQUARE_OFF,135.20000000000002,229.0,0.0,67.63,-67.63,CLOSED
9947b319-b539-4e38-94ae-156f66dda82f,SENSEX_BB_SQUEEZE_EXPLOSION_CE,SENSEX74600CE,1,20,2026-09-09 11:03:00,660.8602,2026-09-09 19:48:58,660.8602,EOD_SQUARE_OFF,561.1700000000001,880.2,0.0,71.75999999999999,-71.75999999999999,CLOSED
fb143b70-5e99-426f-8a52-b1e7e413d2fa,NIFTY_RESISTANCE_REJECTION_5M_ITM,NIFTY23600PE,1,65,2026-09-09 11:14:00,137.48735,2026-09-09 19:48:58,137.48735,EOD_SQUARE_OFF,109.88,227.35,0.0,63.81,-63.81,CLOSED
d24c8667-6f20-4118-99b6-1335cd4b62d0,BANKNIFTY_RESISTANCE_REJECTION_5M_ITM,BANKNIFTY56800PE,1,30,2026-09-09 11:15:00,571.5709999999999,2026-09-09 19:48:58,571.5709999999999,EOD_SQUARE_OFF,456.8,751.0,0.0,79.08,-79.08,CLOSED
5ea2115a-00e4-4670-9c9c-ae1b29e1a020,SENSEX_OI_SHORT_SQUEEZE_CE,SENSEX75100CE,1,20,2026-09-09 11:20:00,302.10179999999997,2026-09-09 19:48:58,302.10179999999997,EOD_SQUARE_OFF,241.44000000000003,451.8,0.0,58.44,-58.44,CLOSED
5fc7f70e-75a6-4544-bc9f-c426be11e82d,SENSEX_RESISTANCE_REJECTION_5M_ITM,SENSEX75700PE,1,20,2026-09-09 11:23:00,614.46385,2026-09-09 19:48:58,614.46385,EOD_SQUARE_OFF,521.7725,833.85,0.0,70.02,-70.02,CLOSED
4c9d1bab-1f38-4447-9230-9c910e5479ef,BANKNIFTY_GAMMA_WALL_BREAKOUT_PE,BANKNIFTY56800PE,1,30,2026-09-09 11:25:00,623.6730499999999,2026-09-09 19:48:58,623.6730499999999,EOD_SQUARE_OFF,498.44,803.05,0.0,81.97,-81.97,CLOSED
ad9fa789-07c8-4501-beae-54b40e29823a,BANKNIFTY_HEIKIN_ASHI_BEARISH_5M_ITM,BANKNIFTY56800PE,1,30,2026-09-09 11:36:00,568.3677999999999,2026-09-09 19:48:58,568.3677999999999,EOD_SQUARE_OFF,454.24,747.8,0.0,78.9,-78.9,CLOSED
7cdebf45-a191-483d-b8a2-cabd83c30aa7,BANKNIFTY_RESISTANCE_REJECTION_5M_ITM,BANKNIFTY56800PE,1,30,2026-09-09 11:45:00,561.6610999999999,2026-09-09 19:48:58,561.6610999999999,EOD_SQUARE_OFF,448.88000000000005,741.1,0.0,78.52,-78.52,CLOSED
dac66cb3-965c-4f2b-8df7-99f6bd45f1dc,SENSEX_RESISTANCE_REJECTION_5M_ITM,SENSEX75700PE,1,20,2026-09-09 11:57:00,585.5849999999999,2026-09-09 19:48:58,585.5849999999999,EOD_SQUARE_OFF,497.25,805.0,0.0,68.96,-68.96,CLOSED
84f8b146-87a2-414e-bc6f-b153110b09bf,BANKNIFTY_HEIKIN_ASHI_BEARISH_1M_ATM,BANKNIFTY56500PE,1,30,2026-09-09 12:16:00,503.25274999999993,2026-09-09 19:48:58,503.25274999999993,EOD_SQUARE_OFF,402.20000000000005,682.75,0.0,75.27,-75.27,CLOSED
cc8e8a44-d61d-4c0c-b768-2a9912879a2a,SENSEX_BB_SQUEEZE_EXPLOSION_PE,SENSEX75600PE,1,20,2026-09-09 12:31:00,525.3748499999999,2026-09-09 19:48:58,525.3748499999999,EOD_SQUARE_OFF,446.1225,744.85,0.0,66.73,-66.73,CLOSED
71ac715f-9073-403c-8c6f-8d2838ac418b,BANKNIFTY_VWAP_BB_LIQUIDITY_REBOUND_CE,BANKNIFTY56400CE,1,30,2026-09-09 12:39:00,902.5516499999999,2026-09-09 19:48:58,902.5516499999999,EOD_SQUARE_OFF,721.32,1081.65,0.0,97.53,-97.53,CLOSED
c2d3ae74-891c-4420-9f29-0ec65d0aeb3b,SENSEX_ORB_BEARISH_1M_ATM,SENSEX75000PE,1,20,2026-09-09 12:40:00,141.141,2026-09-09 19:48:58,141.141,EOD_SQUARE_OFF,112.80000000000001,291.0,0.0,52.44,-52.44,CLOSED
ee8d61d9-1376-47bb-b4ee-c1c088eaf018,SENSEX_ORB_BEARISH_5M_ITM,SENSEX75600PE,1,20,2026-09-09 12:40:00,456.90644999999995,2026-09-09 19:48:58,456.90644999999995,EOD_SQUARE_OFF,387.98249999999996,676.45,0.0,64.19,-64.19,CLOSED
8f1b9661-cf53-48fb-998d-2dfe82655296,SENSEX_MACD_BEARISH_1M_ATM,SENSEX74800PE,1,20,2026-09-10 09:25:00,197.34714999999997,2026-09-10 18:09:44,197.34714999999997,EOD_SQUARE_OFF,157.72000000000003,347.15,0.0,54.53,-54.53,CLOSED
96677e2b-4ffa-40eb-bd7c-16994e2a48ad,BANKNIFTY_HEIKIN_ASHI_BEARISH_1M_ATM,BANKNIFTY56500PE,1,30,2026-09-10 09:25:00,520.2697499999999,2026-09-10 18:09:44,520.2697499999999,EOD_SQUARE_OFF,415.8,699.75,0.0,76.22,-76.22,CLOSED
afa04dd5-d9fe-4ac5-b61d-79038a9aedc2,SENSEX_OI_LONG_UNWINDING_PE,SENSEX74800PE,1,20,2026-09-10 09:25:00,201.15094999999997,2026-09-10 18:09:44,201.15094999999997,EOD_SQUARE_OFF,160.76,350.95,0.0,54.66,-54.66,CLOSED
2cced1fa-e8e0-4bb3-a2d4-3554f9098a15,SENSEX_HEIKIN_ASHI_BEARISH_1M_ATM,SENSEX74800PE,1,20,2026-09-10 09:25:00,197.34714999999997,2026-09-10 18:09:44,197.34714999999997,EOD_SQUARE_OFF,157.72000000000003,347.15,0.0,54.53,-54.53,CLOSED
a13241af-8a41-4480-8765-92e2bf5c38af,NIFTY_HEIKIN_ASHI_BEARISH_1M_ATM,NIFTY23450PE,1,65,2026-09-10 09:25:00,102.65254999999999,2026-09-10 18:09:44,102.65254999999999,EOD_SQUARE_OFF,82.04,162.55,0.0,59.61,-59.61,CLOSED
1a6b6f49-6349-42fa-9e9d-445442cbbef9,NIFTY_SUPERTREND_CMF_BEARISH_PE,NIFTY23550PE,1,65,2026-09-10 09:25:00,154.50435,2026-09-10 18:09:44,154.50435,EOD_SQUARE_OFF,123.48,214.35,0.0,65.86,-65.86,CLOSED
b860a103-60d2-4382-a41e-8627d3f5e263,NIFTY_VWAP_POC_BREAKDOWN_PE,NIFTY23550PE,1,65,2026-09-10 09:26:00,157.90775,2026-09-10 18:09:44,157.90775,EOD_SQUARE_OFF,126.2,217.75,0.0,66.28999999999999,-66.28999999999999,CLOSED
bd158de8-ca25-40c8-9395-a2b757d514ee,NIFTY_HEIKIN_ASHI_BEARISH_5M_ITM,NIFTY23550PE,1,65,2026-09-10 09:31:00,158.10794999999996,2026-09-10 18:09:44,158.10794999999996,EOD_SQUARE_OFF,126.36,247.95,0.0,66.31,-66.31,CLOSED
45cb148a-f884-4ec8-93d8-6d5b30f0eb54,SENSEX_HEIKIN_ASHI_BEARISH_5M_ITM,SENSEX75300PE,1,20,2026-09-10 09:31:00,585.1845999999999,2026-09-10 18:09:44,585.1845999999999,EOD_SQUARE_OFF,496.91,804.6,0.0,68.95,-68.95,CLOSED
6732a5f3-00bb-45aa-af2e-1482a3557825,NIFTY_ORB_BULLISH_1M_ATM,NIFTY23450CE,1,65,2026-09-10 09:39:00,133.18305,2026-09-10 18:09:44,133.18305,EOD_SQUARE_OFF,106.44000000000001,193.05,0.0,63.3,-63.3,CLOSED
810bb28b-6ac7-4037-95db-55e60ef7b9a7,SENSEX_HEIKIN_ASHI_BEARISH_1M_ATM,SENSEX74800PE,1,20,2026-09-10 09:55:00,181.4813,2026-09-10 18:09:44,181.4813,EOD_SQUARE_OFF,145.04000000000002,331.3,0.0,53.94,-53.94,CLOSED
41a2c723-8a37-471d-99d2-f906569fb7bc,SENSEX_OI_LONG_UNWINDING_PE,SENSEX74800PE,1,20,2026-09-10 09:55:00,181.4813,2026-09-10 18:09:44,181.4813,EOD_SQUARE_OFF,145.04000000000002,331.3,0.0,53.94,-53.94,CLOSED
4ad3f0ff-9fb1-4d61-9cc5-6a2b4b519e7a,NIFTY_ORB_BEARISH_5M_ITM,NIFTY23500PE,1,65,2026-09-10 10:10:00,131.78164999999998,2026-09-10 18:09:44,131.78164999999998,EOD_SQUARE_OFF,105.32000000000001,221.65,0.0,63.129999999999995,-63.129999999999995,CLOSED
0ecc25d7-a431-4e74-baec-f6f476a5a45a,BANKNIFTY_RESISTANCE_REJECTION_5M_ITM,BANKNIFTY56500PE,1,30,2026-09-10 10:10:00,524.3237999999999,2026-09-10 18:09:44,524.3237999999999,EOD_SQUARE_OFF,419.03999999999996,703.8,0.0,76.44,-76.44,CLOSED
abdf97fc-d302-4b83-9a49-79703d4970f0,SENSEX_ORB_BEARISH_5M_ITM,SENSEX75300PE,1,20,2026-09-10 10:11:00,597.3967999999999,2026-09-10 18:09:44,597.3967999999999,EOD_SQUARE_OFF,507.28,816.8,0.0,69.41,-69.41,CLOSED
68e02be0-f6ea-4d56-880c-1a8fee4683dd,SENSEX_ORB_BEARISH_1M_ATM,SENSEX74700PE,1,20,2026-09-10 10:11:00,158.0579,2026-09-10 18:09:44,158.0579,EOD_SQUARE_OFF,126.32000000000001,307.9,0.0,53.07,-53.07,CLOSED
50ade6b6-3a70-4ae9-aead-1b0968baa03b,BANKNIFTY_HEIKIN_ASHI_BEARISH_5M_ITM,BANKNIFTY56500PE,1,30,2026-09-10 10:16:00,503.6031,2026-09-10 18:09:44,503.6031,EOD_SQUARE_OFF,402.48,683.1,0.0,75.28,-75.28,CLOSED
60459349-f592-4697-bada-655262732e07,BANKNIFTY_RESISTANCE_REJECTION_5M_ITM,BANKNIFTY56500PE,1,30,2026-09-10 10:26:00,510.7602499999999,2026-09-10 18:11:30,510.7602499999999,EOD_SQUARE_OFF,408.20000000000005,690.25,0.0,75.7,-75.7,CLOSED
57b7dd2b-87e9-46b4-a607-bb8512f24cb3,BANKNIFTY_HEIKIN_ASHI_BEARISH_1M_ATM,BANKNIFTY56500PE,1,30,2026-09-10 11:01:00,519.4188999999999,2026-09-10 13:01:00,553.95,TIME_EXIT,415.12,698.9,1035.9330000000045,77.64,958.2930000000046,CLOSED
779cf207-ea71-4285-bb88-19cdec5293ce,SENSEX_ORB_BEARISH_1M_ATM,SENSEX74700PE,1,20,2026-09-10 11:19:00,111.21109999999999,2026-09-10 18:09:44,111.21109999999999,EOD_SQUARE_OFF,88.88,261.1,0.0,51.33,-51.33,CLOSED
7d30cc94-32a9-4713-8acf-bb6b44d1c159,SENSEX_ORB_BEARISH_5M_ITM,SENSEX75300PE,1,20,2026-09-10 11:19:00,513.46295,2026-09-10 18:09:44,513.46295,EOD_SQUARE_OFF,436.00750000000005,732.95,0.0,66.30000000000001,-66.30000000000001,CLOSED
f1b1a89e-5950-4e9f-a63e-1ab58c19e7f5,SENSEX_HEIKIN_ASHI_BEARISH_5M_ITM,SENSEX75300PE,1,20,2026-09-10 11:21:00,540.54,2026-09-10 18:09:44,540.54,EOD_SQUARE_OFF,459.0,760.0,0.0,67.28999999999999,-67.28999999999999,CLOSED
3a69a43e-76f4-4a88-b640-180de15a5fa0,NIFTY_VWAP_POC_BREAKDOWN_PE,NIFTY23550PE,1,65,2026-09-10 11:26:00,161.11094999999997,2026-09-10 18:11:30,161.11094999999997,EOD_SQUARE_OFF,128.76,220.95,0.0,66.66,-66.66,CLOSED
f058f4ea-7ed8-4a57-8ef0-80913e1bbeb3,NIFTY_HEIKIN_ASHI_BEARISH_1M_ATM,NIFTY23400PE,1,65,2026-09-10 11:31:00,85.43534999999999,2026-09-10 18:09:44,85.43534999999999,EOD_SQUARE_OFF,68.28,145.35,0.0,57.54,-57.54,CLOSED
74a502fd-2e2c-4ee9-90db-0bafe585f64c,NIFTY_RESISTANCE_REJECTION_5M_ITM,NIFTY23550PE,1,65,2026-09-10 11:50:00,153.75359999999998,2026-09-10 13:50:00,147.6,TIME_EXIT,122.88,243.6,-399.9839999999989,65.19999999999999,-465.1839999999989,CLOSED
ccb120df-d506-4056-bc26-3ce141ffa138,SENSEX_OI_SHORT_SQUEEZE_CE,SENSEX74800CE,1,20,2026-09-10 11:51:00,171.77159999999998,2026-09-10 18:11:30,171.77159999999998,EOD_SQUARE_OFF,137.28,321.6,0.0,53.58,-53.58,CLOSED
c18bbe07-a772-44e0-beea-d1dbac581bdd,NIFTY_ORB_BULLISH_1M_ATM,NIFTY23450CE,1,65,2026-09-10 11:57:00,133.18305,2026-09-10 18:09:44,133.18305,EOD_SQUARE_OFF,106.44000000000001,193.05,0.0,63.3,-63.3,CLOSED
8c7b765f-787f-44be-8666-c397701d1c57,SENSEX_RESISTANCE_REJECTION_5M_ITM,SENSEX75400PE,1,20,2026-09-10 12:03:00,584.43385,2026-09-10 18:09:44,584.43385,EOD_SQUARE_OFF,496.2725,803.85,0.0,68.92,-68.92,CLOSED
3265c5ba-9111-48a2-93d2-036578d4923f,NIFTY_HEIKIN_ASHI_BEARISH_5M_ITM,NIFTY23550PE,1,65,2026-09-10 12:16:00,129.97984999999997,2026-09-10 18:09:44,129.97984999999997,EOD_SQUARE_OFF,103.88,219.85,0.0,62.9,-62.9,CLOSED
e2050586-7723-4c7b-bbe4-14beac13bd07,SENSEX_OI_SHORT_SQUEEZE_CE,SENSEX74800CE,1,20,2026-09-10 12:17:00,168.41824999999997,2026-09-10 18:09:44,168.41824999999997,EOD_SQUARE_OFF,134.6,318.25,0.0,53.45,-53.45,CLOSED
3cf085b2-7494-4b05-a1fe-6c7450e10d4e,SENSEX_RESISTANCE_REJECTION_5M_ITM,SENSEX75400PE,1,20,2026-09-10 12:23:00,552.3517999999999,2026-09-10 18:09:44,552.3517999999999,EOD_SQUARE_OFF,469.03,771.8,0.0,67.74,-67.74,CLOSED
aa7dbb8d-3745-4c8e-8b8f-8f8b135d8c69,BANKNIFTY_HEIKIN_ASHI_BEARISH_5M_ITM,BANKNIFTY56400PE,1,30,2026-09-10 12:26:00,492.99249999999995,2026-09-10 14:25:05,523.75,TRAILING_STOP,394.0,672.5,922.7250000000015,75.98,846.7450000000015,CLOSED
d1072c71-c31a-4940-b733-3db573bf17ce,BANKNIFTY_VWAP_BB_LIQUIDITY_REBOUND_CE,BANKNIFTY56400CE,1,30,2026-09-10 12:26:00,839.3885499999999,2026-09-10 18:09:44,839.3885499999999,EOD_SQUARE_OFF,670.84,1018.55,0.0,94.02,-94.02,CLOSED
af89de37-1680-4eb4-ab92-041fd115fec3,NIFTY_VWAP_POC_PULLBACK_CE,NIFTY23350CE,1,65,2026-09-10 12:47:00,197.4973,2026-09-10 14:40:44,157.84000000000003,STOP_LOSS,157.84000000000003,257.3,-2577.7244999999975,67.42,-2645.1444999999976,CLOSED
de354489-73c2-4b90-8ea8-f00e93a14518,SENSEX_OI_LONG_UNWINDING_PE,SENSEX74300PE,1,20,2026-09-11 09:25:00,485.58509999999995,2026-09-11 10:22:25,412.33500000000004,STOP_LOSS,412.33500000000004,705.1,-1465.0019999999984,63.18000000000001,-1528.1819999999984,CLOSED
a527dda9-8801-4c80-8abd-28723d762ac2,BANKNIFTY_DUAL_SUPERTREND_BB_PE,BANKNIFTY55800PE,1,30,2026-09-11 09:25:00,536.536,2026-09-11 11:12:48,428.8,STOP_LOSS,428.8,716.0,-3232.079999999998,72.53999999999999,-3304.619999999998,CLOSED
af58fc57-65b4-472d-b8bb-435f4a09e09d,NIFTY_HEIKIN_ASHI_BEARISH_5M_ITM,NIFTY23400PE,1,65,2026-09-11 09:26:00,186.63644999999997,2026-09-11 11:26:00,162.3,TIME_EXIT,149.16,276.45,-1581.8692499999972,67.51,-1649.3792499999972,CLOSED
1a687831-ac01-42ba-b38d-67812540546e,NIFTY_VWAP_POC_BREAKDOWN_PE,NIFTY23400PE,1,65,2026-09-11 09:26:00,186.63644999999997,2026-09-11 11:26:00,162.3,TIME_EXIT,149.16,246.45,-1581.8692499999972,67.51,-1649.3792499999972,CLOSED
ac073c95-5de8-4414-a545-891ba210265a,SENSEX_HEIKIN_ASHI_BEARISH_5M_ITM,SENSEX74500PE,1,20,2026-09-11 09:26:00,586.23565,2026-09-11 10:22:25,497.80249999999995,STOP_LOSS,497.80249999999995,805.65,-1768.6630000000002,66.5,-1835.1630000000002,CLOSED
afb785f6-a254-4d70-9c5c-b5fb5327bc1c,BANKNIFTY_HEIKIN_ASHI_BEARISH_5M_ITM,BANKNIFTY55800PE,1,30,2026-09-11 09:26:00,541.5910499999999,2026-09-11 11:12:37,432.84,STOP_LOSS,432.84,721.05,-3262.5314999999973,72.78999999999999,-3335.3214999999973,CLOSED
6d85484c-3794-4939-af52-c805822d3a39,SENSEX_MACD_BEARISH_1M_ATM,SENSEX74300PE,1,20,2026-09-11 09:31:00,484.2838,2026-09-11 10:22:25,411.23,STOP_LOSS,411.23,703.8,-1461.0759999999993,63.129999999999995,-1524.2059999999992,CLOSED
3aa0eba5-c548-4c0d-99a9-20d440c769c5,NIFTY_MACD_BEARISH_1M_ATM,NIFTY23250PE,1,65,2026-09-11 09:31:00,98.14804999999998,2026-09-11 10:22:48,78.44,STOP_LOSS,78.44,158.05,-1281.023249999999,57.25,-1338.273249999999,CLOSED
d26fbcec-dcaf-4b60-9be4-0762d7602e91,BANKNIFTY_MACD_BEARISH_1M_ATM,BANKNIFTY55900PE,1,30,2026-09-11 09:31:00,552.40185,2026-09-11 11:13:54,441.48,STOP_LOSS,441.48,731.85,-3327.6554999999985,73.3,-3400.9554999999987,CLOSED
20eeaee4-9c7c-48f2-87f1-168167c29289,SENSEX_HEIKIN_ASHI_BEARISH_1M_ATM,SENSEX74300PE,1,20,2026-09-11 09:46:00,477.02655,2026-09-11 10:22:25,405.0675,STOP_LOSS,405.0675,696.55,-1439.1809999999998,62.900000000000006,-1502.081,CLOSED
5ca4dad5-ad62-46f8-9554-b29c07bedd86,NIFTY_HEIKIN_ASHI_BEARISH_1M_ATM,NIFTY23250PE,1,65,2026-09-11 09:46:00,100.1,2026-09-11 10:22:25,80.0,STOP_LOSS,80.0,160.0,-1306.4999999999995,57.46,-1363.9599999999996,CLOSED
179fb48b-d45f-4160-b678-e4b367072019,BANKNIFTY_HEIKIN_ASHI_BEARISH_1M_ATM,BANKNIFTY55900PE,1,30,2026-09-11 09:46:00,551.40085,2026-09-11 11:13:54,440.68000000000006,STOP_LOSS,440.68000000000006,730.85,-3321.625499999998,73.24,-3394.8654999999976,CLOSED
46a48ed5-74cf-4fcd-aa16-6e72a1d7eec7,NIFTY_ORB_BULLISH_1M_ATM,NIFTY23250CE,1,65,2026-09-11 10:11:00,116.46634999999998,2026-09-11 10:25:08,137.4,TRAILING_STOP,93.08,176.35,1360.6872500000018,63.199999999999996,1297.4872500000017,CLOSED
43ce7ee7-6a08-42ae-934e-306671009d8e,SENSEX_OI_SHORT_SQUEEZE_CE,SENSEX74400CE,1,20,2026-09-11 10:22:00,520.3698499999999,2026-09-11 11:20:45,600.35,TRAILING_STOP,441.8725,739.85,1599.6030000000019,68.82000000000001,1530.783000000002,CLOSED
3350e9cb-8289-4b83-bce7-e6146a63c233,SENSEX_HEIKIN_ASHI_BEARISH_5M_ITM,SENSEX74600PE,1,20,2026-09-11 10:36:00,570.6200499999999,2026-09-11 11:37:00,484.54249999999996,STOP_LOSS,484.54249999999996,790.05,-1721.5509999999983,65.97,-1787.5209999999984,CLOSED
f9dc0076-d6f8-4cc2-8e08-60c0999c1322,NIFTY_ORB_BULLISH_1M_ATM,NIFTY23300CE,1,65,2026-09-11 10:59:00,102.60249999999999,2026-09-11 11:16:01,132.55,TRAILING_STOP,82.0,162.5,1946.5875000000012,62.36,1884.2275000000013,CLOSED
b55d8fba-882c-4f1b-a099-912eff44b963,BANKNIFTY_RESISTANCE_REJECTION_5M_ITM,BANKNIFTY56000PE,1,30,2026-09-11 11:09:00,533.2327,2026-09-11 12:21:12,478.45,MANUAL_SQUARE_OFF,426.1600000000001,712.7,-1643.4810000000011,74.61,-1718.091000000001,CLOSED
de2516b8-aa96-48ce-bc43-e10d8fd6b9a0,NIFTY_SUPERTREND_CMF_BULLISH_CE,NIFTY23250CE,1,65,2026-09-11 11:16:00,167.5674,2026-09-11 11:19:56,184.35,TRAILING_STOP,133.92000000000002,227.4,1090.8690000000001,69.0,1021.8690000000001,CLOSED
b0225645-31d8-4282-859e-3826b505ba86,BANKNIFTY_DUAL_SUPERTREND_BB_CE,BANKNIFTY56200CE,1,30,2026-09-11 11:16:00,693.3927,2026-09-11 11:20:07,812.75,TRAILING_STOP,554.1600000000001,872.7,3580.719,90.92,3489.799,CLOSED
345aa12a-9fcf-46b2-bd46-6e7cd32c600c,SENSEX_BB_SQUEEZE_EXPLOSION_CE,SENSEX74400CE,1,20,2026-09-11 11:16:00,561.41085,2026-09-11 11:49:34,604.0,TRAILING_STOP,476.7225,780.85,851.7830000000004,69.27,782.5130000000004,CLOSED
99a92a5e-3727-43d4-90e9-4f854a02dfcb,SENSEX_OI_SHORT_SQUEEZE_CE,SENSEX74500CE,1,20,2026-09-11 11:25:00,497.69719999999995,2026-09-11 11:52:10,542.9,TRAILING_STOP,422.62,717.2,904.0560000000005,66.98,837.0760000000005,CLOSED
d2d02e60-c6bb-4a18-950f-099280ade764,BANKNIFTY_DUAL_SUPERTREND_BB_CE,BANKNIFTY56300CE,1,30,2026-09-11 11:31:00,639.98935,2026-09-11 12:03:08,728.05,TRAILING_STOP,511.48,819.35,2641.8195000000005,86.63,2555.1895000000004,CLOSED
26938dcf-b907-417f-8a46-24d570d19734,NIFTY_SUPERTREND_CMF_BULLISH_CE,NIFTY23250CE,1,65,2026-09-11 11:31:00,187.33714999999998,2026-09-11 12:20:11,169.85,MANUAL_SQUARE_OFF,149.72,247.15,-1136.664749999999,68.24,-1204.904749999999,CLOSED
16db9191-3a42-49a3-bdb9-493f9d32bcaf,BANKNIFTY_HEIKIN_ASHI_BEARISH_5M_ITM,BANKNIFTY56100PE,1,30,2026-09-11 12:11:00,525.525,2026-09-11 14:11:00,454.5,TIME_EXIT,420.0,705.0,-2130.749999999999,73.48,-2204.229999999999,CLOSED
9c8a9ed4-6a0c-4f7f-8b0c-e9c135c4525e,NIFTY_RESISTANCE_REJECTION_5M_ITM,NIFTY23450PE,1,65,2026-09-11 12:13:00,158.55839999999998,2026-09-11 14:13:00,156.5,TIME_EXIT,126.72000000000001,248.4,-133.79599999999854,66.16,-199.95599999999854,CLOSED
c6d66229-4692-49b7-b7bf-30bbef8ef257,SENSEX_RESISTANCE_REJECTION_5M_ITM,SENSEX74700PE,1,20,2026-09-11 12:13:00,539.8893499999999,2026-09-11 14:13:00,522.65,TIME_EXIT,458.4475,759.35,-344.7869999999989,66.77000000000001,-411.5569999999989,CLOSED
c1b59f05-1ab5-44b7-9c57-86cce40934f1,NIFTY_HEIKIN_ASHI_BEARISH_5M_ITM,NIFTY23450PE,1,65,2026-09-11 12:16:00,163.9638,2026-09-11 14:13:57,131.04000000000002,STOP_LOSS,131.04000000000002,253.8,-2140.046999999998,63.98,-2204.026999999998,CLOSED
8e3e92e8-8a87-43a7-93ed-d15da9d77f5a,SENSEX_HEIKIN_ASHI_BEARISH_1M_ATM,SENSEX74500PE,1,20,2026-09-11 12:31:00,438.38794999999993,2026-09-11 14:13:57,350.36,STOP_LOSS,350.36,587.95,-1760.5589999999984,61.0,-1821.5589999999984,CLOSED
78015a29-ed91-4d3b-b7cf-b45ff5579a04,BANKNIFTY_RESISTANCE_REJECTION_5M_ITM,BANKNIFTY56200PE,1,30,2026-09-11 13:12:00,534.534,2026-09-11 14:13:58,427.20000000000005,STOP_LOSS,427.20000000000005,714.0,-3220.0199999999986,72.46,-3292.4799999999987,CLOSED
cb707824-69fb-4e01-afc8-d625cbd88304,NIFTY_HEIKIN_ASHI_BEARISH_1M_ATM,NIFTY23350PE,1,65,2026-09-11 13:31:00,95.19509999999998,2026-09-11 14:13:57,76.08,STOP_LOSS,76.08,155.1,-1242.481499999999,56.95,-1299.431499999999,CLOSED
97061053-6aee-4cba-af1a-417af8676636,NIFTY_RESISTANCE_REJECTION_5M_ITM,NIFTY23550PE,1,65,2026-09-11 15:05:00,178.0779,2026-09-11 15:15:00,180.4,EOD_SQUARE_OFF,142.32000000000002,267.9,150.9365000000004,68.92999999999999,82.0065000000004,CLOSED
dced1c08-72b7-4263-b99a-fb920ef2e15f,SENSEX_RESISTANCE_REJECTION_5M_ITM,SENSEX74900PE,1,20,2026-09-11 15:11:00,509.25874999999996,2026-09-11 15:15:00,512.3,EOD_SQUARE_OFF,432.4375,728.75,60.82499999999982,66.23,-5.405000000000186,CLOSED
80a8d675-0290-448c-822c-01333439693e,SENSEX_OI_LONG_UNWINDING_PE,SENSEX74700PE,1,20,2026-09-11 15:11:00,421.9215,2026-09-11 15:15:00,424.5,EOD_SQUARE_OFF,337.20000000000005,571.5,51.57000000000039,62.96,-11.38999999999961,CLOSED
5c89c3d9-0a62-4de8-947b-7f208313a55d,SENSEX_BB_SQUEEZE_EXPLOSION_CE,SENSEX74600CE,1,20,2026-09-15 09:25:00,667.01635,2026-09-15 10:25:33,566.3975,STOP_LOSS,566.3975,886.35,-2012.376999999999,69.14,-2081.516999999999,CLOSED
d3393bdd-08b5-4410-8874-60055ee70d03,SENSEX_OI_SHORT_SQUEEZE_CE,SENSEX75100CE,1,20,2026-09-15 09:25:00,351.50114999999994,2026-09-15 10:25:33,280.92,STOP_LOSS,280.92,501.15,-1411.6229999999985,58.269999999999996,-1469.8929999999984,CLOSED
a8d44d81-cf6e-4a18-af34-85743270c43a,BANKNIFTY_HEIKIN_ASHI_BEARISH_5M_ITM,BANKNIFTY56600PE,1,30,2026-09-15 09:31:00,547.7472,2026-09-15 11:05:47,727.2,TAKE_PROFIT,437.76000000000005,727.2,5383.584000000001,85.37,5298.214000000001,CLOSED
f5abcab2-9f04-4afb-aebe-212db0ce38d7,NIFTY_VWAP_POC_PULLBACK_CE,NIFTY23250CE,1,65,2026-09-15 09:36:00,227.82759999999996,2026-09-15 10:25:33,182.08,STOP_LOSS,182.08,317.6,-2973.593999999997,70.52000000000001,-3044.113999999997,CLOSED
3f466f9e-d3e9-4af2-8da1-51b213b3c034,NIFTY_HEIKIN_ASHI_BEARISH_5M_ITM,NIFTY23650PE,1,65,2026-09-15 09:36:00,187.63744999999997,2026-09-15 10:29:03,277.45,TAKE_PROFIT,149.96,277.45,5837.815750000001,78.13,5759.685750000001,CLOSED
5db732aa-73bf-49da-81f5-3865b29ee070,SENSEX_HEIKIN_ASHI_BEARISH_5M_ITM,SENSEX75500PE,1,20,2026-09-15 09:36:00,610.5098999999999,2026-09-15 10:25:33,829.9,TAKE_PROFIT,518.415,829.9,4387.8020000000015,76.11,4311.692000000002,CLOSED
2380d170-1df1-42ed-9f3d-9c48d8d45cdf,SENSEX_ORB_BEARISH_5M_ITM,SENSEX75500PE,1,20,2026-09-15 09:38:00,623.3727499999999,2026-09-15 10:25:33,842.75,TAKE_PROFIT,529.3375,842.75,4387.545000000002,76.58,4310.965000000002,CLOSED
815cd3e6-0390-45cb-bc9e-a4f442698345,NIFTY_ORB_BEARISH_5M_ITM,NIFTY23650PE,1,65,2026-09-15 09:38:00,193.34314999999998,2026-09-15 10:30:10,283.15,TAKE_PROFIT,154.52,283.15,5837.44525,78.81,5758.635249999999,CLOSED
c56a8847-0b79-4994-9c49-bf5c4b1b6648,SENSEX_ORB_BEARISH_1M_ATM,SENSEX75000PE,1,20,2026-09-15 09:38:00,341.4411,2026-09-15 10:25:44,491.1,TAKE_PROFIT,272.88000000000005,491.1,2993.1780000000003,64.12,2929.0580000000004,CLOSED
5b286417-7733-4f30-a010-b5ebef09f23f,BANKNIFTY_RESISTANCE_REJECTION_5M_ITM,BANKNIFTY56500PE,1,30,2026-09-15 09:43:00,515.6651499999999,2026-09-15 11:22:00,695.15,TAKE_PROFIT,412.12,695.15,5384.545500000002,83.57000000000001,5300.975500000002,CLOSED
74c9078e-ebde-4f48-9e8a-9a219d20e035,BANKNIFTY_ORB_BEARISH_5M_ITM,BANKNIFTY56500PE,1,30,2026-09-15 09:44:00,521.6211,2026-09-15 11:44:00,681.15,TIME_EXIT,416.88000000000005,701.1,4785.867,83.06,4702.807,CLOSED
51a59691-c27f-46e6-831f-8016ce2431c1,BANKNIFTY_ORB_BEARISH_1M_ATM,BANKNIFTY56500PE,1,30,2026-09-15 09:44:00,521.6211,2026-09-15 11:44:00,681.15,TIME_EXIT,416.88000000000005,701.1,4785.867,83.06,4702.807,CLOSED
45d4127c-259b-4b90-88f0-86078061001f,BANKNIFTY_DUAL_SUPERTREND_BB_PE,BANKNIFTY56500PE,1,30,2026-09-15 09:56:00,520.2197,2026-09-15 11:24:03,699.7,TAKE_PROFIT,415.76000000000005,699.7,5384.4090000000015,83.82,5300.589000000002,CLOSED
9a98ae06-1c86-4e76-82a8-e5310c020ee8,BANKNIFTY_HEIKIN_ASHI_BEARISH_1M_ATM,BANKNIFTY56500PE,1,30,2026-09-15 10:01:00,517.5670499999999,2026-09-15 11:23:46,697.05,TAKE_PROFIT,413.64,697.05,5384.488500000002,83.69,5300.798500000003,CLOSED
bb5d027f-2937-44d7-a646-f1ef4d69b45e,BANKNIFTY_VWAP_BB_LIQUIDITY_REBOUND_CE,BANKNIFTY56500CE,1,30,2026-09-15 10:05:00,708.1073999999999,2026-09-15 11:53:05,565.92,STOP_LOSS,565.92,887.4,-4265.621999999998,80.66,-4346.281999999997,CLOSED
48c8b5e8-073c-42dc-807c-658aebbab098,NIFTY_SUPERTREND_CMF_BEARISH_PE,NIFTY23550PE,1,65,2026-09-15 10:42:00,191.34114999999997,2026-09-15 11:27:11,209.9,TRAILING_STOP,152.92000000000002,251.15,1206.3252500000024,72.01,1134.3152500000024,CLOSED
2424e716-1b14-4938-84d0-24917790b8cf,SENSEX_HEIKIN_ASHI_BEARISH_1M_ATM,SENSEX74700PE,1,20,2026-09-15 10:42:00,383.43305,2026-09-15 12:42:00,438.1,TIME_EXIT,306.44,533.05,1093.3390000000009,63.0,1030.3390000000009,CLOSED
b20a86f9-8b85-4075-a9cb-b666156a5c66,SENSEX_OI_LONG_UNWINDING_PE,SENSEX74700PE,1,20,2026-09-15 10:42:00,385.28489999999994,2026-09-15 12:42:00,438.1,TIME_EXIT,307.92,534.9,1056.3020000000017,63.02,993.2820000000017,CLOSED
f8a5b99a-db16-4de8-a186-86a27a2ab981,SENSEX_MACD_BEARISH_1M_ATM,SENSEX74700PE,1,20,2026-09-15 10:46:00,383.1828,2026-09-15 12:46:00,438.4,TIME_EXIT,306.24,532.8,1104.3439999999998,63.0,1041.3439999999998,CLOSED
5f19ac24-bd98-437b-9ffe-cb8c4f0d0a8d,NIFTY_HEIKIN_ASHI_BEARISH_5M_ITM,NIFTY23550PE,1,65,2026-09-15 10:51:00,202.6024,2026-09-15 12:51:00,222.65,TIME_EXIT,161.92000000000002,292.4,1303.0940000000012,73.51,1229.5840000000012,CLOSED
e8dc12ad-46af-43b0-9de7-a80e959fcecb,SENSEX_HEIKIN_ASHI_BEARISH_5M_ITM,SENSEX75200PE,1,20,2026-09-15 10:51:00,691.14045,2026-09-15 12:51:00,756.0,TIME_EXIT,586.8825,910.45,1297.1910000000003,74.72,1222.4710000000002,CLOSED
71a877ee-953f-4796-ad01-c268e3197a6f,BANKNIFTY_HEIKIN_ASHI_BEARISH_5M_ITM,BANKNIFTY56200PE,1,30,2026-09-15 11:11:00,539.9393999999999,2026-09-15 13:11:00,561.3,TIME_EXIT,431.52,719.4,640.8180000000027,78.22,562.5980000000027,CLOSED
054f6f2f-b35d-4938-8eec-4f6770a9f64b,NIFTY_HEIKIN_ASHI_BEARISH_1M_ATM,NIFTY23350PE,1,65,2026-09-15 11:27:00,62.01195,2026-09-15 13:27:00,64.9,TIME_EXIT,49.56,121.95,187.72325000000046,54.95,132.77325000000047,CLOSED
bfc8b156-c854-4bab-91f6-bc8ddfee055f,BANKNIFTY_HEIKIN_ASHI_BEARISH_1M_ATM,BANKNIFTY56200PE,1,30,2026-09-15 11:27:00,555.40485,2026-09-15 13:27:00,560.9,TIME_EXIT,443.88000000000005,734.85,164.854499999999,78.41,86.44449999999901,CLOSED
e7dc31f8-292e-4290-942e-aa8ccc47a432,NIFTY_SUPERTREND_CMF_BEARISH_PE,NIFTY23550PE,1,65,2026-09-15 11:42:00,208.00779999999997,2026-09-15 13:42:00,213.75,TIME_EXIT,166.24,297.8,373.24300000000164,72.86,300.38300000000163,CLOSED
a0b3f053-478d-450f-90e1-9647b966b3f0,SENSEX_HEIKIN_ASHI_BEARISH_1M_ATM,SENSEX74600PE,1,20,2026-09-15 12:42:00,389.83944999999994,2026-09-15 14:42:00,360.0,TIME_EXIT,311.56,539.45,-596.7889999999989,60.84,-657.6289999999989,CLOSED
dddd6cb3-b40d-46bc-8ca9-b838eb81efc9,SENSEX_OI_LONG_UNWINDING_PE,SENSEX74600PE,1,20,2026-09-15 12:42:00,389.83944999999994,2026-09-15 14:42:00,360.0,TIME_EXIT,311.56,539.45,-596.7889999999989,60.84,-657.6289999999989,CLOSED
66c71ed3-e36a-41c1-be4f-c7dae2ccb24e,NIFTY_HEIKIN_ASHI_BEARISH_1M_ATM,NIFTY23350PE,1,65,2026-09-15 13:27:00,64.9649,2026-09-15 14:36:56,51.92000000000001,STOP_LOSS,51.92000000000001,124.9,-847.9184999999994,53.84,-901.7584999999995,CLOSED
5d0cbb46-f2b2-4909-bcfe-b4a52e06c059,NIFTY_RESISTANCE_REJECTION_5M_ITM,NIFTY23550PE,1,65,2026-09-15 13:37:00,215.46524999999997,2026-09-15 15:15:00,213.85,EOD_SQUARE_OFF,172.20000000000002,305.25,-104.99124999999836,73.08,-178.07124999999837,CLOSED
46b34db4-5f75-4fe3-bebb-1e87fd317b08,SENSEX_OI_SHORT_SQUEEZE_CE,SENSEX74600CE,1,20,2026-09-15 13:37:00,412.91249999999997,2026-09-15 15:15:00,410.65,EOD_SQUARE_OFF,330.0,562.5,-45.24999999999977,62.489999999999995,-107.73999999999977,CLOSED
d2ce236f-ac62-416d-85f3-42fcfc332379,SENSEX_RESISTANCE_REJECTION_5M_ITM,SENSEX75100PE,1,20,2026-09-15 13:52:00,672.2715999999999,2026-09-15 15:15:00,670.75,EOD_SQUARE_OFF,570.86,891.6,-30.431999999998425,72.15,-102.58199999999843,CLOSED
6f2dd659-8b1c-4b55-ac02-9bb977892a28,BANKNIFTY_GAMMA_WALL_BREAKOUT_PE,BANKNIFTY56200PE,1,30,2026-09-15 14:01:00,552.3517999999999,2026-09-15 15:15:00,562.6,EOD_SQUARE_OFF,441.44,731.8,307.4460000000033,78.43,229.01600000000332,CLOSED
8296506d-c822-4612-ac26-839c5c1ae740,SENSEX_BB_SQUEEZE_EXPLOSION_CE,SENSEX74200CE,1,20,2026-09-15 14:01:00,678.8782,2026-09-15 15:15:00,653.15,EOD_SQUARE_OFF,576.47,898.2,-514.5640000000003,71.71000000000001,-586.2740000000003,CLOSED
c772abc4-e4c7-405d-b9e8-306e107977bd,BANKNIFTY_RESISTANCE_REJECTION_5M_ITM,BANKNIFTY56200PE,1,30,2026-09-15 14:46:00,543.1426,2026-09-15 15:15:00,562.6,EOD_SQUARE_OFF,434.08000000000004,722.6,583.7220000000002,78.32,505.4020000000002,CLOSED
79856216-60fd-43e8-a8e2-7ae161d06410,SENSEX_OI_SHORT_SQUEEZE_CE,SENSEX74400CE,1,20,2026-09-16 09:25:00,318.56825,2026-09-16 09:51:09,254.60000000000002,STOP_LOSS,254.60000000000002,468.25,-1279.364999999999,57.230000000000004,-1336.5949999999991,CLOSED
33a37bfa-4c3e-4a16-938e-50ab3c3101d5,SENSEX_HEIKIN_ASHI_BEARISH_1M_ATM,SENSEX74300PE,1,20,2026-09-16 09:25:00,295.64535,2026-09-16 10:43:46,327.0,TRAILING_STOP,236.28000000000003,445.35,627.0929999999998,59.08,568.0129999999998,CLOSED
61ef4c0c-ed98-4318-97d1-7b8c7a5d0ada,NIFTY_HEIKIN_ASHI_BEARISH_1M_ATM,NIFTY23250PE,1,65,2026-09-16 09:25:00,152.20204999999999,2026-09-16 11:25:00,180.5,TIME_EXIT,121.64000000000001,212.05,1839.366750000001,68.19,1771.176750000001,CLOSED
14b99185-4067-49dc-91e6-bf1f1236c308,BANKNIFTY_HEIKIN_ASHI_BEARISH_1M_ATM,BANKNIFTY56000PE,1,30,2026-09-16 09:25:00,506.4058999999999,2026-09-16 11:25:00,543.0,TIME_EXIT,404.72,685.9,1097.8230000000026,77.00999999999999,1020.8130000000026,CLOSED
dfc07d9e-919a-407f-88df-8d9c83e346cb,NIFTY_VWAP_POC_PULLBACK_CE,NIFTY23200CE,1,65,2026-09-16 09:26:00,199.74955,2026-09-16 11:26:00,179.1,TIME_EXIT,159.64000000000001,259.55,-1342.2207500000004,69.43,-1411.6507500000005,CLOSED
9bea9c64-57da-4ae1-aa67-2b8da17706b2,SENSEX_ORB_BEARISH_5M_ITM,SENSEX74900PE,1,20,2026-09-16 09:36:00,673.8732,2026-09-16 09:36:34,729.0,TRAILING_STOP,572.22,893.2,1102.536,73.8,1028.736,CLOSED
184328f0-91d8-4c5c-9ddc-71e8eb108abb,SENSEX_ORB_BEARISH_1M_ATM,SENSEX74300PE,1,20,2026-09-16 09:36:00,305.4051,2026-09-16 10:43:46,305.4051,TRAILING_STOP,244.08000000000004,455.1,0.0,58.57,-58.57,CLOSED
fe9c88af-e9bf-45f0-8b84-af162787d0e6,BANKNIFTY_ORB_BEARISH_5M_ITM,BANKNIFTY56000PE,1,30,2026-09-16 09:39:00,520.8703499999999,2026-09-16 11:39:00,543.95,TIME_EXIT,416.28000000000003,700.35,692.3895000000039,77.24,615.1495000000039,CLOSED
904dc767-48d3-4824-8f2c-6856af781051,NIFTY_ORB_BEARISH_5M_ITM,NIFTY23300PE,1,65,2026-09-16 09:39:00,180.38019999999997,2026-09-16 11:39:00,207.7,TIME_EXIT,144.16,270.2,1775.787000000001,71.5,1704.287000000001,CLOSED
055f4eb8-84fd-4eed-ab04-db011df12f00,BANKNIFTY_ORB_BEARISH_1M_ATM,BANKNIFTY56000PE,1,30,2026-09-16 09:39:00,520.8703499999999,2026-09-16 11:39:00,543.95,TIME_EXIT,416.28000000000003,700.35,692.3895000000039,77.24,615.1495000000039,CLOSED
8641e554-e437-4d49-b7da-ebdc24814028,SENSEX_HEIKIN_ASHI_BEARISH_5M_ITM,SENSEX74900PE,1,20,2026-09-16 09:46:00,665.665,2026-09-16 09:49:43,798.35,TRAILING_STOP,565.25,885.0,2653.700000000001,75.7,2578.0000000000014,CLOSED
8a6787ea-c181-4e73-9796-5f57330c7c33,BANKNIFTY_HEIKIN_ASHI_BEARISH_5M_ITM,BANKNIFTY56000PE,1,30,2026-09-16 09:46:00,510.86035,2026-09-16 11:46:00,540.15,TIME_EXIT,408.28000000000003,690.35,878.6894999999998,76.94,801.7494999999999,CLOSED
a7d99f9a-89d5-431a-a1d2-95f8b8ad0ac3,NIFTY_HEIKIN_ASHI_BEARISH_5M_ITM,NIFTY23300PE,1,65,2026-09-16 09:46:00,178.4783,2026-09-16 11:46:00,206.0,TIME_EXIT,142.64000000000001,268.3,1788.9105000000006,71.28,1717.6305000000007,CLOSED
bfa993c8-c75d-4254-94c1-a2559754d61c,SENSEX_OI_SHORT_SQUEEZE_CE,SENSEX74300CE,1,20,2026-09-16 09:55:00,354.95459999999997,2026-09-16 11:55:00,301.4,TIME_EXIT,283.68,504.6,-1071.0919999999999,58.89,-1129.982,CLOSED
73b8efc3-675b-48bf-bbac-fd029c4787ac,BANKNIFTY_RESISTANCE_REJECTION_5M_ITM,BANKNIFTY56000PE,1,30,2026-09-16 10:21:00,522.6220999999999,2026-09-16 12:21:00,527.05,TIME_EXIT,417.68000000000006,702.1,132.83700000000067,76.53999999999999,56.29700000000068,CLOSED
fe1b7707-03b0-47b2-8a0c-714802aab8db,NIFTY_RESISTANCE_REJECTION_5M_ITM,NIFTY23300PE,1,65,2026-09-16 10:25:00,190.29009999999997,2026-09-16 12:25:00,199.55,TIME_EXIT,152.08,280.1,601.8935000000029,71.03,530.8635000000029,CLOSED
52281045-7102-4343-9a87-67ce082bb49c,SENSEX_HEIKIN_ASHI_BEARISH_5M_ITM,SENSEX74800PE,1,20,2026-09-16 10:26:00,645.1945499999999,2026-09-16 10:49:46,547.8675,STOP_LOSS,547.8675,864.55,-1946.5409999999997,68.43,-2014.9709999999998,CLOSED
e7b918c2-b948-4df3-a20d-7d5ca81aa093,SENSEX_OI_LONG_UNWINDING_PE,SENSEX74300PE,1,20,2026-09-16 10:35:00,347.39705,2026-09-16 11:40:00,347.39705,TRAILING_STOP,277.64000000000004,497.05,0.0,60.120000000000005,-60.120000000000005,CLOSED
d6183a64-ccae-431d-835c-2995ce76c830,SENSEX_RESISTANCE_REJECTION_5M_ITM,SENSEX74800PE,1,20,2026-09-16 10:36:00,658.2075499999999,2026-09-16 10:49:46,558.9174999999999,STOP_LOSS,558.9174999999999,877.55,-1985.800999999999,68.85,-2054.650999999999,CLOSED
8948bcc4-9247-494d-bde0-62d7c6c89662,SENSEX_RESISTANCE_REJECTION_5M_ITM,SENSEX74800PE,1,20,2026-09-16 11:01:00,647.59695,2026-09-16 11:39:48,688.75,TRAILING_STOP,549.9075,866.95,823.0610000000001,72.45,750.6110000000001,CLOSED
3243871f-790d-4df5-9851-b2204727c40c,SENSEX_ORB_BEARISH_1M_ATM,SENSEX74200PE,1,20,2026-09-16 11:27:00,342.59225,2026-09-16 12:16:43,273.8,STOP_LOSS,273.8,492.25,-1375.8449999999993,58.01,-1433.8549999999993,CLOSED
509c35ab-4999-4d50-8259-a1add2621b9f,SENSEX_ORB_BEARISH_5M_ITM,SENSEX74800PE,1,20,2026-09-16 11:27:00,716.4157,2026-09-16 12:17:53,608.345,STOP_LOSS,608.345,935.7,-2161.4139999999998,70.77000000000001,-2232.1839999999997,CLOSED
a1542520-f50f-4c8d-9242-fd4ecded77ab,SENSEX_HEIKIN_ASHI_BEARISH_1M_ATM,SENSEX74200PE,1,20,2026-09-16 11:31:00,333.73339999999996,2026-09-16 12:19:12,266.71999999999997,STOP_LOSS,266.71999999999997,483.4,-1340.2679999999998,57.72,-1397.9879999999998,CLOSED
50fa5b6e-16f7-430a-9880-cdf224e0ca22,BANKNIFTY_HEIKIN_ASHI_BEARISH_1M_ATM,BANKNIFTY56000PE,1,30,2026-09-16 11:31:00,535.1846499999999,2026-09-16 13:31:00,517.1,TIME_EXIT,427.72,714.65,-542.5394999999969,76.27,-618.8094999999969,CLOSED
d6536770-9ef2-49ff-9b40-2f457a433c1a,NIFTY_HEIKIN_ASHI_BEARISH_1M_ATM,NIFTY23200PE,1,65,2026-09-16 11:31:00,157.40724999999998,2026-09-16 13:31:00,152.0,TIME_EXIT,125.80000000000001,217.25,-351.47124999999846,65.72,-417.1912499999985,CLOSED
b7ef950f-93c3-453d-b306-a68b2c518e0b,BANKNIFTY_VWAP_BB_LIQUIDITY_REBOUND_CE,BANKNIFTY55900CE,1,30,2026-09-16 11:39:00,822.9721499999999,2026-09-16 13:39:00,843.8,TIME_EXIT,657.72,1002.15,624.8355000000004,93.97999999999999,530.8555000000003,CLOSED
b6ba769e-5806-4442-86eb-797483b0dbfc,SENSEX_OI_LONG_UNWINDING_PE,SENSEX74200PE,1,20,2026-09-16 11:52:00,333.2328999999999,2026-09-16 12:19:12,266.32,STOP_LOSS,266.32,482.9,-1338.2579999999984,57.709999999999994,-1395.9679999999985,CLOSED
cb7242b0-da25-478d-b9cf-be32f8bb5e02,NIFTY_ORB_BEARISH_5M_ITM,NIFTY23300PE,1,65,2026-09-16 12:23:00,197.74755,2026-09-16 14:23:00,203.1,TIME_EXIT,158.04000000000002,287.55,347.90925000000027,71.57,276.3392500000003,CLOSED
d6b80e77-ff2e-4f19-a499-d802bc3a656b,BANKNIFTY_RESISTANCE_REJECTION_5M_ITM,BANKNIFTY56000PE,1,30,2026-09-16 12:23:00,528.8282999999999,2026-09-16 14:23:00,538.9,TIME_EXIT,422.64,708.3,302.15100000000234,77.13,225.02100000000235,CLOSED
2e55f8fb-f119-46e1-bbd6-ecb07b0ef767,NIFTY_RESISTANCE_REJECTION_5M_ITM,NIFTY23250PE,1,65,2026-09-16 12:28:00,177.72754999999998,2026-09-16 14:28:00,178.9,TIME_EXIT,142.04000000000002,267.55,76.2092500000017,68.78,7.429250000001701,CLOSED
577d7462-3bc4-4453-b79c-484e06617069,NIFTY_HEIKIN_ASHI_BEARISH_5M_ITM,NIFTY23250PE,1,65,2026-09-16 12:36:00,175.82565,2026-09-16 14:36:00,182.0,TIME_EXIT,140.52,265.65,401.33275000000026,69.0,332.33275000000026,CLOSED
9af5728f-9ca9-44a4-8740-15f62be92893,BANKNIFTY_HEIKIN_ASHI_BEARISH_5M_ITM,BANKNIFTY56000PE,1,30,2026-09-16 12:36:00,530.8302999999999,2026-09-16 14:36:00,538.95,TIME_EXIT,424.24,710.3,243.5910000000058,77.15,166.4410000000058,CLOSED
378ab184-531f-4a85-92ae-520534adc982,BANKNIFTY_GAMMA_WALL_BREAKOUT_PE,BANKNIFTY56000PE,1,30,2026-09-16 13:30:00,518.0675499999999,2026-09-16 14:57:09,414.03999999999996,STOP_LOSS,414.03999999999996,697.55,-3120.8264999999974,71.67,-3192.4964999999975,CLOSED
da16fff6-2626-496f-8580-f2d299e5cc6a,SENSEX_BB_SQUEEZE_EXPLOSION_CE,SENSEX73700CE,1,20,2026-09-16 13:46:00,684.1334499999999,2026-09-16 13:56:41,684.1334499999999,TRAILING_STOP,580.9325,903.45,0.0,72.61,-72.61,CLOSED
daa1301e-0e74-4c69-bbb7-1dc9b68459cd,BANKNIFTY_VWAP_BB_LIQUIDITY_REBOUND_CE,BANKNIFTY55900CE,1,30,2026-09-16 14:20:00,811.8109999999999,2026-09-16 15:00:26,943.2,TRAILING_STOP,648.8000000000001,991.0,3941.6700000000037,98.03999999999999,3843.6300000000037,CLOSED
195d147c-1782-4cd9-8eb8-18870864b7df,SENSEX_OI_LONG_UNWINDING_PE,SENSEX74300PE,1,20,2026-09-17 09:25:00,210.20999999999998,2026-09-17 09:57:08,168.0,STOP_LOSS,168.0,360.0,-844.1999999999996,53.82,-898.0199999999996,CLOSED
5a46f0d2-cb86-4e0d-8fa0-67d1f5bfde07,NIFTY_HEIKIN_ASHI_BEARISH_1M_ATM,NIFTY23250PE,1,65,2026-09-17 09:25:00,134.73459999999997,2026-09-17 11:25:00,121.65,TIME_EXIT,107.68,194.6,-850.4989999999977,62.28,-912.7789999999977,CLOSED
2ff9b175-07c3-482d-bc84-38e8a3fe9836,SENSEX_OI_SHORT_SQUEEZE_CE,SENSEX74300CE,1,20,2026-09-17 09:31:00,212.56234999999998,2026-09-17 09:57:53,239.75,TRAILING_STOP,169.88,362.35,543.7530000000004,55.86,487.89300000000037,CLOSED
55c774b5-c6a7-421c-b2a9-edb2f64a393c,BANKNIFTY_RESISTANCE_REJECTION_5M_ITM,BANKNIFTY56300PE,1,30,2026-09-17 09:43:00,533.98345,2026-09-17 11:42:58,533.98345,TRAILING_STOP,426.76000000000005,713.45,0.0,76.97999999999999,-76.97999999999999,CLOSED
87b4fd7f-5ff4-4bd5-9c77-0b18a8363261,NIFTY_RESISTANCE_REJECTION_5M_ITM,NIFTY23350PE,1,65,2026-09-17 09:43:00,189.4893,2026-09-17 10:13:39,151.44000000000003,STOP_LOSS,151.44000000000003,279.3,-2473.2044999999976,66.59,-2539.7944999999977,CLOSED
6cc700cf-1d54-49e4-9f90-ee1df21f4fb6,BANKNIFTY_ORB_BEARISH_1M_ATM,BANKNIFTY56300PE,1,30,2026-09-17 09:44:00,530.1796499999999,2026-09-17 11:42:58,530.1796499999999,TRAILING_STOP,423.72,709.65,0.0,76.77000000000001,-76.77000000000001,CLOSED
39cf2614-4e6e-45da-b7a4-eab0c5adc1eb,BANKNIFTY_ORB_BEARISH_5M_ITM,BANKNIFTY56300PE,1,30,2026-09-17 09:44:00,530.1796499999999,2026-09-17 11:42:58,530.1796499999999,TRAILING_STOP,423.72,709.65,0.0,76.77000000000001,-76.77000000000001,CLOSED
08fb3dea-31e7-4936-991c-bb0f1d15b2cc,SENSEX_HEIKIN_ASHI_BEARISH_5M_ITM,SENSEX74900PE,1,20,2026-09-17 09:51:00,639.3387,2026-09-17 09:57:08,542.895,STOP_LOSS,542.895,858.7,-1928.8740000000007,68.23,-1997.1040000000007,CLOSED
a63cefe0-112c-4d8c-95ba-497abbf01ba3,BANKNIFTY_HEIKIN_ASHI_BEARISH_5M_ITM,BANKNIFTY56300PE,1,30,2026-09-17 09:51:00,530.53,2026-09-17 11:42:58,530.53,TRAILING_STOP,424.0,710.0,0.0,76.8,-76.8,CLOSED
86778e9b-0833-43bd-9ffb-bb2bf6a95ac3,SENSEX_OI_SHORT_SQUEEZE_CE,SENSEX74300CE,1,20,2026-09-17 10:03:00,217.26704999999998,2026-09-17 10:09:18,287.65,TRAILING_STOP,173.64000000000001,367.05,1407.6589999999999,57.26,1350.399,CLOSED
39e53012-88a6-451e-a58f-c8fd02534c54,SENSEX_HEIKIN_ASHI_BEARISH_5M_ITM,SENSEX74900PE,1,20,2026-09-17 10:06:00,621.2206,2026-09-17 10:07:04,527.51,STOP_LOSS,527.51,840.6,-1874.212,67.64,-1941.852,CLOSED
ff1a632f-a578-466f-a587-0d807b7423fd,SENSEX_RESISTANCE_REJECTION_5M_ITM,SENSEX74900PE,1,20,2026-09-17 10:09:00,634.5338999999999,2026-09-17 10:12:17,538.8149999999999,STOP_LOSS,538.8149999999999,853.9,-1914.3779999999992,68.08,-1982.4579999999992,CLOSED
914cb935-6b5a-4296-8066-bcec61f284e4,SENSEX_OI_LONG_UNWINDING_PE,SENSEX74300PE,1,20,2026-09-17 10:10:00,203.15294999999998,2026-09-17 10:12:17,162.36,STOP_LOSS,162.36,352.95,-815.8589999999992,53.59,-869.4489999999993,CLOSED
9fb97ddf-6fb7-4cfc-998c-c08aaaff9386,NIFTY_ORB_BULLISH_1M_ATM,NIFTY23250CE,1,65,2026-09-17 10:13:00,136.48635,2026-09-17 11:51:40,136.48635,TRAILING_STOP,109.08,196.35,0.0,63.7,-63.7,CLOSED
f4957121-566d-4970-891f-6d32969a07cc,BANKNIFTY_MACD_BEARISH_1M_ATM,BANKNIFTY56300PE,1,30,2026-09-17 10:16:00,531.531,2026-09-17 11:42:58,531.531,TRAILING_STOP,424.8,711.0,0.0,76.87,-76.87,CLOSED
53f6860c-c5e9-4a81-bc83-58711a69fc84,NIFTY_HEIKIN_ASHI_BEARISH_5M_ITM,NIFTY23350PE,1,65,2026-09-17 10:26:00,183.73354999999998,2026-09-17 11:52:39,146.84,STOP_LOSS,146.84,273.55,-2398.0807499999983,65.99000000000001,-2464.070749999998,CLOSED
3e16807b-136c-4ef1-b301-e7408f265662,SENSEX_RESISTANCE_REJECTION_5M_ITM,SENSEX74900PE,1,20,2026-09-17 10:30:00,624.6740499999999,2026-09-17 10:35:07,530.4425,STOP_LOSS,530.4425,844.05,-1884.6309999999971,67.75999999999999,-1952.3909999999971,CLOSED
ededb4d7-105d-4e31-82c5-28ce62a6ccf6,NIFTY_VWAP_POC_PULLBACK_CE,NIFTY23200CE,1,65,2026-09-17 10:42:00,173.37319999999997,2026-09-17 11:52:33,173.37319999999997,TRAILING_STOP,138.56,233.2,0.0,68.15,-68.15,CLOSED
7cece775-6289-4dfe-9eaa-da94d2f1b5c2,BANKNIFTY_GAMMA_WALL_BREAKOUT_PE,BANKNIFTY56300PE,1,30,2026-09-17 11:02:00,503.7031999999999,2026-09-17 11:24:54,552.15,TRAILING_STOP,402.56,683.2,1453.4040000000016,77.33,1376.0740000000017,CLOSED
c16a8ae9-6aa5-40d0-9976-866b0f4a7e27,NIFTY_SUPERTREND_CMF_BEARISH_PE,NIFTY23350PE,1,65,2026-09-17 11:18:00,178.02784999999997,2026-09-17 11:56:31,142.28,STOP_LOSS,142.28,237.85,-2323.610249999998,65.42,-2389.030249999998,CLOSED
1aff1874-10cb-4445-adc4-ba7c905cfce4,BANKNIFTY_VWAP_BB_LIQUIDITY_REBOUND_CE,BANKNIFTY56100CE,1,30,2026-09-17 11:18:00,682.6819999999999,2026-09-17 11:57:51,714.55,TRAILING_STOP,545.6,862.0,956.0400000000016,86.61,869.4300000000015,CLOSED
6b94bee7-836a-4a58-976e-5305b2183a9b,SENSEX_HEIKIN_ASHI_BEARISH_1M_ATM,SENSEX74300PE,1,20,2026-09-17 11:18:00,173.92374999999998,2026-09-17 11:42:35,139.0,STOP_LOSS,139.0,323.75,-698.4749999999997,52.67,-751.1449999999996,CLOSED
38b976b9-b055-4b53-862b-5db2666e260d,BANKNIFTY_HEIKIN_ASHI_BEARISH_1M_ATM,BANKNIFTY56100PE,1,30,2026-09-17 11:18:00,468.26779999999997,2026-09-17 12:07:09,374.24,STOP_LOSS,374.24,647.8,-2820.833999999999,69.32,-2890.153999999999,CLOSED
99be6f24-6e76-4835-aa23-19c5feb8f6bd,BANKNIFTY_DUAL_SUPERTREND_BB_PE,BANKNIFTY56100PE,1,30,2026-09-17 11:18:00,468.26779999999997,2026-09-17 12:07:09,374.24,STOP_LOSS,374.24,647.8,-2820.833999999999,69.32,-2890.153999999999,CLOSED
d32ecf26-8c04-4859-bf9f-186e4f102a57,SENSEX_MACD_BEARISH_1M_ATM,SENSEX74300PE,1,20,2026-09-17 11:31:00,179.97979999999998,2026-09-17 11:42:11,143.84,STOP_LOSS,143.84,329.8,-722.7959999999996,52.870000000000005,-775.6659999999996,CLOSED
baa0faac-26e5-412d-9965-e1b6033e2481,NIFTY_HEIKIN_ASHI_BEARISH_1M_ATM,NIFTY23250PE,1,65,2026-09-17 11:34:00,121.82169999999999,2026-09-17 11:56:31,97.36000000000001,STOP_LOSS,97.36000000000001,181.7,-1590.0104999999987,59.68000000000001,-1649.6904999999988,CLOSED
d04fe164-1a0b-4b61-aa84-2b3ccca0b34c,NIFTY_MACD_BEARISH_1M_ATM,NIFTY23250PE,1,65,2026-09-17 11:46:00,121.27114999999999,2026-09-17 11:57:06,96.92000000000002,STOP_LOSS,96.92000000000002,181.15,-1582.8247499999984,59.63,-1642.4547499999985,CLOSED
aca16423-b528-45f6-a618-ce7f6bf8ba49,SENSEX_HEIKIN_ASHI_BEARISH_1M_ATM,SENSEX74300PE,1,20,2026-09-17 11:49:00,134.5344,2026-09-17 11:52:06,134.5344,TRAILING_STOP,107.52000000000001,284.4,0.0,52.19,-52.19,CLOSED
a34aff6e-12de-4a26-a649-ee58e5f93da7,NIFTY_SUPERTREND_CMF_BEARISH_PE,NIFTY23350PE,1,65,2026-09-17 12:04:00,139.13899999999998,2026-09-17 12:04:21,161.85,TRAILING_STOP,111.2,199.0,1476.2150000000008,66.1,1410.115000000001,CLOSED
622a318f-4b00-4054-9306-2b8bffb4330c,NIFTY_ORB_BULLISH_1M_ATM,NIFTY23350CE,1,65,2026-09-17 12:08:00,129.72959999999998,2026-09-17 12:23:14,129.72959999999998,TRAILING_STOP,103.68,189.6,0.0,62.86,-62.86,CLOSED
dd24960c-9708-4f68-8c40-3624f25a255e,SENSEX_BB_SQUEEZE_EXPLOSION_CE,SENSEX74000CE,1,20,2026-09-17 12:11:00,653.0523999999999,2026-09-17 12:23:42,653.0523999999999,TRAILING_STOP,554.54,872.4,0.0,71.47,-71.47,CLOSED
875b8fb1-03db-4ca7-b6ea-60fea9746244,NIFTY_SUPERTREND_CMF_BULLISH_CE,NIFTY23250CE,1,65,2026-09-17 12:50:00,185.53534999999997,2026-09-17 13:39:29,148.28,STOP_LOSS,148.28,245.35,-2421.5977499999976,66.19,-2487.7877499999977,CLOSED
bd37a7ff-24ec-45ca-b9ac-fa695413be93,BANKNIFTY_HEIKIN_ASHI_BEARISH_5M_ITM,BANKNIFTY56300PE,1,30,2026-09-17 12:56:00,444.44399999999996,2026-09-17 13:43:42,529.0,TRAILING_STOP,355.20000000000005,624.0,2536.680000000001,75.57,2461.110000000001,CLOSED
aeef8b42-a721-48c3-aa4b-d15d5ac67f84,NIFTY_HEIKIN_ASHI_BEARISH_5M_ITM,NIFTY23450PE,1,65,2026-09-17 12:56:00,167.7676,2026-09-17 13:53:01,213.05,TRAILING_STOP,134.08,257.6,2943.3560000000016,71.63,2871.7260000000015,CLOSED
dbca660e-45cd-4550-8738-1aad92e90f86,BANKNIFTY_RESISTANCE_REJECTION_5M_ITM,BANKNIFTY56300PE,1,30,2026-09-17 13:04:00,455.4549999999999,2026-09-17 13:42:18,544.0,TRAILING_STOP,364.0,635.0,2656.350000000002,76.36,2579.990000000002,CLOSED
b2961b3f-061b-4c40-a008-a1a06ff52531,BANKNIFTY_HEIKIN_ASHI_BEARISH_1M_ATM,BANKNIFTY56300PE,1,30,2026-09-17 13:16:00,463.01255,2026-09-17 13:42:18,544.0,TRAILING_STOP,370.04,642.55,2429.6235000000006,76.47,2353.153500000001,CLOSED
0542e971-7bbc-4c90-911c-684014267a2c,NIFTY_RESISTANCE_REJECTION_5M_ITM,NIFTY23450PE,1,65,2026-09-17 13:29:00,180.4803,2026-09-17 13:41:32,215.95,TRAILING_STOP,144.24,270.3,2305.5304999999994,72.27,2233.2604999999994,CLOSED
545c8f63-478b-4c47-8205-ab246a03c7e9,BANKNIFTY_DUAL_SUPERTREND_BB_PE,BANKNIFTY56100PE,1,30,2026-09-17 13:39:00,485.68519999999995,2026-09-17 15:15:00,443.0,EOD_SQUARE_OFF,388.16,665.2,-1280.5559999999987,72.47,-1353.0259999999987,CLOSED
102b2488-aa4c-4f35-92b6-aef01adc6391,BANKNIFTY_VWAP_BB_LIQUIDITY_REBOUND_CE,BANKNIFTY56100CE,1,30,2026-09-17 13:41:00,677.42675,2026-09-17 15:15:00,692.9,EOD_SQUARE_OFF,541.4,856.75,464.1975000000002,85.63,378.5675000000002,CLOSED
912c3741-d1f9-4e46-99d7-fe8863c3ab4b,SENSEX_MACD_BEARISH_1M_ATM,SENSEX74400PE,1,20,2026-09-17 13:46:00,172.72254999999998,2026-09-17 15:03:22,138.04000000000002,STOP_LOSS,138.04000000000002,322.55,-693.6509999999993,52.629999999999995,-746.2809999999993,CLOSED
3f16835f-d9ce-4656-8d4b-ad6cc8b07a50,NIFTY_MACD_BEARISH_1M_ATM,NIFTY23250PE,1,65,2026-09-17 13:46:00,109.40929999999999,2026-09-17 15:15:00,102.1,EOD_SQUARE_OFF,87.44,169.3,-475.1044999999996,59.75,-534.8544999999996,CLOSED
b2521606-bc71-4bf9-838f-b7c4c13542b0,BANKNIFTY_GAMMA_WALL_BREAKOUT_PE,BANKNIFTY56100PE,1,30,2026-09-17 15:10:00,443.3929499999999,2026-09-17 15:15:00,443.0,EOD_SQUARE_OFF,354.36,622.95,-11.788499999997839,71.91,-83.69849999999784,CLOSED
d50fea52-3cf1-4ecc-b84c-09b63cb0cd4b,BANKNIFTY_ORB_BEARISH_5M_ITM,BANKNIFTY56100PE,1,30,2026-09-17 15:29:00,460.20974999999993,2026-09-17 15:29:02,459.75,EOD_SQUARE_OFF,367.8,639.75,-13.792499999997858,72.83,-86.62249999999786,CLOSED
556dbe3b-d47e-44f9-a358-196e72b302e4,BANKNIFTY_ORB_BEARISH_1M_ATM,BANKNIFTY56100PE,1,30,2026-09-17 15:29:00,460.20974999999993,2026-09-17 15:29:02,457.8,EOD_SQUARE_OFF,367.8,639.75,-72.29249999999752,72.75,-145.04249999999752,CLOSED
7b8a1859-953a-429a-af1b-b755ca027630,NIFTY_VWAP_POC_PULLBACK_CE,NIFTY23250CE,1,65,2026-09-18 09:25:00,158.65849999999998,2026-09-18 11:25:00,140.4,TIME_EXIT,126.80000000000001,218.5,-1186.802499999998,64.7,-1251.502499999998,CLOSED
ecaaea53-94c7-4bde-a8e6-fc439a8608d4,SENSEX_OI_SHORT_SQUEEZE_CE,SENSEX74500CE,1,20,2026-09-18 09:25:00,523.5229999999999,2026-09-18 10:40:58,444.55,STOP_LOSS,444.55,743.0,-1579.459999999998,64.42,-1643.879999999998,CLOSED
36eb0fa7-75c4-489a-a249-1d3b96796150,BANKNIFTY_DUAL_SUPERTREND_BB_CE,BANKNIFTY56200CE,1,30,2026-09-18 09:25:00,651.2005499999999,2026-09-18 11:25:00,601.3,TIME_EXIT,520.4399999999999,830.55,-1497.0164999999986,81.4,-1578.4164999999987,CLOSED
d836b0dc-065f-41cf-ae13-d271b508d823,BANKNIFTY_GAMMA_WALL_BREAKOUT_PE,BANKNIFTY56200PE,1,30,2026-09-18 09:25:00,443.7433,2026-09-18 09:38:22,443.7433,TRAILING_STOP,354.64000000000004,623.3,0.0,71.93,-71.93,CLOSED
68457086-cdce-4d29-b230-be17bc04e285,SENSEX_HEIKIN_ASHI_BEARISH_1M_ATM,SENSEX74500PE,1,20,2026-09-18 09:25:00,434.0836499999999,2026-09-18 09:35:20,465.95,TRAILING_STOP,346.92,583.65,637.3270000000014,64.24000000000001,573.0870000000014,CLOSED
ef8ee218-0aab-47b6-a532-c6b6e8d99c98,SENSEX_OI_LONG_UNWINDING_PE,SENSEX74400PE,1,20,2026-09-18 09:31:00,431.2308,2026-09-18 11:31:00,394.85,TIME_EXIT,344.64000000000004,580.8,-727.6159999999993,62.21,-789.8259999999993,CLOSED
fb5a0ffb-f8d7-4022-91f5-4a7dcbe014bc,BANKNIFTY_HEIKIN_ASHI_BEARISH_5M_ITM,BANKNIFTY56200PE,1,30,2026-09-18 09:36:00,466.06559999999996,2026-09-18 11:36:00,465.6,TIME_EXIT,372.48,645.6,-13.967999999998142,73.16,-87.12799999999814,CLOSED
300f9312-7349-480a-9688-4f6ba2a060f5,NIFTY_HEIKIN_ASHI_BEARISH_5M_ITM,NIFTY23450PE,1,65,2026-09-18 09:36:00,189.93974999999998,2026-09-18 11:36:00,182.0,TIME_EXIT,151.8,279.75,-516.0837499999984,69.41,-585.4937499999984,CLOSED
9861abc2-35b4-42dc-af17-8046f0112d2d,BANKNIFTY_ORB_BEARISH_5M_ITM,BANKNIFTY56200PE,1,30,2026-09-18 09:37:00,470.6201499999999,2026-09-18 11:37:00,461.6,TIME_EXIT,376.12,650.15,-270.6044999999966,73.05,-343.65449999999663,CLOSED
5e5427c0-3451-4291-ad13-c39887917cb0,BANKNIFTY_ORB_BEARISH_1M_ATM,BANKNIFTY56200PE,1,30,2026-09-18 09:37:00,470.6201499999999,2026-09-18 11:37:00,461.6,TIME_EXIT,376.12,650.15,-270.6044999999966,73.05,-343.65449999999663,CLOSED
cf68e6d5-7128-45b6-be33-5a024646d020,SENSEX_RESISTANCE_REJECTION_5M_ITM,SENSEX74600PE,1,20,2026-09-18 09:38:00,531.1806499999999,2026-09-18 11:38:00,494.15,TIME_EXIT,451.05249999999995,750.65,-740.6129999999985,65.89,-806.5029999999985,CLOSED
f2ad321d-2a5e-405a-8e71-6a3c9a535f48,SENSEX_HEIKIN_ASHI_BEARISH_5M_ITM,SENSEX74600PE,1,20,2026-09-18 09:41:00,534.7842499999999,2026-09-18 11:41:00,491.15,TIME_EXIT,454.1125,754.25,-872.684999999999,65.84,-938.5249999999991,CLOSED
c757f454-70aa-4859-b8f0-48f2513d23d4,NIFTY_RESISTANCE_REJECTION_5M_ITM,NIFTY23450PE,1,65,2026-09-18 09:41:00,196.6965,2026-09-18 11:41:00,180.45,TIME_EXIT,157.20000000000002,286.5,-1056.0224999999998,69.47,-1125.4924999999998,CLOSED
40ef9842-91f3-4c61-974c-1e5a5bd13a6e,BANKNIFTY_RESISTANCE_REJECTION_5M_ITM,BANKNIFTY56200PE,1,30,2026-09-18 09:48:00,471.07059999999996,2026-09-18 11:48:00,462.65,TIME_EXIT,376.48,650.6,-252.61799999999937,73.1,-325.7179999999994,CLOSED
e95b4e4a-44a1-44fd-8eaf-b6374dc398db,SENSEX_ORB_BEARISH_5M_ITM,SENSEX74700PE,1,20,2026-09-18 10:09:00,572.62205,2026-09-18 12:09:00,548.0,TIME_EXIT,486.24249999999995,792.05,-492.4409999999989,67.78,-560.2209999999989,CLOSED
4acd801a-651b-4084-aa5f-dd2cc852304c,SENSEX_ORB_BEARISH_1M_ATM,SENSEX74400PE,1,20,2026-09-18 10:09:00,423.87344999999993,2026-09-18 12:09:00,398.85,TIME_EXIT,338.76,573.45,-500.46899999999823,62.24,-562.7089999999982,CLOSED
b2d21d69-5159-4486-9edc-161f3dfa7853,BANKNIFTY_HEIKIN_ASHI_BEARISH_1M_ATM,BANKNIFTY56200PE,1,30,2026-09-18 10:46:00,443.99354999999997,2026-09-18 11:35:20,443.99354999999997,TRAILING_STOP,354.84000000000003,623.55,0.0,71.96,-71.96,CLOSED
ab99f477-6864-4c6b-9d83-1bc3e80e489e,SENSEX_OI_SHORT_SQUEEZE_CE,SENSEX74500CE,1,20,2026-09-18 10:47:00,476.32584999999995,2026-09-18 12:47:00,436.85,TIME_EXIT,404.4725,695.85,-789.5169999999985,63.8,-853.3169999999984,CLOSED
aaf09d67-a411-48d6-89e9-c94bda572223,NIFTY_SUPERTREND_CMF_BULLISH_CE,NIFTY23200CE,1,65,2026-09-18 11:01:00,175.27509999999998,2026-09-18 12:44:44,175.27509999999998,TRAILING_STOP,140.08,235.1,0.0,68.37,-68.37,CLOSED
7e34e03a-21e5-4251-b798-66478f022d09,SENSEX_HEIKIN_ASHI_BEARISH_1M_ATM,SENSEX74400PE,1,20,2026-09-18 11:01:00,411.91149999999993,2026-09-18 13:01:00,418.5,TIME_EXIT,329.20000000000005,561.5,131.77000000000135,62.709999999999994,69.06000000000135,CLOSED
0fe86c4e-67d9-4efe-9ff4-4005cac8e611,NIFTY_HEIKIN_ASHI_BEARISH_1M_ATM,NIFTY23300PE,1,65,2026-09-18 11:01:00,98.99889999999999,2026-09-18 13:01:00,103.8,TIME_EXIT,79.12,158.9,312.07150000000036,59.61,252.46150000000034,CLOSED
24bb4061-5e93-4e2b-9c4f-7886881e29c9,BANKNIFTY_VWAP_BB_LIQUIDITY_REBOUND_CE,BANKNIFTY56100CE,1,30,2026-09-18 11:08:00,658.80815,2026-09-18 12:01:58,658.80815,TRAILING_STOP,526.52,838.15,0.0,83.93,-83.93,CLOSED
2993c5f3-d7a0-4fe2-84a2-276adfe0db4c,SENSEX_MACD_BEARISH_1M_ATM,SENSEX74400PE,1,20,2026-09-18 11:16:00,410.0596499999999,2026-09-18 13:06:38,327.72,STOP_LOSS,327.72,559.65,-1646.7929999999978,60.12,-1706.9129999999977,CLOSED
f896f1b4-a019-4e7e-8029-4b80b464fd75,NIFTY_MACD_BEARISH_1M_ATM,NIFTY23300PE,1,65,2026-09-18 11:16:00,98.7987,2026-09-18 13:16:00,99.05,TIME_EXIT,78.96000000000001,158.7,16.334500000000034,59.17,-42.83549999999997,CLOSED
37e148e2-111f-4fb6-93a6-f2f996b228da,BANKNIFTY_MACD_BEARISH_1M_ATM,BANKNIFTY56100PE,1,30,2026-09-18 11:31:00,409.8093999999999,2026-09-18 12:30:01,409.8093999999999,TRAILING_STOP,327.52,589.4,0.0,70.06,-70.06,CLOSED
ec4517d0-388f-41ec-b646-4dd2d1de203f,SENSEX_OI_LONG_UNWINDING_PE,SENSEX74400PE,1,20,2026-09-18 11:31:00,395.14474999999993,2026-09-18 12:00:15,395.14474999999993,TRAILING_STOP,315.8,544.75,0.0,61.900000000000006,-61.900000000000006,CLOSED
a698b3dd-892c-494e-aeb6-8812c56817a1,NIFTY_RESISTANCE_REJECTION_5M_ITM,NIFTY23450PE,1,65,2026-09-18 11:46:00,181.38119999999998,2026-09-18 13:46:00,170.85,TIME_EXIT,144.96,271.2,-684.527999999999,68.14,-752.667999999999,CLOSED
aeded246-91d9-4b30-b5e4-f63bf0af7e36,SENSEX_RESISTANCE_REJECTION_5M_ITM,SENSEX74600PE,1,20,2026-09-18 11:53:00,505.40489999999994,2026-09-18 12:55:07,429.16499999999996,STOP_LOSS,429.16499999999996,724.9,-1524.7979999999995,63.83,-1588.6279999999995,CLOSED
29625afb-865f-48ec-9c21-40679cf0ef0b,BANKNIFTY_RESISTANCE_REJECTION_5M_ITM,BANKNIFTY56100PE,1,30,2026-09-18 12:00:00,386.98659999999995,2026-09-18 12:01:57,386.98659999999995,TRAILING_STOP,309.28000000000003,566.6,0.0,68.78,-68.78,CLOSED
983b249f-4ff9-4013-bd5c-1fe061018a00,NIFTY_HEIKIN_ASHI_BEARISH_5M_ITM,NIFTY23400PE,1,65,2026-09-18 12:01:00,159.00884999999997,2026-09-18 12:58:32,127.08,STOP_LOSS,127.08,248.85,-2075.375249999998,63.47,-2138.8452499999976,CLOSED
f2bed36e-e928-4f72-98d5-661fbedeb87a,SENSEX_HEIKIN_ASHI_BEARISH_5M_ITM,SENSEX74600PE,1,20,2026-09-18 12:01:00,519.66915,2026-09-18 12:36:27,441.2775,STOP_LOSS,441.2775,739.15,-1567.8329999999994,64.31,-1632.1429999999993,CLOSED
09c74be4-0866-42e6-aa46-434020d5674a,BANKNIFTY_HEIKIN_ASHI_BEARISH_5M_ITM,BANKNIFTY56100PE,1,30,2026-09-18 12:11:00,425.77535,2026-09-18 12:42:40,340.28000000000003,STOP_LOSS,340.28000000000003,605.35,-2564.8604999999993,67.31,-2632.1704999999993,CLOSED
2ed807b9-5855-49a2-bff2-178a3c7c630e,BANKNIFTY_HEIKIN_ASHI_BEARISH_1M_ATM,BANKNIFTY56100PE,1,30,2026-09-18 12:16:00,425.02459999999996,2026-09-18 12:42:40,339.68000000000006,STOP_LOSS,339.68000000000006,604.6,-2560.337999999997,67.27,-2627.607999999997,CLOSED
390df688-ef1b-4a0e-a282-f5f22d847a68,SENSEX_ORB_BEARISH_1M_ATM,SENSEX74400PE,1,20,2026-09-18 12:30:00,418.66824999999994,2026-09-18 13:00:02,334.6,STOP_LOSS,334.6,568.25,-1681.3649999999984,60.38,-1741.7449999999985,CLOSED
c2c8c087-7f02-4006-9303-efa9abfd3640,BANKNIFTY_VWAP_BB_LIQUIDITY_REBOUND_CE,BANKNIFTY56100CE,1,30,2026-09-18 12:31:00,640.7901499999999,2026-09-18 12:31:09,671.1,TRAILING_STOP,512.12,820.15,909.2955000000029,84.21000000000001,825.0855000000029,CLOSED
cf372de6-7399-447e-996d-2eb796705016,BANKNIFTY_GAMMA_WALL_BREAKOUT_PE,BANKNIFTY56200PE,1,30,2026-09-18 12:43:00,459.30884999999995,2026-09-18 12:48:54,367.08000000000004,STOP_LOSS,367.08000000000004,638.85,-2766.865499999997,68.89,-2835.755499999997,CLOSED
6af2a1cf-414d-4c99-8974-c8ff4ea7a1c9,BANKNIFTY_ORB_BEARISH_5M_ITM,BANKNIFTY56200PE,1,30,2026-09-18 12:45:00,462.41194999999993,2026-09-18 12:48:54,369.56,STOP_LOSS,369.56,641.95,-2785.558499999998,69.04,-2854.598499999998,CLOSED
caa10166-cbb3-4381-8c92-25edd7251b4a,BANKNIFTY_ORB_BEARISH_1M_ATM,BANKNIFTY56100PE,1,30,2026-09-18 12:45:00,421.17074999999994,2026-09-18 12:45:30,336.6,STOP_LOSS,336.6,600.75,-2537.1224999999977,67.11,-2604.232499999998,CLOSED
cde22faa-e212-4df4-8a3c-bf9c1b1ff224,SENSEX_BB_SQUEEZE_EXPLOSION_CE,SENSEX74400CE,1,20,2026-09-18 13:41:00,532.38185,2026-09-18 14:41:45,582.2,TRAILING_STOP,452.0725,751.85,996.3630000000012,68.39,927.9730000000012,CLOSED
38979116-d15f-46ab-a633-9a8d4dd085a3,NIFTY_VWAP_POC_PULLBACK_CE,NIFTY23250CE,1,65,2026-09-18 13:42:00,149.49934999999996,2026-09-18 14:39:47,167.55,TRAILING_STOP,119.48,209.35,1173.2922500000032,66.92,1106.372250000003,CLOSED
