order_id,symbol,qty,entry_price,entry_time,exit_price,exit_time,exit_reason,realized_pnl,strategy
f484cd5b-bbab-4746-80c1-1179cc8d7fd2,BANKNIFTY57000PE,1,600.04944999999997889972291886806488037109375,2026-09-02 06:16:00+00,562.799999999999954525264911353588104248046875,2026-09-02 08:16:00.792941+00,TIME_EXIT,-1117.48350000000073123374022543430328369140625,BANKNIFTY_HEIKIN_ASHI_BEARISH_1M_ATM
39d88b98-465c-4487-896c-7fb0f7aeb6de,NIFTY23850PE,1,126.1259999999999905639924691058695316314697265625,2026-09-02 05:46:00+00,100.80000000000001136868377216160297393798828125,2026-09-02 07:13:45.648202+00,STOP_LOSS,-1646.18999999999869032762944698333740234375,NIFTY_HEIKIN_ASHI_BEARISH_1M_ATM
c9395687-3241-4d4f-9fc4-cff15771191b,SENSEX76300PE,1,237.68744999999995570760802365839481353759765625,2026-09-02 05:46:00+00,189.960000000000007958078640513122081756591796875,2026-09-02 06:59:36.113794+00,STOP_LOSS,-954.5489999999989549905876629054546356201171875,SENSEX_HEIKIN_ASHI_BEARISH_1M_ATM
d0fd3d74-9685-4f7c-8eaf-14aba98c240b,BANKNIFTY57000PE,1,600.2496499999998604835127480328083038330078125,2026-09-02 04:16:00+00,599.450000000000045474735088646411895751953125,2026-09-02 06:16:01.265503+00,TIME_EXIT,-23.989499999994450263329781591892242431640625,BANKNIFTY_HEIKIN_ASHI_BEARISH_1M_ATM
a5a12951-39ed-4097-ac40-10070586e239,NIFTY23850PE,1,128.4783499999999776264303363859653472900390625,2026-09-02 04:16:00+00,102.68000000000000682121026329696178436279296875,2026-09-02 05:00:16.942269+00,STOP_LOSS,-1676.8927499999981591827236115932464599609375,NIFTY_HEIKIN_ASHI_BEARISH_1M_ATM
59efd99c-dbc4-499b-83df-717a041fa024,SENSEX76300PE,1,244.94469999999995479811332188546657562255859375,2026-09-02 04:16:00+00,195.759999999999990905052982270717620849609375,2026-09-02 04:50:29.785808+00,STOP_LOSS,-983.693999999999277861206792294979095458984375,SENSEX_HEIKIN_ASHI_BEARISH_1M_ATM
46ccb66e-bcb8-477b-9988-dd6acb0df82c,SENSEX76900PE,1,248.448199999999957299223751761019229888916015625,2026-09-01 07:46:00+00,398.19999999999998863131622783839702606201171875,2026-09-01 08:39:37.531166+00,TAKE_PROFIT,2995.03600000000051295501179993152618408203125,SENSEX_HEIKIN_ASHI_BEARISH_1M_ATM
736c6cfb-8ef3-4a21-90ac-df51eb6f5ad6,SENSEX77000PE,1,270.52024999999997589839040301740169525146484375,2026-09-01 08:01:00+00,420.25,2026-09-01 08:34:12.069551+00,TAKE_PROFIT,2994.5950000000002546585164964199066162109375,SENSEX_MACD_BEARISH_1M_ATM
1bd09779-76a4-4e5a-9b6b-c278b78b558e,BANKNIFTY57500PE,1,584.083499999999958163243718445301055908203125,2026-09-01 07:46:00+00,599.083499999999958163243718445301055908203125,2026-09-01 08:00:43.443197+00,TRAILING_STOP,450,BANKNIFTY_MACD_BEARISH_1M_ATM
5825703f-170c-4c14-a58e-00a302494280,BANKNIFTY57500PE,1,584.083499999999958163243718445301055908203125,2026-09-01 07:46:00+00,599.083499999999958163243718445301055908203125,2026-09-01 08:00:43.443197+00,TRAILING_STOP,450,BANKNIFTY_HEIKIN_ASHI_BEARISH_1M_ATM
7e55243e-28bf-4c7c-9850-62115048be60,NIFTY24050PE,1,33.98395000000000010231815394945442676544189453125,2026-09-01 07:46:00+00,27.16000000000000369482222595252096652984619140625,2026-09-01 07:49:17.071164+00,STOP_LOSS,-443.55674999999973806552588939666748046875,NIFTY_MACD_BEARISH_1M_ATM
f8863976-ed41-4478-8267-6b8aad551147,BANKNIFTY57400PE,1,595.54494999999997162376530468463897705078125,2026-09-01 04:16:00+00,475.9600000000000363797880709171295166015625,2026-09-01 05:43:03.672602+00,STOP_LOSS,-3587.5484999999980573193170130252838134765625,BANKNIFTY_HEIKIN_ASHI_BEARISH_1M_ATM
f6aa8abb-c5c9-4ac6-bcc4-4c028c1fe6e5,NIFTY24050PE,1,37.18714999999999548663254245184361934661865234375,2026-09-01 04:46:00+00,29.719999999999998863131622783839702606201171875,2026-09-01 04:59:02.625874+00,STOP_LOSS,-485.36474999999978763298713602125644683837890625,NIFTY_MACD_BEARISH_1M_ATM
855ebcb4-8acc-459b-9e94-f6dd2b442e95,SENSEX76800PE,1,257.05680000000000973159330897033214569091796875,2026-09-01 04:31:00+00,205.440000000000026147972675971686840057373046875,2026-09-01 04:52:31.253991+00,STOP_LOSS,-1032.33599999999978535925038158893585205078125,SENSEX_HEIKIN_ASHI_BEARISH_1M_ATM
a0263328-c4ae-4bd3-9462-fc4a6f151579,SENSEX76800PE,1,257.05680000000000973159330897033214569091796875,2026-09-01 04:31:00+00,205.440000000000026147972675971686840057373046875,2026-09-01 04:52:31.253991+00,STOP_LOSS,-1032.33599999999978535925038158893585205078125,SENSEX_MACD_BEARISH_1M_ATM
8441cb10-28da-4baf-9e68-c7ad35b5ba0f,BANKNIFTY57300PE,1,557.5569999999999026840669102966785430908203125,2026-08-31 09:01:00+00,557.5569999999999026840669102966785430908203125,2026-08-31 15:47:20.687705+00,EOD_SQUARE_OFF,0,BANKNIFTY_MACD_BEARISH_1M_ATM
ad9d3293-a996-4620-8957-70bc04bf3d5e,BANKNIFTY57200PE,1,573.9733999999999696228769607841968536376953125,2026-08-31 05:26:00+00,489.05000000000001136868377216160297393798828125,2026-08-31 07:26:00.824253+00,TIME_EXIT,-2547.70199999999886131263338029384613037109375,BANKNIFTY_HEIKIN_ASHI_BEARISH_1M_ATM
8cb8350c-2de8-441d-ae7c-cd7e38f80adf,BANKNIFTY57300PE,1,578.2776999999999816282070241868495941162109375,2026-08-31 04:31:00+00,608.2776999999999816282070241868495941162109375,2026-08-31 05:23:57.357346+00,TRAILING_STOP,900,BANKNIFTY_HEIKIN_ASHI_BEARISH_1M_ATM
8faf5767-ef27-47c3-9550-c623718275c7,BANKNIFTY57300PE,1,595.4448499999999739884515292942523956298828125,2026-08-31 04:46:00+00,595.4448499999999739884515292942523956298828125,2026-08-31 04:58:21.01173+00,TRAILING_STOP,0,BANKNIFTY_MACD_BEARISH_1M_ATM
1bbe4209-24c7-44e7-ad8a-b766b78486cd,SENSEX76900PE,1,312.51219999999995025063981302082538604736328125,2026-08-31 04:36:00+00,327.51219999999995025063981302082538604736328125,2026-08-31 04:57:52.542028+00,TRAILING_STOP,300,SENSEX_HEIKIN_ASHI_BEARISH_1M_ATM
16bd4770-f3e0-4190-b837-cb426354ffc0,SENSEX76900PE,1,317.11679999999995516191120259463787078857421875,2026-08-31 04:16:00+00,317.11679999999995516191120259463787078857421875,2026-08-31 04:35:19.048811+00,TRAILING_STOP,0,SENSEX_HEIKIN_ASHI_BEARISH_1M_ATM
75ac79c2-59a4-4633-beff-f8dd386b6a74,SENSEX76900PE,1,317.11679999999995516191120259463787078857421875,2026-08-31 04:16:00+00,317.11679999999995516191120259463787078857421875,2026-08-31 04:35:19.048811+00,TRAILING_STOP,0,SENSEX_MACD_BEARISH_1M_ATM
a80fa56d-792b-48cb-b199-d53c9894e2af,NIFTY24050PE,1,69.8197499999999990905052982270717620849609375,2026-08-31 04:16:00+00,69.8197499999999990905052982270717620849609375,2026-08-31 04:30:17.394302+00,TRAILING_STOP,0,NIFTY_MACD_BEARISH_1M_ATM
